# callgrind format
version: 1
creator: callgrind-3.22.0
pid: 74951
cmd:  ./perf_mixed
part: 1


desc: I1 cache: 
desc: D1 cache: 
desc: LL cache: 

desc: Timerange: Basic block 0 - 1403903374
desc: Trigger: Program termination

positions: line
events: Ir
summary: 5044661547


ob=(8) /home/konrad/Documents/ast2ast/development/perf_mixed
fl=(233) /usr/include/c++/13/bits/shared_ptr_base.h
fn=(1478) std::_Sp_counted_ptr_inplace<etr::SubsetView<etr::Buffer<etr::Double, etr::LBufferTrait>, 2ul, etr::SubsetViewTrait>, std::allocator<void>, (__gnu_cxx::_Lock_policy)2>::_M_dispose()
611 10000
fi=(231) /usr/include/c++/13/variant
-98 5000
fe=(233)
+98 5000
fi=(231)
493 10000
1813 10000
fi=(229) /usr/include/c++/13/optional
317 10000
fe=(233)
614 10000
fi=(221) /usr/include/c++/13/bits/stl_vector.h
1606 5000
1935 10000
+4 5000
370 5000
+19 10000
-19 5000
fi=(222) /usr/include/c++/13/bits/new_allocator.h
172 5000
cob=(4) ???
cfi=(175) ???
cfn=(1358) 0x000000000010a1d0
calls=5000 0 
* 870000
* 5000
fe=(233)

fn=(1492) std::_Sp_counted_ptr_inplace<etr::SubsetView<etr::Buffer<etr::Double, etr::LBufferTrait>, 2ul, etr::SubsetViewTrait>, std::allocator<void>, (__gnu_cxx::_Lock_policy)2>::_M_destroy()
618 5000
fi=(222)
172 10000
cob=(4)
cfi=(175)
cfn=(1358)
calls=5000 0 
* 475000
fe=(233)

fl=(226) /home/konrad/Documents/ast2ast/development/../inst/include/etr_bits/./Core/Types.hpp
fn=(1398) void etr::ass<etr::string_literal<30ul>{std::array<char, 30ul>{char [30]{(char)83, (char)105, (char)122, (char)101, (char)32, (char)104, (char)97, (char)115, (char)32, (char)116, (char)111, (char)32, (char)98, (char)101, (char)32, (char)108, (char)97, (char)114, (char)103, (char)101, (char)114, (char)32, (char)116, (char)104, (char)97, (char)110, (char)32, (char)48, (char)33}}}>(bool)
97 2
+2 6

fl=(227) /home/konrad/Documents/ast2ast/development/../inst/include/etr_bits/./Core/ArrayClass.hpp
fn=(1504) etr::Array<etr::Integer, etr::Buffer<etr::Integer, etr::LBufferTrait> >::~Array()
13 6
fi=(221)
370 2
+19 4
-19 4
fi=(222)
172 2
cob=(4)
cfi=(175)
cfn=(1358)
calls=2 0 
* 190
fi=(218) /home/konrad/Documents/ast2ast/development/../inst/include/etr_bits/./Core/Buffer.hpp
294 4
+1 4
cob=(4)
cfi=(175)
cfn=(1458) 0x000000000010a1f0
calls=1 0 
* 95
+1 4
cob=(4)
cfi=(175)
cfn=(1458)
calls=1 0 
* 95
-2 4
+1 8
cob=(4)
cfi=(175)
cfn=(1458)
calls=2 0 
* 190
+1 6
fe=(227)
13 2
fi=(218)
296 2
cob=(4)
cfi=(175)
cfn=(1458)
calls=2 0 
* 190
fe=(227)

fn=(1400) etr::Array<etr::Integer, etr::Buffer<etr::Integer, etr::LBufferTrait> >::Array(etr::SI const&)
74 2
fi=(218)
288 1
fe=(227)
74 5
fi=(218)
288 3
fi=(226)
99 4
fi=(218)
310 7
-1 2
+2 1
-2 2
+2 4
cob=(4)
cfi=(175)
cfn=(1334) 0x000000000010a150
calls=1 0 
* 211
+1 1
-1 1
+1 1
cob=(4)
cfi=(175)
cfn=(1334)
calls=1 0 
* 214
+59 2
-59 2
fi=(219) /usr/include/c++/13/bits/stl_algobase.h
930 3
+1 2
cob=(4)
cfi=(175)
cfn=(1348) 0x000000000010a190
calls=1 0 
* 45
-1 2
+1 4
cob=(4)
cfi=(175)
cfn=(1348)
calls=1 0 
* 21
fe=(227)
74 1
fi=(218)
288 1
+26 1
-26 3
fi=(226)
99 2
fi=(218)
310 7
-1 2
+2 1
-2 2
+2 4
cob=(4)
cfi=(175)
cfn=(1334)
calls=1 0 
* 211
* 1
+1 2
cob=(4)
cfi=(175)
cfn=(1334)
calls=1 0 
* 214
+59 2
-59 2
fi=(219)
930 3
+1 2
cob=(4)
cfi=(175)
cfn=(1348)
calls=1 0 
* 45
-1 2
+1 4
cob=(4)
cfi=(175)
cfn=(1348)
calls=1 0 
* 21
fi=(218)
314 1
fi=(221)
100 1
fi=(222)
+51 1
fi=(221)
-51 2
fi=(222)
+51 1
cob=(4)
cfi=(175)
cfn=(1354) 0x000000000010a1c0
calls=1 0 
* 62
fi=(219)
931 1
fi=(221)
400 1
-2 1
+2 1
fi=(219)
931 1
fi=(221)
1706 1
fe=(227)
74 6

fn=(1496) etr::Array<etr::Double, etr::Buffer<etr::Double, etr::LBufferTrait> >::~Array()
13 6
fi=(221)
370 2
+19 4
-19 4
fi=(222)
172 2
cob=(4)
cfi=(175)
cfn=(1358)
calls=2 0 
* 190
fi=(218)
294 4
+1 4
cob=(4)
cfi=(175)
cfn=(1458)
calls=1 0 
* 190
+1 4
cob=(4)
cfi=(175)
cfn=(1458)
calls=1 0 
* 223
-2 4
+1 8
cob=(4)
cfi=(175)
cfn=(1458)
calls=2 0 
* 380
+1 6
fe=(227)
13 2
fi=(218)
296 2
cob=(4)
cfi=(175)
cfn=(1458)
calls=2 0 
* 473
fe=(227)

fn=(1408) etr::Array<etr::Double, etr::Buffer<etr::Double, etr::LBufferTrait> >::Array(etr::SI const&)
74 2
fi=(218)
288 1
fe=(227)
74 5
fi=(218)
288 3
fi=(226)
99 4
fi=(218)
310 7
-1 2
+2 1
-2 1
+2 1
-2 1
+2 3
cob=(4)
cfi=(175)
cfn=(1334)
calls=1 0 
* 206
+1 1
-1 1
+1 1
cob=(4)
cfi=(175)
cfn=(1334)
calls=1 0 
* 201
+59 2
-59 2
fi=(219)
930 3
+1 2
cob=(4)
cfi=(175)
cfn=(1348)
calls=1 0 
* 76851
-1 2
+1 4
cob=(4)
cfi=(175)
cfn=(1348)
calls=1 0 
* 9623
fe=(227)
74 1
fi=(218)
288 1
+26 1
-26 3
fi=(226)
99 2
fi=(218)
310 7
-1 2
+2 1
-2 1
+2 1
-2 1
+2 3
cob=(4)
cfi=(175)
cfn=(1334)
calls=1 0 
* 355
* 1
+1 2
cob=(4)
cfi=(175)
cfn=(1334)
calls=1 0 
* 201
+59 2
-59 2
fi=(219)
930 3
+1 2
cob=(4)
cfi=(175)
cfn=(1348)
calls=1 0 
* 76851
-1 2
+1 4
cob=(4)
cfi=(175)
cfn=(1348)
calls=1 0 
* 9623
fi=(218)
314 1
fi=(221)
100 1
fi=(222)
+51 1
fi=(221)
-51 2
fi=(222)
+51 1
cob=(4)
cfi=(175)
cfn=(1354)
calls=1 0 
* 204
fi=(219)
931 1
fi=(221)
400 1
-2 1
+2 1
fi=(219)
931 1
fi=(221)
1706 1
fe=(227)
74 6

fl=(217) /home/konrad/Documents/ast2ast/development/perf_mixed.cpp
fn=(1332) main
7 2
fi=(218)
311 1
fe=(217)
7 6
fi=(218)
309 1
fe=(217)
7 3
fi=(218)
309 1
+2 1
cob=(4)
cfi=(175)
cfn=(1334)
calls=1 0 
* 1014
+1 1
-1 2
+1 1
cob=(4)
cfi=(175)
cfn=(1334)
calls=1 0 
* 201
fi=(219)
931 3
fi=(218)
312 2
fi=(219)
931 1
cob=(4)
cfi=(175)
cfn=(1348)
calls=1 0 
* 80019
* 4
cob=(4)
cfi=(175)
cfn=(1348)
calls=1 0 
* 10019
fi=(221)
100 1
fi=(222)
+51 1
fi=(218)
314 1
fi=(221)
100 4
fi=(222)
+51 1
cob=(4)
cfi=(175)
cfn=(1354)
calls=1 0 
* 210
fi=(219)
437 1
fi=(218)
-50 2
fi=(222)
151 1
fi=(218)
387 1
fi=(219)
+50 1
fi=(218)
-50 1
cob=(4)
cfi=(175)
cfn=(1348)
calls=1 0 
* 80019
+1 4
cob=(4)
cfi=(175)
cfn=(1348)
calls=1 0 
* 10019
fi=(222)
151 2
cob=(4)
cfi=(175)
cfn=(1354)
calls=1 0 
* 210
fi=(219)
437 1
fi=(222)
172 2
fi=(221)
400 1
-2 1
fi=(219)
+39 1
fi=(221)
-37 1
605 1
fi=(222)
172 1
cob=(4)
cfi=(175)
cfn=(1358)
calls=1 0 
* 1529
fi=(223) /usr/include/c++/13/bits/move.h
+26 1
fi=(218)
+55 1
fi=(223)
-55 2
fi=(227)
-91 4
fi=(218)
253 1
fi=(221)
100 1
fi=(223)
+99 1
fi=(218)
409 1
253 2
fi=(221)
100 1
fi=(223)
+99 1
-1 1
+1 1
fi=(227)
-92 1
cfi=(224) /usr/include/c++/13/bits/vector.tcc
cfn=(1380) std::vector<unsigned long, std::allocator<unsigned long> >::operator=(std::vector<unsigned long, std::allocator<unsigned long> > const&) [clone .isra.0]
calls=1 213 
* 121
fi=(221)
738 5
cfn=(1390) std::_Vector_base<unsigned long, std::allocator<unsigned long> >::~_Vector_base()
calls=1 367 
* 103
fi=(218)
455 2
cfn=(1392) etr::SoABuffer<etr::Double, etr::RBufferTrait>::~SoABuffer()
calls=1 293 
* 4
238 2
+71 1
+2 1
-23 2
+21 1
+2 1
cob=(4)
cfi=(175)
cfn=(1334)
calls=1 0 
* 211
+1 1
-1 2
+1 1
cob=(4)
cfi=(175)
cfn=(1334)
calls=1 0 
* 214
fi=(219)
931 2
fi=(218)
312 1
fi=(219)
931 2
fi=(218)
312 1
fi=(219)
931 1
fi=(221)
100 1
fi=(219)
931 2
fi=(221)
100 1
fi=(219)
931 54
fi=(218)
314 1
fi=(219)
931 99
fi=(221)
100 1
fi=(222)
+51 1
fi=(221)
-51 4
fi=(222)
+51 1
cob=(4)
cfi=(175)
cfn=(1354)
calls=1 0 
* 62
fi=(219)
398 1
fi=(222)
151 1
fi=(252) /home/konrad/Documents/ast2ast/development/../inst/include/etr_bits/Allocation.hpp
-8 2
fi=(218)
387 1
+1 1
-1 1
fi=(252)
147 1
-3 2
fi=(218)
387 97
+1 97
-1 97
fi=(252)
147 97
-3 194
fi=(222)
+7 2
cob=(4)
cfi=(175)
cfn=(1354)
calls=1 0 
* 204
fi=(219)
398 1
fi=(222)
172 2
fi=(221)
400 1
-2 2
+2 1
605 1
fi=(222)
172 1
cob=(4)
cfi=(175)
cfn=(1358)
calls=1 0 
* 95
fi=(223)
+26 1
fi=(218)
+55 1
fi=(227)
107 1
fi=(223)
+91 1
fi=(227)
-91 1
fi=(218)
253 1
fi=(227)
107 1
fi=(223)
+91 1
fi=(221)
-98 1
fi=(223)
+99 1
fi=(218)
409 1
253 2
fi=(221)
100 1
fi=(223)
+99 1
-1 1
+1 1
fi=(227)
-92 1
cfi=(224)
cfn=(1380)
calls=1 213 
* 104
fi=(221)
738 2
cfn=(1390)
calls=1 367 
* 103
fi=(218)
495 2
cfn=(1394) etr::SoABuffer<etr::Integer, etr::RBufferTrait>::~SoABuffer()
calls=1 293 
* 4
238 3
fi=(226)
+69 2
-1 1
+1 2
cfn=(1398)
calls=1 97 
* 4
fe=(217)
18 5
cfi=(227)
cfn=(1400)
calls=1 +56 
* 1153
fi=(218)
238 2
fi=(226)
+68 1
+1 2
cfn=(1398)
calls=1 97 
* 4
fe=(217)
23 3
cfi=(227)
cfn=(1408)
calls=1 +51 
* 174224
+2 1
-2 6
fi=(228) /home/konrad/Documents/ast2ast/development/../inst/include/etr_bits/Subsetting/PreservingSubsetting.hpp
538 5
cfn=(1416) std::variant<etr::out_L, etr::StridedResult<2> > etr::create_indices<etr::Array<etr::Double, etr::Buffer<etr::Double, etr::LBufferTrait> >, etr::Array<etr::Integer, etr::Buffer<etr::Integer, etr::LBufferTrait> >, etr::Array<etr::Integer, etr::Buffer<etr::Integer, etr::LBufferTrait> > >(etr::Array<etr::Double, etr::Buffer<etr::Double, etr::LBufferTrait> > const&, etr::Array<etr::Integer, etr::Buffer<etr::Integer, etr::LBufferTrait> > const&, etr::Array<etr::Integer, etr::Buffer<etr::Integer, etr::LBufferTrait> > const&)
calls=1 424 
* 662866
* 24995
cfn=(1416)
calls=4999 424 
* 3309347998
fi=(231)
-25 5000
1855 10000
-42 5000
224 5000
fi=(229)
120 5000
fi=(226)
263 5000
fi=(231)
-39 5000
1813 5000
fi=(221)
106 5000
fi=(231)
636 5000
fi=(218)
253 5000
fi=(221)
106 5000
fi=(218)
253 5000
fi=(221)
106 5000
+1 5000
fi=(218)
253 5000
fi=(221)
107 5000
fi=(218)
-85 5000
253 5000
22 5000
fi=(221)
+85 5000
-1 5000
+1 5000
fi=(233)
1463 5000
fi=(222)
151 5000
fi=(229)
-31 5000
fi=(226)
+23 5000
fi=(233)
1463 5000
fi=(222)
151 5000
cob=(4)
cfi=(175)
cfn=(1354)
calls=5000 0 
* 325000
* 5000
fi=(233)
-21 5000
fi=(226)
259 5000
fi=(229)
120 5000
fi=(233)
+10 5000
600 10000
fi=(253) /usr/include/c++/13/ext/aligned_buffer.h
106 5000
fi=(226)
259 5000
+4 10000
fi=(231)
1627 5000
480 5000
1627 5000
1813 20000
fi=(221)
107 5000
+1 5000
-2 5000
+2 10000
-1 5000
fi=(218)
-85 15000
fi=(221)
+84 5000
fi=(233)
1099 5000
fi=(231)
636 5000
fi=(223)
199 5000
fi=(233)
1100 5000
-30 10000
1463 5000
fi=(226)
146 5000
+3 5000
fi=(235) /usr/include/c++/13/bits/stl_construct.h
-30 10000
fi=(229)
280 5000
fi=(226)
146 5000
fi=(229)
-26 5000
fi=(233)
908 5000
fi=(226)
153 5000
fi=(233)
1523 5000
-60 5000
1085 10000
fi=(234) /usr/include/c++/13/ext/atomicity.h
108 10000
fi=(235)
+11 5000
fi=(234)
-27 5000
fi=(233)
1091 5000
fi=(226)
163 5000
fi=(233)
1463 5000
fi=(235)
119 5000
fi=(226)
+38 5000
fi=(229)
280 5000
fi=(226)
157 5000
-16 5000
fi=(229)
-21 5000
fi=(226)
+21 5000
fi=(233)
1463 5000
1070 15000
337 5000
-3 5000
+3 15000
fi=(234)
98 10000
-14 5000
+1 10000
fi=(233)
350 10000
fi=(229)
-33 10000
fi=(226)
214 5000
fi=(231)
513 5000
1855 10000
-42 10000
fi=(218)
346 10000
+5 5000
fi=(223)
198 10000
fi=(227)
47 15000
fi=(231)
1627 5000
fi=(226)
280 5000
-66 5000
fi=(218)
385 5000
fi=(231)
1210 10000
fi=(226)
99 192080000
fi=(218)
379 144060000
+1 48020000
fi=(230) /home/konrad/Documents/ast2ast/development/../inst/include/etr_bits/./Core/Scalars.hpp
1839 192080000
fi=(226)
99 192080000
fi=(218)
387 48020000
+1 48020000
fi=(227)
47 144060000
fi=(231)
1210 96030000
fi=(226)
99 96040000
fi=(221)
993 192080000
fi=(226)
99 96040000
fi=(228)
+21 96040000
fi=(230)
1840 144060000
fi=(223)
197 5000
+2 5000
-1 5000
fi=(227)
-14 10000
fi=(223)
+14 5000
-1 5000
+1 10000
+1 5000
fi=(218)
409 5000
fi=(223)
197 5000
+1 5000
+1 5000
fi=(227)
-15 5000
cfi=(224)
cfn=(1380)
calls=5000 +29 
* 250169
fi=(233)
1070 15000
fi=(229)
317 10000
fi=(233)
1070 30000
337 5000
-3 5000
+3 15000
fi=(229)
-20 10000
fi=(221)
+53 5000
+19 10000
-19 10000
fi=(222)
172 5000
cob=(4)
cfi=(175)
cfn=(1358)
calls=5000 0 
* 475000
fi=(218)
294 10000
fi=(231)
513 5000
-20 10000
1813 10000
fi=(229)
317 10000
fe=(217)
25 10000
fi=(226)
+74 4
fe=(217)
-70 2
+1 1
-1 4
+1 1
cfi=(227)
cfn=(1496)
calls=1 -17 
* 978
* 2
cfi=(227)
cfn=(1504)
calls=1 -17 
* 505
* 2
cfi=(227)
cfn=(1504)
calls=1 -17 
* 307
* 2
cfi=(227)
cfn=(1496)
calls=1 -17 
* 530
* 12
fi=(218)
-13 10000
fi=(221)
993 15000
fi=(218)
342 10000
fi=(231)
1737 20000
fi=(221)
1606 5000
1935 10000
370 5000
+19 10000
fi=(233)
-43 10000
-3 5000
+3 5000
cfn=(1478)
calls=5000 611 
* 980000
+1 15000
cfn=(1492)
calls=5000 618 
* 490000
+1 5000
fi=(218)
238 1
387 1
fe=(217)
15 1
fi=(218)
388 2
fe=(217)
15 50002
fi=(218)
388 10000
fe=(217)
15 10000
fi=(218)
238 20001
387 1
+1 1
fe=(217)
19 1
fi=(218)
388 2
fe=(217)
19 198
+1 196
fi=(218)
238 98
fe=(217)
20 294
fi=(218)
388 98
fe=(217)
19 98
fi=(218)
238 296
fe=(217)

fl=(224)
fn=(1380)
213 10004
-3 35014
fi=(221)
993 10004
+87 10004
-87 10004
+87 5002
fe=(224)
236 10004
fi=(221)
993 14997
fe=(224)
248 9998
fi=(219)
436 9998
+1 14997
cob=(4)
cfi=(175)
cfn=(1386) 0x000000000010a220
calls=4999 0 
* 64987
fe=(224)
262 14997
+3 29994
fi=(222)
134 9
+17 6
cob=(4)
cfi=(175)
cfn=(1354)
calls=3 0 
* 192
* 3
fi=(219)
436 6
+1 8
cob=(4)
cfi=(175)
cfn=(1386)
calls=2 0 
* 26
fe=(224)
244 3
fi=(221)
389 6
fe=(224)
244 2
fi=(222)
-72 1
cob=(4)
cfi=(175)
cfn=(1358)
calls=1 0 
* 95
fe=(224)
+74 3
-1 3
+1 3
+16 3
+3 18
fi=(219)
398 3
fe=(224)

fl=(228)
fn=(1416)
424 10000
fi=(221)
100 5000
fe=(228)
424 30000
fi=(254) /usr/include/c++/13/bits/stl_iterator.h
1077 10000
fe=(228)
424 5000
fi=(254)
1337 5000
fe=(228)
424 15000
fi=(221)
100 5000
1909 5000
100 5000
1909 10000
381 15000
fi=(222)
151 15000
cob=(4)
cfi=(175)
cfn=(1354)
calls=5000 0 
* 325145
fi=(221)
1693 5000
-1 5000
fi=(222)
151 5000
fi=(221)
1693 5000
fi=(219)
436 20000
+1 75000
cob=(4)
cfi=(175)
cfn=(1386)
calls=5000 0 
* 65000
fe=(228)
-7 5000
fi=(221)
1694 5000
fe=(228)
430 15000
fi=(226)
-92 5000
fe=(228)
+96 10000
fi=(226)
-96 15000
fe=(228)
-25 5000
+1 5000
434 25000
+1 15000
fi=(226)
-98 10000
+1 5000
cfi=(228)
cfn=(1424) auto etr::fill_index_lists<2ul, etr::Array<etr::Integer, etr::Buffer<etr::Integer, etr::LBufferTrait> > const&, etr::Array<etr::Integer, etr::Buffer<etr::Integer, etr::LBufferTrait> > const&>(std::vector<unsigned long, std::allocator<unsigned long> > const&, std::array<etr::Buffer<etr::Integer, etr::LBufferTrait>, 2ul>&, std::array<std::variant<etr::Buffer<etr::Integer, etr::LBufferTrait> const*, etr::AxisStride>, 2ul>&, etr::Array<etr::Integer, etr::Buffer<etr::Integer, etr::LBufferTrait> > const&, etr::Array<etr::Integer, etr::Buffer<etr::Integer, etr::LBufferTrait> > const&)::{lambda(auto:1 const&)#1}::operator()<etr::Array<etr::Integer, etr::Buffer<etr::Integer, etr::LBufferTrait> > >(etr::Array<etr::Integer, etr::Buffer<etr::Integer, etr::LBufferTrait> > const&) const
calls=5000 -22 
* 21300287
* 15000
cfi=(228)
cfn=(1424)
calls=5000 -22 
* 15015287
fi=(221)
100 5000
fi=(222)
+51 5000
fi=(221)
-51 5000
fi=(222)
+51 5000
cob=(4)
cfi=(175)
cfn=(1354)
calls=5000 0 
* 325145
fi=(219)
931 5000
fi=(221)
400 5000
-2 5000
fi=(222)
151 5000
fi=(219)
931 5000
fi=(231)
1625 5000
fi=(221)
400 5000
1706 5000
fi=(231)
1196 10000
fe=(228)
448 5000
fi=(231)
1625 5000
fe=(228)
448 5000
fi=(231)
1196 10000
fi=(232) /usr/include/c++/13/array
94 10000
fi=(218)
294 10000
fi=(232)
94 5000
fi=(218)
294 10000
+1 40000
cob=(4)
cfi=(175)
cfn=(1458)
calls=10000 0 
* 950000
+1 40000
cob=(4)
cfi=(175)
cfn=(1458)
calls=10000 0 
* 950000
fi=(232)
94 20000
fi=(221)
370 5000
+19 10000
-19 10000
fi=(222)
172 5000
cob=(4)
cfi=(175)
cfn=(1358)
calls=5000 0 
* 475000
fe=(228)
528 60000
fi=(231)
1715 10000
fe=(228)
451 5000
+1 10000
fi=(218)
238 15000
fe=(228)
452 10000
+3 5000
+23 5000
260 5000
459 5000
260 5000
478 10000
-19 5000
fi=(231)
1190 5000
fe=(228)
478 5000
fi=(231)
1196 10000
fe=(228)
481 25000
fi=(231)
1196 10000
fe=(228)
488 10000
-7 5000
+9 10000
-9 10000
+9 10000
cfi=(218)
cfn=(1448) etr::Buffer<int, etr::LBufferTrait>::Buffer(unsigned long)
calls=5000 36 
* 193330000
+2 5000
+4 5000
fi=(218)
64 10000
fe=(228)
513 5000
-14 5000
+14 5000
-21 5000
+21 5000
fi=(221)
993 50000
fe=(228)
513 5000
-14 15000
-1 5000
+5 15000
-4 144045000
-1 48015000
+5 144045000
+1 144060000
fi=(226)
99 192080000
fe=(228)
513 96040000
-14 96040000
+14 288120000
-14 192080000
+4 144060000
+4 96040000
fi=(226)
99 192080000
fi=(218)
379 48020000
+1 96040000
-1 48020000
fi=(230)
1252 240100000
fi=(226)
99 96040000
fe=(228)
515 144060000
fi=(226)
99 192080000
fe=(228)
519 48020000
fi=(218)
66 48020000
fe=(228)
519 96040000
+1 96040000
-1 490000
+2 490000
-2 980000
+1 980000
fi=(221)
107 5000
fi=(218)
-85 5000
fi=(221)
+84 5000
+1 5000
-1 5000
+1 5000
fi=(231)
487 5000
fi=(221)
106 10000
fe=(228)
445 10000
+38 20000
+32 144045000

fn=(1432) void etr::assign_dim_entry<2ul>(std::array<std::variant<etr::Buffer<etr::Integer, etr::LBufferTrait> const*, etr::AxisStride>, 2ul>&, unsigned long&, etr::Buffer<etr::Integer, etr::LBufferTrait> const&)
61 90000
fi=(218)
238 30000
fe=(228)
38 20000
+28 10000
fi=(232)
203 10000
fe=(228)
66 5000
fi=(231)
1499 10000
+1 5000
fe=(228)
68 30000
fi=(218)
380 10000
-1 20000
fi=(226)
99 10000
fi=(218)
379 10000
fi=(226)
99 40000
fi=(229)
214 10000
fe=(228)
42 20000
fi=(226)
+57 10000
fi=(218)
379 10000
fi=(226)
99 10000
fe=(228)
-53 10000
+2 10000
-2 10000
+2 1640000
fi=(230)
1662 1635000
fi=(218)
379 545000
fi=(226)
97 545000
fi=(230)
1252 545000
fi=(226)
99 1090000
fe=(228)
-48 2185000
+13 20000
fi=(232)
203 10000
fe=(228)
64 5000
fi=(231)
1499 10000
224 5000
570 5000
224 5000
fe=(228)
68 30000
-14 20000
fi=(226)
+45 10000
fe=(228)

fn=(1424)
316 100000
+3 10000
fi=(221)
1148 10000
fi=(218)
238 10000
fi=(221)
1148 10000
fe=(228)
319 20000
fi=(218)
-81 20000
fi=(226)
99 20000
fe=(228)
325 20000
+3 40000
fi=(232)
203 10000
fe=(228)
328 10000
fi=(232)
203 20000
fi=(218)
342 20000
fe=(228)
-12 20000
+1 10000
fi=(218)
+54 10000
fi=(219)
239 10000
fi=(218)
385 20000
fi=(226)
99 3920000
fi=(218)
379 980000
fe=(228)
-48 1960000
fi=(218)
+48 980000
+1 980000
fe=(228)
-49 1960000
fi=(230)
1252 980000
fi=(226)
99 5880000
fi=(218)
387 1960000
+1 1960000
fe=(228)
-58 2940000
+5 30000
-19 70000
+19 10000
cfn=(1432)
calls=10000 61 
* 8695000
fi=(218)
-26 10000
+1 130000
+1 10000
-1 20000
+1 40000
cob=(4)
cfi=(175)
cfn=(1334)
calls=10000 0 
* 690284
+1 10000
-1 10000
+1 20000
cob=(4)
cfi=(175)
cfn=(1334)
calls=10000 0 
* 690290
+59 20000
-59 10000
fi=(219)
930 10000
fi=(218)
312 10000
+59 10000
fi=(219)
930 40000
+1 60000
cob=(4)
cfi=(175)
cfn=(1348)
calls=10000 0 
* 450000
* 40000
-1 20000
+1 60000
cob=(4)
cfi=(175)
cfn=(1348)
calls=10000 0 
* 210000
* 20000
fi=(218)
314 20000
+1 10000
fe=(228)

fl=(221)
fn=(1390)
367 2
+3 2
+19 4
-19 2
fi=(222)
172 2
fe=(221)
370 2
fi=(222)
172 2
cob=(4)
cfi=(175)
cfn=(1358)
calls=2 0 
* 190
fe=(221)

fl=(218)
fn=(1392)
293 1
+1 3

fn=(1448)
36 5000
fi=(221)
+64 5000
fe=(218)
-64 20000
fi=(221)
+64 5000
fe=(218)
-64 5000
fi=(221)
+64 5000
fi=(226)
-1 10000
fi=(221)
1909 15000
fi=(222)
151 15000
cob=(4)
cfi=(175)
cfn=(1354)
calls=5000 0 
* 985000
fi=(219)
931 10000
fi=(221)
400 5000
fi=(219)
931 10000
cob=(4)
cfi=(175)
cfn=(1348)
calls=5000 0 
* 192175000
fi=(221)
115 5000
+2 5000
-1 5000
-1 5000
+2 5000
389 10000
fe=(218)
43 5000
-7 20000

fn=(1394)
293 1
+1 3

fl=(211) ???
fn=(1524) 0x0000000000003e80
0 9
cob=(4)
cfi=(175)
cfn=(1530) 0x000000000010a140
calls=1 0 
0 134
0 1
cfn=(1540) 0x0000000000003e10
calls=1 0 
0 5
0 3

fn=(1540)
0 5

fn=(1314) 0x0000000000003ec0
0 12

fn=(1306) (below main)
0 12
cob=(2) /usr/lib/x86_64-linux-gnu/libc.so.6
cfi=(212) ./csu/../csu/libc-start.c
cfn=(1308) __libc_start_main@@GLIBC_2.34
calls=1 242 
0 5042757074

ob=(6) /usr/lib/x86_64-linux-gnu/libgcc_s.so.1
fl=(184) ???
fn=(624) 0x0000000000005b10
0 12

fn=(1684) 0x0000000000005ad0
0 9
cob=(4)
cfi=(175)
cfn=(1690) 0x0000000004ae23c0
calls=1 0 
0 134
0 1
cfn=(1694) 0x0000000000005a60
calls=1 0 
0 5
0 3

fn=(1672) 0x0000000000004940
0 5
cfn=(1674) 0x00000000000048f0
calls=1 0 
0 16
0 2
cfn=(1674)
calls=1 0 
0 16
0 3

fn=(622) __cpu_indicator_init
0 364

fn=(1694)
0 5

fn=(1674)
0 32

ob=(1) /usr/lib/x86_64-linux-gnu/ld-linux-x86-64.so.2
fl=(2) ./elf/./elf/rtld.c
fn=(238) version_check_doit
674 2
+2 1
-2 4
+2 3
cfi=(73) ./elf/./elf/dl-version.c
cfn=(240) _dl_check_all_versions
calls=1 392 
* 24901
* 2
+4 3

fn=(2) _dl_start
517 16
85 1
547 4
85 1
543 1
fi=(6) ./elf/../sysdeps/x86_64/dl-machine.h
55 1
fe=(2)
+30 1
546 1
85 1
fi=(3) ./elf/./get-dynamic-info.h
-40 1
fe=(2)
546 1
fi=(3)
45 2
+23 18
-23 72
+4 36
+3 5
-1 10
+3 20
+1 16
+1 5
fi=(4) ./elf/../sysdeps/generic/ldsodefs.h
+23 1
fi=(3)
+31 1
-38 3
+12 4
+1 3
+1 4
+1 4
+1 5
+1 3
+1 4
+1 4
+12 7
+7 2
-51 4
+64 3
+6 3
+1 3
+3 2
+1 3
+5 5
+3 5
fe=(2)
563 154
fi=(4)
79 1
fe=(2)
563 1
fi=(4)
79 2
fe=(2)
563 27
fi=(6)
287 3
fi=(5) ./elf/./elf/do-rel.h
49 1
fe=(2)
563 1
fi=(5)
50 1
-1 2
+4 1
-3 1
+3 4
+3 2
-7 1
fe=(2)
563 1
fi=(5)
50 1
-1 2
+4 1
-3 1
+3 4
+3 2
+7 3
+2 3
-2 6
fi=(6)
278 3
fi=(5)
64 6
fi=(6)
278 6
+9 24
+3 6
+1 6
+26 8
+6 2
fi=(5)
61 13
fe=(2)
563 6
fi=(5)
51 1
fi=(4)
+28 2
fi=(3)
-17 4
+2 4
fe=(2)
565 1
+13 1
cfi=(7) ./elf/./elf/dl-minimal.c
cfn=(12) __rtld_malloc_init_stubs
calls=1 42 
* 10
458 2
85 1
476 2
85 3
476 1
cfi=(8) ./elf/./elf/dl-setup_hash.c
cfn=(14) _dl_setup_hash
calls=1 25 
* 27
+2 1
+16 2
-17 1
+11 1
-10 1
+16 1
cfi=(9) ./elf/../sysdeps/unix/sysv/linux/dl-sysdep.c
cfn=(16) _dl_sysdep_start
calls=1 102 
* 1810115
* 1
+2 2
+89 9
fi=(3)
103 3
fe=(2)

fn=(66) dl_main
1346 2
197 1
1346 11
199 1
302 1
+1 1
197 1
+99 3
1357 1
cfi=(24) ./elf/../sysdeps/nptl/dl-tls_init_tp.c
cfn=(68) __tls_pre_init_tp
calls=1 53 
* 17
2749 1
2538 1
2749 2
2598 1
+2 2
+15 1
-13 2
cfi=(25) ./elf/./elf/dl-environ.c
cfn=(70) _dl_next_ld_env_entry
calls=1 28 
* 93
* 4
cfi=(25)
cfn=(70)
calls=2 28 
* 481
* 9
+4 6
-2 2
+2 6
+1 2
-1 6
+1 17
-1 89
+9 12
2727 3
1373 1
+1 2
-1 2
+1 2
2687 3
-47 2
+10 2
1637 9
cfi=(26) ./elf/./elf/dl-object.c
cfn=(72) _dl_new_object
calls=1 59 
* 210
* 1
+2 2
+1 3
+6 1
-5 2
+1 3
+4 1
cfi=(26)
cfn=(84) _dl_add_to_namespace_list
calls=1 31 
* 42
+1 2
1116 1
-1 1
1351 1
1143 1
-21 2
+21 2
-19 1
+1 1
-3 1
+21 2
+57 1
-82 1
+25 1
-3 1
+4 1
+19 1
+37 4
-56 102
+56 4
-1 4
+1 8
-1 4
+2 8
+1 1
+2 12
+1 14
+4 8
+1 8
+1 4
+4 12
-72 27
1253 2
+1 22
+6 4
cfi=(30) ./elf/./elf/dl-load.c
cfn=(88) _dl_process_pt_gnu_property
calls=1 868 
* 90
-7 26
+1 13
+6 13
-6 26
fi=(31) ./elf/../sysdeps/x86/dl-prop.h
235 4
+1 2
-87 4
fe=(2)
1148 1
-5 1
+5 2
-5 2
+30 1
-9 2
+2 1
-3 1
+10 2
+18 2
-38 2
-10 1
+10 1
+1 9
-11 2
+1 14
1247 1
1143 1
1247 2
1143 3
1266 4
+3 3
+2 3
1672 3
+2 2
-1 1
+1 1
+1 3
-2 2
cfi=(32) ./string/../sysdeps/x86_64/multiarch/../multiarch/strcmp-sse2.S
cfn=(94) strcmp
calls=1 98 
* 25
* 2
+7 1
+3 1
-5 1
+3 1
+2 1
+1 2
+4 2
+2 2
fi=(3)
39 4
+4 1
+2 1
+9 1
+1 1
-10 2
+23 28
-23 112
+4 56
+3 6
-1 12
+3 24
+1 20
fe=(2)
1243 1
1143 1
1243 1
1143 2
fi=(3)
72 4
+43 2
+7 3
+1 4
+6 3
+18 4
+5 2
+2 2
+2 2
+2 2
+1 2
+3 4
+2 3
+1 2
+9 2
+6 2
+1 3
+3 3
fe=(2)
1698 4
+7 2
cfi=(8)
cfn=(14)
calls=1 25 
* 27
+3 2
fi=(33) ./elf/./setup-vdso.h
24 2
fi=(36) ./elf/./dl-main.h
+85 2
fi=(35) ./elf/../sysdeps/unix/sysv/linux/dl-vdso-setup.h
-64 1
fi=(36)
+64 3
cfi=(30)
cfn=(106) _dl_init_paths
calls=1 706 
* 4378
fe=(2)
1733 3
cfi=(45) ./elf/./elf/dl-debug.c
cfn=(144) _dl_debug_initialize
calls=1 56 
* 34
+7 1
-5 1
-2 1
+7 1
+4 1
+1 1
+2 1
-3 3
+1 2
+3 1
+11 1
-13 1
+13 1
+1 2
+5 1
-3 2
+2 1
+1 2
+5 3
+1 5
-1 2
224 1
+1 1
-1 1
+1 3
+1 2
1788 2
+5 1
-1 1
1352 1
1793 1
+24 1
cfi=(46) ./elf/../elf/dl-tls.c
cfn=(146) _dl_count_modids
calls=1 192 
* 6
* 1
fi=(47) ./elf/../sysdeps/generic/dl-debug.h
29 4
+1 1
fe=(2)
1823 1
+1 1
cfi=(45)
cfn=(150) _dl_debug_state
calls=1 116 
* 2
+1 1
+4 3
cfi=(48) ./elf/./elf/dl-audit.c
cfn=(152) _dl_audit_activity_map
calls=1 29 
* 17
+5 3
+2 1
+2 2
+9 2
+16 4
cfi=(63) ./io/../sysdeps/unix/sysv/linux/access.c
cfn=(200) access
calls=1 25 
* 9
* 2
+76 4
+16 3
85 1
1965 1
85 2
1965 1
85 1
1965 5
85 1
1965 2
cfi=(64) ./elf/./elf/dl-deps.c
cfn=(202) _dl_map_object_deps
calls=1 143 
* 33446
92 1
+9 1
1971 1
92 2
+9 2
1971 2
+1 6
-1 4
+1 12
-1 24
+4 3
+1 2
+1 1
+2 26
+1 12
+46 1
-42 2
+8 3
+1 2
+2 1
+2 3
+2 1
-4 1
+5 1
-1 2
+14 2
+1 2
+1 3
-25 1
+36 2
+2 1
-2 1
+2 2
-2 1
+1 2
+1 1
-1 2
+1 1
cfi=(50) ./elf/./elf/dl-catch.c
cfn=(236) _dl_receive_error
calls=1 186 
* 24938
+10 1
+1 1
-1 1
+1 1
+3 2
837 1
fi=(255) ./elf/../sysdeps/unix/sysv/linux/dl-osinfo.h
39 2
fe=(2)
839 1
fi=(255)
52 1
fe=(2)
848 1
+7 1
-5 1
2047 3
2246 2
+4 1
-4 1
+10 1
-6 1
+6 1
-6 1
+9 2
+8 2
fi=(31)
36 2
+1 3
+3 3
+13 9
-13 6
+9 12
-9 1
+9 28
+4 24
-16 21
+34 1
fe=(2)
2279 1
fi=(31)
71 1
cfi=(76) ./elf/../sysdeps/x86_64/dl-cet.c
cfn=(260) _dl_cet_check
calls=1 361 
* 55
fe=(2)
2282 1
-3 2
+5 1
-2 2
+2 2
+1 6
cfi=(77) ./elf/./elf/dl-reloc.c
cfn=(262) _dl_relocate_object
calls=1 207 
* 76457
85 2
2292 1
85 2
2292 1
+1 20
+2 14
+5 14
+2 14
+6 7
+2 14
+1 48
cfi=(77)
cfn=(262)
calls=6 207 
* 1592085
+4 20
+1 6
-23 3
+23 3
cfi=(46)
cfn=(438) _dl_add_to_slotinfo
calls=3 1017 
* 84
-23 7
92 3
+1 1
2325 1
93 1
2325 1
+4 4
+2 1
+7 4
cfi=(46)
cfn=(528) _dl_allocate_tls_init
calls=1 523 
* 306
+3 2
+4 3
+2 2
+33 3
cfi=(169) ./elf/./elf/dl-call-libc-early-init.c
cfn=(552) _dl_call_libc_early_init
calls=1 27 
* 603
+7 1
cfi=(9)
cfn=(568) _dl_sysdep_start_cleanup
calls=1 147 
* 2
+3 3
cfi=(48)
cfn=(570) _dl_audit_activity_nsid
calls=1 41 
* 11
+4 2
cfi=(45)
cfn=(196) _dl_debug_update
calls=1 38 
* 7
+1 1
-1 1
+2 1
cfi=(45)
cfn=(150)
calls=1 116 
* 2
+1 1
+4 1
cfi=(67) ./elf/./elf/dl-cache.c
cfn=(572) _dl_unload_cache
calls=1 525 
* 19
+5 8
2304 1
+1 1
-3 2
226 2
-2 1
+1 1
1773 1
+6 1
-6 2
+6 1
fi=(3)
56 5
+3 4
fi=(34) ./elf/../sysdeps/unix/sysv/linux/dl-vdso.h
-19 2
+1 5
fi=(35)
-11 1
+3 1
+3 1
+3 1
fi=(34)
+16 2
fi=(3)
+17 3
+12 3
+1 5
+1 5
+1 5
+1 4
+1 5
+1 5
+1 5
+12 2
+7 1
-7 7
+7 2
fe=(2)
1743 4
2357 1
cfi=(163) ./elf/./elf/dl-find_object.c
cfn=(530) _dl_find_object_init
calls=1 561 
* 1041
+5 3
cfi=(7)
cfn=(538) __rtld_malloc_init_real
calls=1 76 
* 3003
+3 1
cfi=(167) ./elf/../sysdeps/nptl/dl-mutex.c
cfn=(546) __rtld_mutex_init
calls=1 30 
* 503
85 1
2371 1
+1 3
85 3
2372 2
cfi=(77)
cfn=(262)
calls=1 207 
* 1871
92 3
+9 3
2687 2
+2 1
+1 1
-1 1
+1 1
+1 1
2040 2
cfn=(246) init_tls
calls=1 734 
* 923
* 2
2650 2
+2 2
+1 1
fi=(3)
62 4
+2 4
fe=(2)
1943 10
85 1
1842 2
85 3
1842 2
cfn=(154) handle_preload_list
calls=1 869 
* 3084
* 1
92 3
+9 3
1943 6
+1 1
-1 1
+4 3
+1 1
+1 2
+1 2
-7 2

fn=(154)
869 11
+5 1
-5 2
+5 2
-4 3
+7 3
cfi=(49) ./string/../string/strcspn.c
cfn=(156) strcspn
calls=1 32 
* 240
* 1
+1 3
+9 1
183 1
889 2
183 2
891 2
-80 1
+5 1
-6 1
-4 1
+10 2
-6 1
+4 1
+2 2
-5 1
+1 1
+4 1
cfi=(50)
cfn=(158) _dl_catch_error
calls=1 254 
* 2754
+1 3
+8 3
+67 1
-18 2
+21 9
-15 4
cfi=(29) ./string/../sysdeps/x86_64/multiarch/memmove-vec-unaligned-erms.S
cfn=(82) memcpy
calls=1 210 
* 19
+1 2

fn=(164) map_doit
641 2
+2 1
-2 4
+2 1
+1 2
-1 2
+1 3
cfi=(30)
cfn=(166) _dl_map_object
calls=1 1967 
* 2643
* 1
+2 3

fn=(246)
734 1
+6 1
-6 3
+2 2
+4 2
+11 1
fi=(28) ./elf/../include/rtld-malloc.h
44 1
fe=(2)
746 1
+4 1
fi=(28)
44 1
cfi=(27) ./elf/./elf/dl-minimal-malloc.c
cfn=(74) __minimal_calloc
calls=1 +36 
* 41
fe=(2)
761 1
-12 1
+6 1
-9 1
+11 1
+4 1
+2 3
-1 2
+3 14
+4 3
+2 3
-2 6
-5 3
-1 6
+10 3
+3 2
cfi=(46)
cfn=(248) _dl_tls_static_surplus_init
calls=1 97 
* 86
+3 1
cfi=(46)
cfn=(250) _dl_determine_tlsoffset
calls=1 216 
* 147
+7 1
cfi=(46)
cfn=(252) _dl_allocate_tls_storage
calls=1 417 
* 470
* 1
+1 2
+6 1
fi=(74) ./elf/../sysdeps/generic/dl-call_tls_init_tp.h
31 2
fe=(2)
793 1
fi=(74)
31 6
+2 1
cfi=(24)
cfn=(256) __tls_init_tp
calls=1 +35 
* 79
fe=(2)
800 1
-3 1
+3 4
-36 4
-1 9

fl=(63)
fn=(200)
25 1
+2 7
+4 1

fl=(8)
fn=(14)
25 7
+3 7
-3 7
+3 14
+3 21
+1 14
+2 7
-1 7
+3 21
+1 7
+1 14
+7 7
-5 7
-2 7
+3 14
+2 7
+2 14
+5 7

fl=(186) ./elf/../sysdeps/x86_64/dl-trampoline.h
fn=(642) _dl_runtime_resolve_xsave
71 66
+5 66
+3 66
+2 66
+10 66
+6 66
+1 66
+1 66
+1 66
+1 66
+1 66
+1 66
+4 66
+1 66
+3 66
+1 66
+2 66
+1 66
+1 66
+1 66
+1 66
+1 66
+2 66
+7 66
+1 66
+1 66
cfi=(187) ./elf/./elf/dl-runtime.c
cfn=(644) _dl_fixup
calls=66 -84 
* 52639
+1 66
+5 66
+1 66
+1 66
+2 66
+1 66
+1 66
+1 66
+1 66
+1 66
+1 66
+2 66
+2 66
+4 66
+2 66

fl=(163)
fn=(534) _dlfo_process_initial
474 2
+3 2
-3 6
+1 2
+3 4
+26 14
+1 6
+1 14
-1 28
+3 52
+3 48
-7 10
+27 2
-2 2
+2 6
-18 36
+3 12
-1 12
cfi=(164) ./elf/./dl-find_object.h
cfn=(532) _dl_find_object_from_map
calls=6 95 
* 373
+2 24

fn=(536) _dlfo_sort_mappings
536 1
+1 2
+3 4
+4 1
+1 1
-1 1
+1 2
-1 4
+1 4
-1 4
+1 18
+1 75
+3 5
-1 5
-3 45
+8 15
+1 10
-1 5
-13 10
+14 15
+1 10
-15 10
+17 1

fn=(530)
561 2
+3 1
-3 3
+5 2
+13 1
cfn=(534)
calls=1 474 
* 129
+1 1
-1 1
+1 1
fi=(28)
56 1
cfi=(27)
cfn=(78) __minimal_malloc
calls=1 -20 
* 30
fe=(163)
580 1
fi=(28)
56 1
fe=(163)
582 2
+3 2
+5 1
+1 1
cfn=(534)
calls=1 474 
* 526
+3 3
+10 4
-37 2
cfi=(164)
cfn=(532)
calls=1 95 
* 68
* 1
+29 2
cfn=(536)
calls=1 -60 
* 248
+3 6
+2 1

fl=(78) ./elf/./elf/dl-lookup.c
fn=(270) _dl_lookup_symbol_x
772 11310
+3 1885
-3 5655
+3 1885
-3 7540
fi=(79) ./elf/../sysdeps/generic/dl-new-hash.h
74 1885
+3 3770
-8 1885
+1 3770
+10 1885
+1 3770
-1 37998
+1 75996
+20 38943
-2 38943
+6 38943
-3 77886
+2 38943
-30 38943
+3 77886
fe=(78)
774 1885
+1 1885
+3 1885
-4 1885
+1 1885
+7 7502
+5 1885
-2 1885
+2 1885
-2 1885
+6 26470
+1 26390
cfn=(274) do_lookup_x
calls=1885 347 
* 671323
* 5655
+28 1885
-23 5655
+23 1885
-23 3770
+24 11198
+7 1869
-7 1869
+35 7476
+34 7476
-20 5607
+3 3738
-57 1885
+76 16965
fi=(79)
87 940
+1 940
+1 1880
+1 940
fe=(78)
871 2
-72 96
+18 48
+11 64

fn=(276) check_match
70 28125
+3 11240
+13 1870
-13 1870
+13 1870
-13 1870
+13 5610
+3 4084
cfi=(32)
cfn=(94)
calls=86 +9 
* 4991
* 172
+4 1870
+1 3740
+2 3734
+19 3734
+1 14936
+2 2
+43 1868
+1 15000
-18 6
+2 6
+1 3
-1 6
+1 9
-1 6
+4 2
+1 7
+2 3
-75 4
+39 5598
cfi=(32)
cfn=(94)
calls=1866 -19 
* 48876
* 3732
-44 20
+5 10

fn=(274)
347 16965
+1 1885
-1 7540
+6 1885
-6 1885
+65 1885
-58 1885
+11 1885
+50 1885
-3 3770
+3 3770
-50 1885
+50 7540
-19 18054
+8 6018
-4 6018
+1 6018
+3 24072
+1 12036
+3 6018
-3 6018
+4 12036
+4 12036
-2 6018
+5 24072
+3 42126
+99 12453
358 12040
+3 12040
+4 12056
+21 12036
+4 12036
+71 14944
fi=(4)
139 3736
+1 5604
fe=(78)
476 3736
fi=(4)
139 2
+1 3
fe=(78)
476 2
fi=(80) ./elf/../sysdeps/generic/dl-protected.h
29 7476
fe=(78)
483 9888
+16 3574
+1 1787
+22 1787
-21 1787
+21 12591
-21 82
+21 574
-99 5739
-1 3826
+2 3826
+2 1906
+6 7624
-6 1906
+6 13342
+7 8691
-10 23825
+2 1875
+1 5625
-1 1875
+1 3750
-1 1875
+1 1875
+1 1875
-1 1875
+1 1875
-1 13125
cfn=(276)
calls=1875 70 
* 164874
+4 5625
+3 14
+31 305
+2 2
+50 16
-1 16
+1 112
222 82
+2 82
-2 246
+2 82
-2 82
+2 82
-2 82
+2 246
+2 82
-2 246
cfi=(24)
cfn=(86) rtld_mutex_dummy
calls=82 42 
* 246
+2 82
+2 82
-1 82
+1 246
+2 162
+1 81
-1 567
+1 81
-1 162
+1 162
-1 162
+1 162
-1 1640
+24 352
+3 95
+1 285
-23 176
-1 352
487 3675
+4 1
fi=(28)
44 4
cfi=(27)
cfn=(74)
calls=1 +36 
* 41
* 1
fe=(78)
302 2
-72 1
+70 2
+5 1
+2 1
-7 1
+6 1
+1 1
170 12
+1 9
311 6
-1 2
+1 486
-1 162
+19 246
+2 82
-2 328
+2 82
cfi=(24)
cfn=(86)
calls=82 42 
* 246
+2 164
+1 82
-1 82
+1 82
176 518
-2 84
+1 252
-3 332
+7 82
+1 82
+1 82
+1 82
318 328
-56 1377
+7 10
cfi=(52) ./elf/./elf/dl-misc.c
cfn=(524) _dl_higher_prime_number
calls=2 87 
* 159
fi=(28)
44 2
fe=(78)
269 2
fi=(28)
44 4
cfi=(27)
cfn=(74)
calls=2 +36 
* 82
* 2
fe=(78)
272 4
171 4
279 2
171 4
279 296
+1 276
+1 140
170 70
281 140
170 70
281 70
170 70
+1 70
-1 70
+1 210
+1 440
+2 14
+1 42
-3 168
+7 70
+3 70
-2 70
+3 70
+76 322
-83 12
285 10
+2 2
-2 10
cfi=(27)
cfn=(138) __minimal_free
calls=2 97 
* 10
170 2
288 2
-2 2
+3 4
-1 2
+1 4
170 4
+1 2
-1 2
+1 8

fl=(43) ./string/../sysdeps/x86_64/multiarch/../multiarch/memset-vec-unaligned-erms.S
fn=(130) memset
132 12
+1 60
+5 12
+1 12
+3 5
+1 5
+2 1
+1 1
+1 1
+97 4
+1 4
+12 4
+3 4
+1 4
+12 4
+1 4
+13 4
+1 4
+2 4
+3 3
+3 6
+3 3
+1 3
+1 3
+1 3
+1 3
+1 3
+1 3
-6 90
+1 90
+1 90
+1 90
+1 90
+1 90
+1 90
+3 4
+1 4
+1 4
+1 4
+5 4
+34 7
+2 7
+1 7
+39 7
+1 7
+2 7

fl=(71) ./malloc/./malloc/scratch_buffer_set_array_size.c
fn=(228) __libc_scratch_buffer_set_array_size
30 65
+4 5
+1 10
+10 10
+18 5
-17 5
+17 25

fl=(66) ./io/../sysdeps/unix/sysv/linux/fstatat64.c
fn=(212) fstatat
146 18
-55 18
+70 21
+1 3
-2 12
+1 12

fl=(49)
fn=(156)
32 6
+1 3
+1 2
+5 6
+1 4
+1 4
+1 4
+2 1
+3 3
+1 2
-1 6
+1 4
+3 4
+1 4
+1 4
+1 4
+2 3
+6 1
-1 1
+1 1
+2 2
-1 2
+2 1
+2 6
-5 11
-1 11
+1 11
+2 22
-1 22
+2 11
+2 66
+2 1
+1 3
+1 2
-1 1
+1 1

fl=(46)
fn=(224) _dl_assign_tls_modid
125 3
+16 3
-13 3
-3 9
+3 3
+55 3
-2 3
+5 3
+1 6

fn=(146)
192 1
+2 2
+1 1
+15 2

fn=(248)
97 2
+3 1
-3 3
+3 1
-3 1
+3 1
-3 1
+3 1
-3 1
+3 1
cfi=(11) ./elf/./elf/dl-tunables.c
cfn=(28) __tunable_get_val
calls=1 387 
* 23
* 1
+1 4
cfi=(11)
cfn=(28)
calls=1 387 
* 23
+1 1
+2 1
-3 1
+1 2
+2 3
+3 1
+2 1
-26 3
+28 3
+1 6

fn=(438)
1017 24
+9 3
-9 3
+6 3
+4 3
+4 9
+34 6
+3 6
+1 9
+3 18

fn=(250)
216 9
+6 4
+3 2
+36 3
+2 1
-2 1
-2 1
-40 1
-1 1
-1 1
+46 2
+23 9
+3 3
-3 15
+2 6
+6 3
-33 6
+20 3
-20 15
+2 6
+3 3
-1 3
+5 6
-5 3
+1 3
-1 3
+3 6
+2 9
+32 2
-1 1
+53 1
-52 5
+2 2
+51 8

fn=(528)
523 11
+1 2
+4 1
+6 1
-6 1
+6 1
cfi=(24)
cfn=(86)
calls=1 42 
* 3
+3 3
+12 1
-18 1
+42 3
-19 12
+9 9
+1 6
+6 9
+3 3
-2 3
+2 3
-2 3
+2 12
+4 3
-4 3
+4 3
-1 6
+4 6
+1 12
+2 6
+1 6
+17 3
-8 3
+8 3
+2 12
cfi=(29)
cfn=(126) mempcpy
calls=3 197 
* 39
* 18
cfi=(43)
cfn=(130)
calls=3 132 
* 52
-49 3
+55 3
-55 12
+6 9
+55 2
cfi=(24)
cfn=(86)
calls=1 42 
* 3
+3 2
+3 9

fn=(252)
417 7
+2 1
+11 1
+1 1
fi=(28)
56 1
cfi=(27)
cfn=(78)
calls=1 -20 
* 86
fe=(46)
432 2
+8 3
fi=(28)
44 1
fe=(46)
440 2
+5 1
-5 1
+1 1
+4 304
+19 1
-99 1
+4 1
+1 1
fi=(28)
44 1
cfi=(27)
cfn=(74)
calls=1 +36 
* 41
fe=(46)
371 2
+3 1
+6 2
+90 7

fl=(29)
fn=(126)
197 90
+1 90
+1 90
+1 90
+17 90
+1 90
+2 30
+1 30
+1 30
+2 27
+1 27
+1 27
+2 27
+80 60
+1 60
+2 23
+4 23
+1 23
+1 23
+8 23
+39 37
+1 37
+1 37
+1 37
+1 37
+7 3
+1 3
+1 3
+1 3
+1 3
+1 3
+1 3
+11 3
+1 3
+2 3
+1 3
+1 3

fn=(82)
210 35
+1 35
+6 35
+1 35
+2 26
+1 26
+1 26
+2 13
+1 13
+1 13
+2 13
+80 9
+1 9
+2 2
+4 2
+1 2
+1 2
+1 2
+1 2
+4 2
+2 2
+39 7
+1 7
+1 7
+1 7
+1 7
+7 13
+1 13
+1 13
+1 13
+1 13
+1 13
+1 13
+11 13
+1 13
+2 13
+1 13
+1 13

fl=(164)
fn=(532)
95 14
+1 14
+1 7
+6 35
+1 203
+1 140
+2 21
+5 7

fl=(168) ./elf/./elf/dl-lookup-direct.c
fn=(548) _dl_lookup_direct
74 30
+2 3
-2 6
+4 3
-4 3
+2 3
+2 9
+37 3
-37 9
+1 6
+2 12
+3 25
+2 6
-54 3
+54 3
-54 3
+54 3
-54 9
+1 9
+2 6
+1 6
+12 9
+3 3
+2 6
-2 3
+2 9
cfi=(32)
cfn=(94)
calls=3 +45 
* 209
* 6
+4 6
+1 3
-1 3
+1 18
+1 9
cfi=(32)
cfn=(94)
calls=3 +39 
* 198
* 6
+57 27
-23 6

fl=(76)
fn=(260)
361 8
-76 1
-10 2
+2 2
-1 1
+6 1
+3 1
+8 1
-11 1
+1 1
-1 1
+1 1
-1 1
+1 1
+10 4
+3 1
+4 2
+2 2
-1 1
+2 2
+2 2
-1 2
+4 1
+2 1
+3 2
145 2
+12 2
+16 1
+6 1
363 6

fn=(580) _dl_cet_setup_features
331 1
+3 2
+16 1

fl=(45)
fn=(144)
56 3
+3 2
+4 1
+22 1
+10 1
-32 2
+1 1
+21 2
+5 2
+1 1
+4 1
-4 1
-1 1
+2 1
+3 1
+4 2
+8 2
-50 1
+4 2
+35 6

fn=(196)
38 6
+3 6
-1 12
+4 12
+4 6

fn=(150)
116 2
+1 2

fl=(248) ./elf/../sysdeps/x86_64/tls_get_addr.S
fn=(1646) __tls_get_addr
29 2
+1 2
+1 2
+2 2
+1 2
+1 2
+3 2
+1 2
+4 2
+1 2
+1 2
+1 2

fl=(51) ./setjmp/../sysdeps/x86_64/setjmp.S
fn=(162) __sigsetjmp
31 13
+2 13
+9 13
+1 26
+1 13
+4 13
+1 13
+1 13
+1 13
+1 13
+2 26
+2 13
+1 13
+1 13
+2 26
+2 13
+8 13
+3 13
+1 13
+7 13
+1 13

fl=(44) ./string/./string/strdup.c
fn=(142) strdup
40 48
+1 8
cfi=(22) ./string/../sysdeps/x86_64/multiarch/../multiarch/strlen-sse2.S
cfn=(62) strlen
calls=8 +16 
* 262
* 8
fi=(256) ./string/../include/rtld-malloc.h
+15 16
cfi=(27)
cfn=(78)
calls=8 -20 
* 240
fe=(44)
-12 16
+3 24
+1 24
-1 8
cfi=(29)
cfn=(82)
calls=8 210 
* 112

fl=(62) ./io/../sysdeps/unix/sysv/linux/close_nocancel.c
fn=(194) __GI___close_nocancel
25 6
+1 24
+1 6

fl=(77)
fn=(262)
207 88
+1 16
+12 7
+4 28
-4 7
+6 21
+3 7
-1 7
+1 14
+22 35
+4 8
+7 12
fi=(6)
81 20
+6 8
+4 6
+17 2
-11 2
+11 4
+21 4
+5 8
-2 4
fi=(4)
-53 2
fe=(77)
301 4
fi=(4)
79 4
fe=(77)
301 4
fi=(4)
79 5
fe=(77)
301 10
fi=(4)
79 10
fe=(77)
301 9890
fi=(4)
79 2
fe=(77)
301 2
fi=(4)
79 4
fe=(77)
301 298
-80 14
fi=(6)
393 14
fe=(77)
190 7
+31 7
-31 7
fi=(6)
393 21
fi=(5)
49 7
fe=(77)
301 7
fi=(5)
50 7
+30 7
-31 14
+4 7
-3 7
+3 7
-3 7
+3 21
+27 14
-31 7
fe=(77)
301 7
fi=(5)
50 7
+30 7
-31 14
+4 7
-3 7
+3 7
-3 7
+3 21
+27 14
-7 2
-1 2
+11 16
fi=(6)
514 2224
+4 2224
+3 3336
+1 1112
fi=(5)
83 3336
+2 4448
+11 12
fe=(77)
301 42
fi=(5)
51 7
fi=(4)
+28 35
fi=(6)
730 14
+4 8
fe=(77)
304 35
+24 7
+3 14
+17 21
+2 64
-98 14
+3 6
+7 3
-9 3
+9 6
fi=(6)
81 6
fi=(5)
+33 36
+9 24
+1 4
fi=(6)
498 4
fi=(5)
124 4
fi=(6)
498 8
fi=(5)
124 1037
fi=(6)
498 1037
fi=(5)
124 1037
fi=(6)
498 2074
+5 2082
+1 1041
fi=(5)
123 1041
fi=(6)
504 1041
-5 1041
fi=(5)
123 2082
+3 36
+3 40
+2 36
fe=(77)
+59 12
fi=(5)
73 6
fe=(77)
190 6
fi=(5)
72 6
fe=(77)
190 54
fi=(5)
-57 12
+1 6
+1 6
-2 6
+2 6
+3 6
-5 6
+2 6
-2 6
+1 12
+2 6
-2 6
+2 18
+2 12
-5 7026
+1 3513
+1 3513
-2 3513
+2 3513
+3 3513
-5 3513
+2 3513
-2 3513
+1 7026
+2 3513
-2 3513
+2 10539
+2 7026
+9 3451
fi=(6)
267 6902
+7 6902
+4 6902
fe=(77)
170 13804
fi=(4)
-30 10302
fe=(77)
+31 6868
+3 6868
+8 3618
-8 16251
+12 3606
-3 1803
+1 1803
+2 7224
-3 6
+1 6
+2 1833
+1 1809
-1 1809
+2 3618
-1 7236
+3 10854
cfi=(78)
cfn=(270)
calls=1809 772 
* 1287787
+3 1809
+1 3618
-4 1809
+4 9045
fi=(6)
+93 13723
+3 3421
-3 10280
+3 3438
-3 3438
+5 6882
+25 20706
423 8373
fi=(5)
150 8373
fi=(6)
423 1270
fi=(5)
150 1957
-19 14094
+33 24
+1 72
+1 252
+3 136
+4 68
-1 68
-3 68
+2 136
+2 68
-2 136
fe=(77)
-1 272
fi=(6)
287 68
+3 68
-3 68
+4 136
476 136
+2 68
cfi=(15) ./elf/../sysdeps/x86/dl-get-cpu-features.c
cfn=(550) __x86_cpu_features
calls=1 71 
* 6
cob=(3) /usr/lib/x86_64-linux-gnu/libm.so.6
cfi=(162) ./math/../sysdeps/x86_64/fpu/multiarch/s_sincos.c
cfn=(518) sincos
calls=1 26 
* 8
cob=(3)
cfi=(146) ./math/../sysdeps/x86_64/fpu/multiarch/s_sin.c
cfn=(514) sin
calls=1 27 
* 9
cob=(3)
cfi=(161) ./math/../sysdeps/x86_64/fpu/multiarch/e_atan2.c
cfn=(510) __atan2_finite@GLIBC_2.15
calls=1 26 
* 9
cob=(3)
cfi=(160) ./math/../sysdeps/x86_64/fpu/multiarch/e_exp2f.c
cfn=(506) exp2f@@GLIBC_2.27
calls=1 27 
* 9
cob=(3)
cfi=(159) ./math/../sysdeps/x86_64/fpu/multiarch/s_expm1.c
cfn=(502) expm1
calls=1 26 
* 9
cob=(3)
cfi=(156) ./math/../sysdeps/x86_64/fpu/multiarch/e_asin.c
cfn=(498) __asin_finite@GLIBC_2.15
calls=1 27 
* 8
cob=(3)
cfi=(158) ./math/../sysdeps/x86_64/fpu/multiarch/s_fma.c
cfn=(496) fma
calls=1 49 
* 6
cob=(3)
cfi=(157) ./math/../sysdeps/x86_64/fpu/multiarch/s_sinf.c
cfn=(492) sinf
calls=1 26 
* 9
cob=(3)
cfi=(156)
cfn=(488) __acos_finite@GLIBC_2.15
calls=1 35 
* 8
cob=(3)
cfi=(155) ./math/../sysdeps/x86_64/fpu/multiarch/e_log.c
cfn=(484) __log_finite@GLIBC_2.15
calls=1 27 
* 9
cob=(3)
cfi=(154) ./math/../sysdeps/x86_64/fpu/multiarch/s_log1p.c
cfn=(480) __log1p
calls=1 26 
* 9
cob=(3)
cfi=(153) ./math/../sysdeps/x86_64/fpu/multiarch/e_log2f.c
cfn=(476) log2f@@GLIBC_2.27
calls=1 27 
* 9
cob=(3)
cfi=(151) ./math/../sysdeps/x86_64/fpu/multiarch/e_pow.c
cfn=(472) __pow_finite@GLIBC_2.15
calls=1 27 
* 8
cob=(3)
cfi=(150) ./math/../sysdeps/x86_64/fpu/multiarch/e_powf.c
cfn=(468) powf@@GLIBC_2.27
calls=1 30 
* 9
cob=(3)
cfi=(149) ./math/../sysdeps/x86_64/fpu/multiarch/s_sincosf.c
cfn=(464) sincosf
calls=1 26 
* 9
cob=(3)
cfi=(148) ./math/../sysdeps/x86_64/fpu/multiarch/e_log2.c
cfn=(460) log2@@GLIBC_2.29
calls=1 27 
* 9
cob=(3)
cfi=(147) ./math/../sysdeps/x86_64/fpu/multiarch/e_logf.c
cfn=(456) logf@@GLIBC_2.27
calls=1 27 
* 9
cob=(3)
cfi=(146)
cfn=(452) cos
calls=1 34 
* 9
cob=(3)
cfi=(145) ./math/../sysdeps/x86_64/fpu/multiarch/e_expf.c
cfn=(448) expf@@GLIBC_2.27
calls=1 27 
* 9
cob=(3)
cfi=(143) ./math/../sysdeps/x86_64/fpu/multiarch/e_exp.c
cfn=(444) __exp_finite@GLIBC_2.15
calls=1 27 
* 9
cob=(3)
cfi=(141) ./math/../sysdeps/x86_64/fpu/multiarch/s_cosf.c
cfn=(440) cosf
calls=1 26 
* 9
cob=(2)
cfi=(139) ./string/../sysdeps/x86_64/multiarch/strncase.c
cfn=(432) strncasecmp
calls=1 31 
* 21
cob=(2)
cfi=(138) ./string/../sysdeps/x86_64/multiarch/mempcpy.c
cfn=(428) mempcpy
calls=1 33 
* 22
cob=(2)
cfi=(137) ./wcsmbs/../sysdeps/x86_64/multiarch/wcpcpy.c
cfn=(424) wcpncpy
calls=1 31 
* 18
cob=(2)
cfi=(136) ./string/../sysdeps/x86_64/multiarch/strspn.c
cfn=(422) strspn
calls=1 29 
* 7
cob=(2)
cfi=(134) ./string/../sysdeps/x86_64/multiarch/memchr.c
cfn=(418) memchr
calls=1 29 
* 23
cob=(2)
cfi=(133) ./string/../sysdeps/x86_64/multiarch/memmove.c
cfn=(414) memmove
calls=1 29 
* 22
cob=(2)
cfi=(132) ./string/../sysdeps/x86_64/multiarch/stpcpy.c
cfn=(410) stpcpy
calls=1 33 
* 17
cob=(2)
cfi=(131) ./debug/../sysdeps/x86_64/multiarch/memmove_chk.c
cfn=(406) __memmove_chk
calls=1 29 
* 22
cob=(2)
cfi=(129) ./wcsmbs/../sysdeps/x86_64/multiarch/wmemcmp.c
cfn=(402) wmemcmp
calls=1 29 
* 24
cob=(2)
cfi=(128) ./string/../sysdeps/x86_64/multiarch/strncpy.c
cfn=(398) strncpy
calls=1 29 
* 19
cob=(2)
cfi=(127) ./string/../sysdeps/x86_64/multiarch/strlen.c
cfn=(394) strlen
calls=1 29 
* 25
cob=(2)
cfi=(100) ./wcsmbs/../sysdeps/x86_64/multiarch/wcscat.c
cfn=(390) wcscat
calls=1 31 
* 18
cob=(2)
cfi=(126) ./string/../sysdeps/x86_64/multiarch/strcasecmp_l.c
cfn=(386) strcasecmp_l
calls=1 31 
* 21
cob=(2)
cfi=(125) ./string/../sysdeps/x86_64/multiarch/strcpy.c
cfn=(382) strcpy
calls=1 29 
* 17
cob=(2)
cfi=(123) ./wcsmbs/../sysdeps/x86_64/multiarch/wmemset.c
cfn=(378) wmemset
calls=2 31 
* 20
cob=(2)
cfi=(121) ./string/../sysdeps/x86_64/multiarch/memcmp.c
cfn=(374) bcmp
calls=1 29 
* 24
cob=(2)
cfi=(120) ./string/../sysdeps/x86_64/multiarch/strchrnul.c
cfn=(370) strchrnul
calls=1 31 
* 25
cob=(2)
cfi=(119) ./string/../sysdeps/x86_64/multiarch/strncase_l.c
cfn=(366) strncasecmp_l
calls=1 31 
* 21
cob=(2)
cfi=(117) ./string/../sysdeps/x86_64/multiarch/strcat.c
cfn=(362) strcat
calls=1 29 
* 17
cob=(2)
cfi=(116) ./wcsmbs/../sysdeps/x86_64/multiarch/wcscpy.c
cfn=(360) wcscpy
calls=1 60 
* 16
cob=(2)
cfi=(115) ./string/../sysdeps/x86_64/multiarch/strcspn.c
cfn=(358) strcspn
calls=1 29 
* 7
cob=(2)
cfi=(113) ./string/../sysdeps/x86_64/multiarch/strcasecmp.c
cfn=(354) strcasecmp
calls=1 31 
* 21
cob=(2)
cfi=(112) ./string/../sysdeps/x86_64/multiarch/strncmp.c
cfn=(352) strncmp
calls=1 67 
* 21
cob=(2)
cfi=(110) ./wcsmbs/../sysdeps/x86_64/multiarch/wmemchr.c
cfn=(348) wmemchr
calls=2 31 
* 46
cob=(2)
cfi=(108) ./string/../sysdeps/x86_64/multiarch/stpncpy.c
cfn=(344) stpncpy
calls=1 31 
* 19
cob=(2)
cfi=(107) ./wcsmbs/../sysdeps/x86_64/multiarch/wcscmp.c
cfn=(340) wcscmp
calls=1 30 
* 25
cob=(2)
cfi=(106) ./string/../sysdeps/x86_64/multiarch/strrchr.c
cfn=(336) rindex
calls=1 28 
* 25
cob=(2)
cfi=(104) ./debug/../sysdeps/x86_64/multiarch/memset_chk.c
cfn=(332) __memset_chk
calls=1 29 
* 24
cob=(2)
cfi=(103) ./string/../sysdeps/x86_64/multiarch/strchr.c
cfn=(330) index
calls=1 65 
* 19
cob=(2)
cfi=(100)
cfn=(324) wcschr
calls=2 31 
* 50
cob=(2)
cfi=(98) ./string/../sysdeps/x86_64/multiarch/memcmpeq.c
cfn=(320) memcpy@@GLIBC_2.14
calls=1 29 
* 22
cob=(2)
cfi=(96) ./wcsmbs/../sysdeps/x86_64/multiarch/wcsncpy.c
cfn=(316) wcsncpy
calls=1 31 
* 18
cob=(2)
cfi=(95) ./string/../sysdeps/x86_64/multiarch/memrchr.c
cfn=(312) memrchr
calls=1 29 
* 25
cob=(2)
cfi=(94) ./debug/../sysdeps/x86_64/multiarch/memcpy_chk.c
cfn=(308) __memcpy_chk
calls=1 29 
* 22
cob=(2)
cfi=(92) ./debug/../sysdeps/x86_64/multiarch/mempcpy_chk.c
cfn=(304) __mempcpy_chk
calls=1 29 
* 22
cob=(2)
cfi=(91) ./wcsmbs/../sysdeps/x86_64/multiarch/wcslen.c
cfn=(300) wcslen
calls=1 29 
* 19
cob=(2)
cfi=(89) ./string/../sysdeps/x86_64/multiarch/memset.c
cfn=(296) memset
calls=1 29 
* 24
cob=(2)
cfi=(87) ./wcsmbs/../sysdeps/x86_64/multiarch/wcsnlen.c
cfn=(292) wcsnlen
calls=1 30 
* 19
cob=(2)
cfi=(86) ./string/../sysdeps/x86_64/multiarch/strcmp.c
cfn=(290) strcmp
calls=1 79 
* 19
cob=(2)
cfi=(85) ./string/../sysdeps/x86_64/multiarch/strpbrk.c
cfn=(288) strpbrk
calls=1 29 
* 7
cob=(2)
cfi=(83) ./string/../sysdeps/x86_64/multiarch/strnlen.c
cfn=(284) strnlen
calls=2 31 
* 50
cob=(2)
cfi=(81) ./string/../sysdeps/x86/cacheinfo.c
cfn=(280) __x86_cacheinfo
calls=1 86 
* 28
fi=(5)
165 68
fi=(6)
479 68
fi=(5)
165 145
-14 129
fi=(6)
460 6
+5 4
-1 6
+1 4
-1 2
cfi=(29)
cfn=(82)
calls=2 210 
* 25
+2 10
+1 4
-67 51
+2 68
+4 17
+9 17
-9 34
+9 17
fi=(5)
150 34
fi=(6)
320 43
+3 43
+29 6
+11 2
-9 4
+9 2
fi=(5)
150 4
fi=(6)
346 8
+1 12
fi=(5)
150 8
fi=(6)
287 85
fi=(5)
141 68
+1 68
-1 204
+2 68
fi=(6)
287 340
fe=(77)
175 14623
+3 1625
-1 1625
+19 1625
-18 3250
fi=(6)
295 6
+1 9
+11 6
+7 3
cob=(2)
cfi=(133)
cfn=(414)
calls=1 29 
* 22
cob=(2)
cfi=(86)
cfn=(290)
calls=1 79 
* 19
cob=(2)
cfi=(89)
cfn=(296)
calls=1 29 
* 24
* 12
fe=(77)
-13 6
+55 35
+3 7
-3 7
+3 7
+4 14
+1 28
cfi=(140) ./misc/../sysdeps/unix/syscall-template.S
cfn=(436) mprotect
calls=7 117 
* 42
* 14
-63 9
fi=(5)
180 7
fe=(77)
+10 2
fi=(5)
73 1
fe=(77)
190 3
fi=(6)
436 7
fi=(5)
182 2
+1 2
-1 1
+3 1
-3 4
+3 2
-3 10
+1 10
-1 5
+3 5
-3 20
+3 10
+8 6
fi=(6)
+74 12
+7 12
+4 12
fe=(77)
170 24
fi=(4)
-30 18
fe=(77)
+31 12
+3 12
+8 12
-8 54
+12 12
-3 6
+1 6
+2 36
+4 24
-4 6
+4 18
cfi=(78)
cfn=(270)
calls=6 772 
* 3734
+3 6
+1 12
-4 6
+4 30
fi=(6)
+93 21
+3 3
-3 9
+3 3
-3 3
+5 6
+25 36
423 6
fi=(5)
196 18
-16 24
+31 7
fe=(77)
-33 1623
-3 4869

fl=(32)
fn=(244) strncmp
98 1
+27 1
+1 1
+1 1
+1 1
+1 1
+2 1
+1 1
+2 1
+1 1
+21 1
+1 1
+1 1
+1 1
+1 1
+1 1
+1 1
+1 1
+17 1
+1 1
+1 1
+1 1
+1 1
+1 1
+1 1
2104 1
+3 1
+1 1
+2 1
+1 1
+8 1
+1 1

fn=(94)
98 2289
+33 2289
+1 2289
+2 2289
+1 2289
+21 2289
+1 2289
+1 2110
+1 2110
+1 2037
+1 2037
+1 2037
+1 2037
+17 2037
+1 2037
+1 2037
+1 2037
+1 2037
+1 2037
+1 2037
+5 27
+1 81
+9 27
+1 27
+1 27
+1 27
+1 27
+1 27
+1 27
+1 27
-7 252
+1 252
+1 252
+1 252
+1 252
+1 252
+1 252
+1 252
+1 200
+1 90
+1 90
+1 90
+2 90
+1 90
+1 90
+1 90
+1 90
+1 90
-5 110
+1 110
+1 110
+1 110
+1 110
+1 110
+10 79
+1 79
+1 79
+2 79
+6 79
+1 79
+1 79
+1 79
+1 79
+5 79
+2 72
+1 72
+1 144
+8 72
+1 72
+3 72
+1 72
+1 72
+1 72
+1 72
+1 72
+31 6
+1 6
+1 6
+1 6
+1 6
+2 6
+1 6
+1 6
+1 6
+1 6
+1 6
+1 6
+1 6
+3 6
+1 6
+1 6
+6 6
+1 6
+1 12
+4 6
+1 6
+3 6
+1 6
+1 6
+2 6
+1 6
+1 6
+4 6
+1 6
+1 6
+1 6
+1 6
+1 6
661 1
+1 1
+1 1
+1 1
+1 1
+2 1
+1 1
+1 1
+1 1
+1 1
+1 1
+1 1
780 2
+1 2
+1 2
+1 2
+1 2
+2 2
+1 2
+1 2
+1 2
+1 2
+1 2
+1 2
+1 1
+4 1
+1 1
+1 1
+6 1
+1 1
+1 2
+4 1
+1 1
+3 1
+1 1
+1 1
+2 1
+1 1
+1 1
+4 1
+1 1
+1 1
+1 1
+1 1
+1 1
+69 4
+1 4
+1 4
+1 4
+1 4
+2 4
+1 4
+1 4
+1 4
+1 4
+1 4
+1 4
+1 2
+4 2
+1 2
+1 2
+6 2
+1 2
+1 4
+4 2
+1 2
+3 2
+1 2
+1 2
+2 2
+1 2
+1 2
+4 2
+1 2
+1 2
+1 2
+1 2
+1 2
+7 1
+1 1
+2 1
+1 1
+2 1
+1 1
+1 1
+2 1
+1 1
+1 1
+4 1
+1 1
+1 1
+1 1
+1 1
+1 1
+41 7
+1 7
+1 7
+1 7
+1 7
+2 7
+1 7
+1 7
+1 7
+1 7
+1 7
+1 7
+1 6
+4 6
+1 6
+1 6
+6 6
+1 6
+1 12
+4 6
+1 6
+3 6
+1 6
+1 6
+2 6
+1 6
+1 6
+4 6
+1 6
+1 6
+1 6
+1 6
+1 6
+69 12
+1 12
+1 12
+1 12
+1 12
+2 12
+1 12
+1 12
+1 12
+1 12
+1 12
+1 12
+1 4
+4 4
+1 4
+1 4
+6 4
+1 4
+1 8
+4 4
+1 4
+3 4
+1 4
+1 4
+2 4
+1 4
+1 4
+4 4
+1 4
+1 4
+1 4
+1 4
+1 4
+69 20
+1 20
+1 20
+1 20
+1 20
+2 20
+1 20
+1 20
+1 20
+1 20
+1 20
+1 20
+1 6
+4 6
+1 6
+1 6
+6 6
+1 6
+1 12
+4 6
+1 6
+3 6
+1 6
+1 6
+2 6
+1 6
+1 6
+4 6
+1 6
+1 6
+1 6
+1 6
+1 6
+7 3
+1 3
+2 3
+1 3
+2 3
+1 3
+1 3
+2 3
+1 3
+1 3
+4 3
+1 3
+1 3
+1 3
+1 3
+1 3
+41 7
+1 7
+1 7
+1 7
+1 7
+2 7
+1 7
+1 7
+1 7
+1 7
+1 7
+1 7
+1 6
+4 6
+1 6
+1 6
+6 6
+1 6
+1 12
+4 6
+1 6
+3 6
+1 6
+1 6
+2 6
+1 6
+1 6
+4 6
+1 6
+1 6
+1 6
+1 6
+1 6
+69 34
+1 34
+1 34
+1 34
+1 34
+2 34
+1 34
+1 34
+1 34
+1 34
+1 34
+1 34
+1 11
+4 11
+1 11
+1 11
+6 11
+1 11
+1 22
+4 11
+1 11
+3 11
+1 11
+1 11
+2 11
+1 11
+1 11
+4 11
+1 11
+1 11
+1 11
+1 11
+1 11
+7 1
+1 1
+2 1
+1 1
+2 1
+1 1
+1 1
+2 1
+1 1
+1 1
+4 1
+1 1
+1 1
+1 1
+1 1
+1 1
+41 32
+1 32
+1 32
+1 32
+1 32
+2 32
+1 32
+1 32
+1 32
+1 32
+1 32
+1 32
+1 7
+4 7
+1 7
+1 7
+6 7
+1 7
+1 14
+4 7
+1 7
+3 7
+1 7
+1 7
+2 7
+1 7
+1 7
+4 7
+1 7
+1 7
+1 7
+1 7
+1 7
+7 2
+1 2
+2 2
+1 2
+2 2
+1 2
+1 2
+2 2
+1 2
+1 2
+4 2
+1 2
+1 2
+1 2
+1 2
+1 2
+41 32
+1 32
+1 32
+1 32
+1 32
+2 32
+1 32
+1 32
+1 32
+1 32
+1 32
+1 32
+1 15
+4 15
+1 15
+1 15
+6 15
+1 15
+1 30
+4 15
+1 15
+3 15
+1 15
+1 15
+2 15
+1 15
+1 15
+4 15
+1 15
+1 15
+1 15
+1 15
+1 15
+7 1
+1 1
+2 1
+1 1
+2 1
+1 1
+1 1
+2 1
+1 1
+1 1
+4 1
+1 1
+1 1
+1 1
+1 1
+1 1
+41 15
+1 15
+1 15
+1 15
+1 15
+2 15
+1 15
+1 15
+1 15
+1 15
+1 15
+1 15
+1 7
+4 7
+1 7
+1 7
+6 7
+1 7
+1 14
+4 7
+1 7
+3 7
+1 7
+1 7
+2 7
+1 7
+1 7
+4 7
+1 7
+1 7
+1 7
+1 7
+1 7
+69 28
+1 28
+1 28
+1 28
+1 28
+2 28
+1 28
+1 28
+1 28
+1 28
+1 28
+1 28
+2 12
+4 12
+1 12
+1 12
+6 12
+1 12
+2 24
+4 12
+1 12
+3 12
+1 12
+1 12
+2 12
+1 12
+1 12
+4 12
+1 12
+1 12
+1 12
+1 12
+1 12
+71 155
+2 155
+1 155
+1 155
+1 155
-3 124
+1 124
+1 124
+1 124
+1 180
+5 90
+6 90
+1 90
+8 90
+1 90
-16 2199
+6 2199
+1 2199
+8 2199
+1 2199

fl=(24)
fn=(256)
68 2
fi=(257) ./elf/../include/list.h
-24 1
fe=(24)
+24 3
fi=(257)
-25 1
fe=(24)
+26 1
+3 1
fi=(257)
-29 1
+1 1
+1 1
+2 1
fe=(24)
+28 4
+1 2
+1 1
+5 2
+5 1
+6 1
-3 1
+3 1
-6 3
+6 1
+12 4
cfi=(11)
cfn=(28)
calls=1 387 
* 24
fi=(75) ./elf/../sysdeps/unix/sysv/linux/rseq-internal.h
-73 3
+8 1
fe=(24)
+81 3
+7 2
+1 3
fi=(75)
-95 7
+3 2
fe=(24)

fn=(68)
53 3
+3 8
+5 1
-5 1
+5 1
+1 1
-6 1
+8 1

fn=(86)
42 178
+2 356

fl=(140)
fn=(436)
117 35
+5 7

fn=(574) munmap
117 5
+5 1

fl=(169)
fn=(552)
27 1
+2 2
-2 1
+6 3
-6 3
+6 1
-6 2
+6 1
cfi=(168)
cfn=(548)
calls=1 +41 
* 225
+4 2
+2 3
+2 1
-1 1
-1 1
+2 2
-1 1
cob=(2)
cfi=(170) ./elf/./elf/libc_early_init.c
cfn=(554) __libc_early_init
calls=1 -7 
* 353

fl=(50)
fn=(158)
254 6
+2 1
-2 6
+2 1
cfn=(160) _dl_catch_exception
calls=1 -52 
* 2728
+1 2
+1 1
+1 1
-1 1
+1 1
+2 6

fn=(160)
204 78
58 13
204 26
+3 26
+22 13
-1 13
+1 13
58 26
235 39
cfi=(51)
cfn=(162)
calls=13 31 
* 312
* 39
+2 39
cfi=(64)
cfn=(206) openaux
calls=12 61 
* 28639
cfi=(2)
cfn=(164)
calls=1 641 
* 2662
69 13
+1 13
-1 13
+1 13
239 52
-25 13
+34 39
59 26
+11 39

fn=(236)
186 2
58 1
186 4
+2 1
-2 1
58 1
+1 1
+11 1
192 1
+2 1
cfi=(2)
cfn=(238)
calls=1 674 
* 24916
69 2
+1 1
198 1
-1 1
+1 3

fl=(1) ???
fn=(0) 0x000000000001f540
0 2
cfi=(2)
cfn=(2)
calls=1 517 
0 1810788
0 8
cfi=(76)
cfn=(580)
calls=1 331 
0 4
0 10
cfi=(177) ./elf/./elf/dl-init.c
cfn=(584) _dl_init
calls=1 81 
0 93646
0 3
cob=(8)
cfi=(211)
cfn=(1306)
calls=1 0 
0 5042757086

fl=(177)
fn=(586) call_init.part.0
26 84
+17 7
+3 7
-3 14
+3 14
+5 12
+8 18
+1 24
cob=(4)
cfi=(175)
cfn=(630) 0x00000000048fd000
calls=1 -60 
* 7
cob=(4)
cfi=(175)
cfn=(618) 0x0000000004ae2000
calls=1 -60 
* 7
cob=(4)
cfi=(175)
cfn=(608) 0x0000000004d2e000
calls=1 -60 
* 7
cob=(4)
cfi=(175)
cfn=(588) 0x000000000483d000
calls=1 -60 
* 7
+3 6
+1 12
+6 10
+2 10
-2 5
+3 48
+1 72
cob=(7) /usr/lib/x86_64-linux-gnu/libstdc++.so.6.0.33
cfi=(185) ???
cfn=(1302) 0x00000000000b7a10
calls=1 -74 
* 83
cob=(7)
cfi=(185)
cfn=(1296) 0x00000000000b79b0
calls=1 -74 
* 255
cob=(7)
cfi=(185)
cfn=(1270) 0x00000000000b78f0
calls=1 -74 
* 50
cob=(7)
cfi=(185)
cfn=(1244) 0x00000000000b7830
calls=1 -74 
* 50
cob=(7)
cfi=(185)
cfn=(1226) 0x00000000000b77b0
calls=1 -74 
* 34
cob=(7)
cfi=(185)
cfn=(1208) 0x00000000000b7730
calls=1 -74 
* 34
cob=(7)
cfi=(185)
cfn=(1204) 0x00000000000b76e0
calls=1 -74 
* 173
cob=(7)
cfi=(185)
cfn=(1202) 0x00000000000b76c0
calls=1 -74 
* 83
cob=(7)
cfi=(185)
cfn=(1200) 0x00000000000b76a0
calls=1 -74 
* 83
cob=(7)
cfi=(185)
cfn=(1198) 0x00000000000b7530
calls=1 -74 
* 48
cob=(7)
cfi=(185)
cfn=(1172) 0x00000000000b7400
calls=1 -74 
* 78
cob=(7)
cfi=(185)
cfn=(1116) 0x00000000000b71e0
calls=1 -74 
* 4602
cob=(7)
cfi=(185)
cfn=(1106) 0x00000000000b71c0
calls=1 -74 
* 758
cob=(7)
cfi=(185)
cfn=(1104) 0x00000000000b71b0
calls=1 -74 
* 3
cob=(7)
cfi=(185)
cfn=(1090) 0x00000000000b7120
calls=1 -74 
* 948
cob=(7)
cfi=(185)
cfn=(1084) 0x00000000000b7ae0
calls=1 -74 
* 12
cob=(6)
cfi=(184)
cfn=(624)
calls=1 -74 
* 12
cob=(2)
cfi=(182) ./libio/./libio/vtables.c
cfn=(606) check_stdfiles_vtables
calls=1 545 
* 12
* 20
cob=(7)
cfi=(185)
cfn=(634) 0x00000000000b74f0
calls=1 -74 
* 85192
cob=(6)
cfi=(184)
cfn=(622)
calls=1 -74 
* 364
cob=(3)
cfi=(183) ???
cfn=(612) 0x00000000000104e0
calls=1 -74 
* 12
cob=(2)
cfi=(179) ./csu/./csu/init-first.c
cfn=(598) _init_first
calls=1 -28 
* 72
cob=(5) /usr/libexec/valgrind/vgpreload_core-amd64-linux.so
cfi=(178) ???
cfn=(592) 0x0000000000001110
calls=1 -74 
* 12
-1 69
+3 56
-29 2

fn=(584)
81 13
+1 1
+1 1
+3 3
+8 2
+25 1
+1 8
+1 14
-92 14
+6 21
+2 32
+83 12
cfn=(586)
calls=6 -94 
* 93411
* 12
+7 8
-98 2
+60 2
-54 3
+2 7
cfn=(586)
calls=1 -11 
* 77
* 2

fl=(20) ./elf/../sysdeps/x86/dl-cacheinfo.h
fn=(52) intel_check_word.constprop.0
123 48
-4 72
+10 24
-10 96
+10 48
-10 24
+10 24
-10 24
+10 24
+2 48
+71 48
fi=(21) ./elf/../bits/stdlib-bsearch.h
32 24
fe=(20)
202 120
-71 96
+2 60
+2 120
+8 120
+51 96
+22 48
fi=(21)
28 48
-1 96
+2 216
+2 168
+1 84
fe=(20)
+78 168
+3 324
fi=(21)
-78 264
-6 528
+2 480
+1 240
fe=(20)
+78 480
+15 12
246 144
fi=(21)
37 120
fe=(20)
155 36
+3 36
-6 12
+3 39
+9 18
+23 21
-32 63
+3 63
+4 58
+2 116
+3 84
+1 48
+1 48
+1 30
+2 11
+2 22
+6 14
+3 8
+1 12
-20 15
+12 4
+2 4
+1 4
-2 4
-1 4
+2 8
-2 4
+3 4
-2 12
+2 12
+11 2
-9 12

fn=(56) get_common_cache_info.constprop.0
571 11
+17 1
+1 1
+9 1
-12 1
+2 1
+2 1
+8 1
-11 1
+3 1
+11 2
-5 3
+17 1
+5 3
+4 2
770 5
+1 5
+4 2
+8 1
-1 1
+1 1
+1 1
+1 7
627 5
+3 6
-32 5
+75 4
+8 5
+2 2
-2 1
+6 3
+3 1
+1 5
-4 4
+21 2
-21 4
+2 1
+2 4
-4 1
+6 4
+3 2
+5 1
+2 2
+1 1
+1 1
-2 2
+1 1
-19 4
+46 2
+1 1
+1 2
+1 1
+25 3
630 3
+10 6
+14 2
+4 1
+3 1
+1 1
-4 2
+3 3
+6 4
-37 12
+7 6
-7 3
+7 2
+3 20
+5 2
+4 1
+1 1
-1 2
+1 1
+61 2
+7 1
+2 2
-16 1
+22 1
-6 2
+1 1
+5 1
-30 5

fn=(50) handle_intel.constprop.0
255 24
-5 12
+17 12
-17 96
+11 12
+1 12
+5 36
+4 24
+34 96
-29 12
+3 24
-3 12
+3 36
cfn=(52)
calls=12 123 
* 4092
+2 24
+3 60
cfn=(52)
calls=12 123 
* 1272
+2 24

fl=(67)
fn=(214) _dl_load_cache_lookup
403 40
+2 8
+3 12
+69 9
+5 4
205 4
482 8
+3 12
fi=(69) ./elf/../sysdeps/x86/dl-procinfo.h
39 8
+3 12
cfi=(32)
cfn=(94)
calls=4 +56 
* 100
* 16
fe=(67)
208 24
cfi=(11)
cfn=(28)
calls=4 387 
* 92
* 4
+12 4
-10 4
-2 4
+12 8
-7 20
+9 20
+1 4
-32 8
+36 4
-4 4
+4 8
-5 160
+1 32
-32 64
+36 32
-4 32
+4 64
+4 108
cfn=(222) _dl_cache_libcmp
calls=36 357 
* 2836
+1 72
346 32
+3 15
220 30
347 17
220 42
+2 40
+20 14
+3 14
+2 28
cfn=(222)
calls=7 357 
* 842
* 14
+2 3
-9 14
-30 12
+1 4
fi=(258) ./elf/../sysdeps/x86/dl-isa-level.h
28 8
fe=(67)
210 8
fi=(258)
28 4
fe=(67)
210 4
+1 4
-1 12
+76 12
fi=(258)
28 12
fe=(67)
259 8
+10 12
+1 16
+16 4
fi=(68) ./elf/../sysdeps/generic/dl-cache.h
125 4
fe=(67)
286 12
+9 8
+3 8
+3 4
+1 12
+28 8
500 8
+12 8
cfi=(22)
cfn=(62)
calls=4 57 
* 140
+1 4
-1 4
+1 48
+1 4
-1 4
+1 4
-1 4
+1 4
cfi=(29)
cfn=(82)
calls=4 210 
* 60
* 4
+1 4
cfi=(44)
cfn=(142)
calls=4 40 
* 396
+1 32
411 4
cfi=(52)
cfn=(216) _dl_sysdep_read_whole_file
calls=1 36 
* 103
* 1
+8 5
+1 8
+3 3
+1 1
-1 3
fi=(68)
194 1
+1 5
fe=(67)
431 1
+1 2

fn=(222)
357 43
+1 43
+32 43
-33 43
+1 100
+2 245
+2 245
-2 490
+20 476
+2 476
-12 202
+2 202
+14 202
+1 202
-29 404
+32 21
-28 14
+6 7
+2 7
-2 7
+1 7
-1 7
+1 7
-1 7
+2 21
+2 7
-3 7
+3 21
+2 14
+9 108

fn=(572)
525 1
+1 4
-1 1
+3 1
-3 1
+3 1
cfi=(140)
cfn=(574)
calls=1 117 
* 6
+7 1
-6 1
+4 1
+2 1

fl=(167)
fn=(546)
30 2
+10 3
-10 3
+10 1
-10 1
+10 1
-10 1
+7 1
+3 2
cfi=(168)
cfn=(548)
calls=1 +34 
* 233
+4 2
+1 8
+2 3
-2 1
+2 3
cfi=(168)
cfn=(548)
calls=1 +27 
* 223
+4 2
+1 7
+1 6

fl=(16) ./elf/../sysdeps/x86/cpu-features.c
fn=(36) init_cpu_features.constprop.0
682 1
+17 1
-17 7
+3 1
+1 1
+1 1
+3 1
+9 2
+3 6
1001 3
+1 2
+3 2
+1 2
+6 1
+1 1
+1 1
+1 1
fi=(20)
792 1
+1 1
+2 1
+14 2
+85 1
+1 1
+15 1
-5 1
+5 1
-10 1
-6 1
+2 1
+14 1
-15 1
+2 1
-1 1
+2 1
-1 1
+2 1
-1 1
+1 1
+2 1
+1 1
+1 1
+1 1
+35 2
-15 3
+8 2
+27 6
+9 2
+19 2
+8 6
cfi=(11)
cfn=(28)
calls=1 387 
* 23
* 1
+2 2
+3 4
cfi=(11)
cfn=(28)
calls=1 387 
* 23
* 1
+2 2
+3 4
cfi=(11)
cfn=(28)
calls=1 387 
* 23
* 1
+1 5
+16 2
-12 5
cfi=(11)
cfn=(28)
calls=1 387 
* 23
* 1
+1 3
+6 3
+3 1
-3 2
cfi=(11)
cfn=(28)
calls=1 387 
* 23
* 1
+3 5
-3 1
+3 5
cfi=(11)
cfn=(58) __GI___tunable_set_val
calls=1 153 
* 62
+1 10
cfi=(11)
cfn=(58)
calls=1 153 
* 62
+1 11
cfi=(11)
cfn=(58)
calls=1 153 
* 62
+3 10
cfi=(11)
cfn=(58)
calls=1 153 
* 62
+2 10
cfi=(11)
cfn=(58)
calls=1 153 
* 62
+13 1
+2 1
fe=(16)
-23 1
fi=(20)
+21 1
+3 1
fe=(16)
-24 1
fi=(20)
+26 1
-5 1
+2 1
-2 1
+3 1
fe=(16)
-24 1
fi=(20)
+25 1
+3 1
-1 1
fe=(16)
-27 1
cfi=(11)
cfn=(28)
calls=1 387 
* 22
+3 4
cfi=(11)
cfn=(28)
calls=1 387 
* 24
+6 3
+54 1
-1 1
+1 1
+45 4
cfi=(11)
cfn=(28)
calls=1 387 
* 22
+2 4
cfi=(11)
cfn=(28)
calls=1 387 
* 22
+6 4
cfi=(11)
cfn=(28)
calls=1 387 
* 24
+7 8
fi=(20)
974 12
fe=(16)
+68 1
-1 2
+1 3
+44 3
+27 2
-10 2
+1 2
+2 3
+1 2
+2 3
+1 2
fi=(20)
811 2
cfn=(50)
calls=1 255 
* 455
+1 1
-1 1
+1 1
cfn=(50)
calls=1 255 
* 503
+1 1
-1 1
+1 1
cfn=(50)
calls=1 255 
* 530
+4 1
-4 1
+1 2
+3 1
cfn=(50)
calls=1 255 
* 476
+2 1
-2 1
+2 1
cfn=(50)
calls=1 255 
* 468
+3 1
-3 1
+1 2
+2 1
cfn=(50)
calls=1 255 
* 446
+2 1
-2 1
+2 1
cfn=(50)
calls=1 255 
* 447
+3 1
-2 1
-1 1
+3 1
cfn=(50)
calls=1 255 
* 494
+2 1
-2 1
+2 1
cfn=(50)
calls=1 255 
* 495
+1 1
+2 1
-3 1
+1 1
+2 1
cfn=(50)
calls=1 255 
* 521
+2 1
-2 1
+2 1
cfn=(50)
calls=1 255 
* 522
+2 1
-2 1
+2 1
cfn=(50)
calls=1 255 
* 523
+2 4
-2 1
+2 1
cfn=(56)
calls=1 571 
* 223
+93 1
-6 3
+6 1
-6 2
+6 2
-6 2
+6 2
-1 2
fe=(16)
708 6
cfn=(38) get_common_indices.constprop.0
calls=1 398 
* 74
376 3
+1 2
+1 6
+5 2
713 1
cfn=(42) update_active.constprop.0
calls=1 72 
* 222
+2 1
+2 1
1015 1
715 2
878 2
+7 2
+2 2
+4 2
+6 2
+2 1
706 2
-3 1
384 6
+5 2
+1 7
717 1
fi=(20)
987 1
-48 1
fe=(16)
717 1
fi=(20)
987 2
fe=(16)
717 6
+4 7
+78 1
-25 3
+92 2
+3 2
fi=(20)
+38 1
fe=(16)
-37 1
-89 2
+51 2

fn=(42)
72 8
+4 1
+10 1
+9 1
+9 1
-19 1
-1 1
+29 1
-4 1
-24 1
+9 1
+9 1
+9 1
-28 2
+25 1
-15 1
-9 1
+9 1
+9 1
+9 1
-3 1
+7 1
-13 1
+9 1
+4 2
-22 1
+22 2
-13 1
+6 1
+3 1
+5 1
+12 1
-8 1
-4 1
+7 1
-3 4
+1 1
+2 1
-2 2
+1 3
+5 1
+2 1
-2 4
+1 1
+1 1
-1 2
+1 1
-1 1
+3 2
+1 4
+14 2
356 2
+4 3
fi=(18) ./elf/../sysdeps/unix/sysv/linux/x86/dl-hwcap2.h
25 2
fi=(19) ./elf/../sysdeps/x86/get-isa-level.h
+5 1
-2 1
+2 3
fe=(16)
369 1
+1 8
151 2
+1 2
-1 5
+1 2
+2 3
+90 1
+1 1
-1 2
+17 4
+16 2
+5 1
-1 2
+4 4
+4 2
+4 3
+1 2
+3 1
-1 1
+9 1
-5 1
+2 1
-2 1
+5 1
+51 1
fi=(19)
31 1
fe=(16)
356 2
fi=(19)
32 3
+4 3
fe=(16)
158 4
+3 1
+3 2
+14 1
+2 1
+10 3
-12 1
+12 1
-12 1
+2 2
-2 1
+2 1
+8 1
-8 1
+6 3
+2 1
-2 1
+2 3
+7 5
fi=(19)
39 2
+1 4
-2 1
+7 4
+2 1
+1 2
+3 5
+2 4
+1 2
+1 2
+3 1
-1 1
+1 3
fe=(16)
171 1
-5 2
+4 1

fn=(38)
398 3
+4 4
+3 3
+5 2
-5 1
+5 1
-5 1
+4 1
+1 1
+1 4
+1 4
+1 3
+1 2
+7 2
+2 5
+5 1
-5 1
+5 1
-5 1
+5 1
-5 2
+5 1
+7 1
-7 4
+7 1
+1 3
+6 1
-6 4
+6 1
fi=(17) ./elf/../sysdeps/unix/sysv/linux/x86/dl-minsigstacksize.h
24 2
+3 2
+1 2
+37 3
+7 1
+2 1
fe=(16)
457 3

fl=(14) ./elf/../sysdeps/unix/sysv/linux/brk.c
fn=(30) brk
36 1
fi=(259) ./elf/../sysdeps/unix/sysv/linux/brk_call.h
-12 2
fe=(14)
+13 1
+1 2
+6 1
+1 1

fl=(27)
fn=(138)
97 6
+2 24

fn=(78)
36 376
+1 141
+11 138
+3 46
-3 46
+3 92
-3 2
+3 1
-3 1
+3 178
+19 47
+1 47
+2 282
-17 12
+1 6
+2 3
+1 21
cfi=(57) ./misc/../sysdeps/unix/sysv/linux/mmap64.c
cfn=(182) mmap
calls=3 -13 
* 78
* 3
+2 6
+2 12
cfi=(58) ./misc/../sysdeps/unix/sysv/linux/setvmaname.c
cfn=(184) __set_vma_name
calls=3 -31 
* 61
+1 9
+2 2
+4 2
-4 4
-24 1
-1 1
+1 1
+1 2
-2 2
+28 1
-3 2
+4 2

fn=(74)
80 17
+4 17
-4 68
+7 17
+1 51
fi=(28)
-32 17
cfi=(27)
cfn=(78)
calls=17 -20 
* 672
fe=(27)

fl=(238) ./elf/./elf/dl-fini.c
fn=(1516) _dl_fini
26 5
+17 1
-17 6
+20 13
+3 2
cob=(2)
cfi=(239) ./nptl/./nptl/pthread_mutex_lock.c
cfn=(1518) pthread_mutex_lock@@GLIBC_2.2.5
calls=1 +28 
* 44
+2 1
+3 2
+2 5
+7 3
-2 1
+2 1
cfi=(48)
cfn=(570)
calls=1 -22 
* 11
+5 15
+5 1
-5 1
+5 3
+2 14
+2 14
+2 14
+1 7
+1 7
+4 7
-12 21
+14 6
+1 4
+6 6
cfi=(13) ./elf/./elf/dl-sort-maps.c
cfn=(232) _dl_sort_maps
calls=1 298 
* 556
+9 2
cob=(2)
cfi=(240) ./nptl/./nptl/pthread_mutex_unlock.c
cfn=(1520) pthread_mutex_unlock@@GLIBC_2.2.5
calls=1 367 
* 34
+5 6
+2 1
+2 2
-2 6
+2 12
+2 28
cfi=(241) ./elf/./elf/dl-call_fini.c
cfn=(1522) _dl_call_fini
calls=7 -90 
* 9775
+3 14
cfi=(48)
cfn=(1548) _dl_audit_objclose
calls=7 -20 
* 35
-9 14
+14 7
-14 21
+18 3
cfi=(48)
cfn=(570)
calls=1 -85 
* 11
* 2
+6 4
+2 1
-2 2
+6 2
+7 8
-77 2

fl=(30)
fn=(132) fillin_rpath.isra.0
468 9
+4 1
-4 8
+6 3
cfi=(7)
cfn=(134) strsep
calls=1 239 
* 20
* 12
cfi=(7)
cfn=(134)
calls=4 239 
* 992
* 15
+7 8
+2 9
cfn=(140) expand_dynamic_string_token
calls=3 -98 
* 459
* 3
+4 6
+5 6
cfi=(22)
cfn=(62)
calls=3 57 
* 87
* 3
+1 6
+7 15
+9 75
+1 48
cfi=(42) ./string/../sysdeps/x86_64/multiarch/../multiarch/memcmp-sse2.S
cfn=(122) bcmp
calls=1 59 
* 15
* 2
fi=(28)
50 8
cfi=(27)
cfn=(138)
calls=4 +47 
* 20
+1 4
fe=(30)
509 1
-32 1
+1 1
+31 2
+19 16
+4 16
fi=(28)
56 4
cfi=(27)
cfn=(78)
calls=4 -20 
* 120
* 4
fe=(30)
534 8
+5 4
+1 8
-1 4
-1 4
+2 4
cfi=(29)
cfn=(126)
calls=4 197 
* 52
+3 4
-3 4
+1 4
+2 4
+6 4
+1 4
-1 12
+1 20
+1 4
-1 4
+1 4
-1 12
+1 4
-1 8
+1 4
+2 8
+1 12
+1 4
+6 8
+1 4
+3 12
-60 6
-22 6
+88 1
+3 8
-24 8

fn=(88)
868 6
+8 6
-8 12
+8 6
-6 6
+12 12
-13 6
+13 6
-13 6
+13 12
+3 18
+1 12
+1 12
+3 18
+1 18
+4 6
+1 12
+22 6
+2 6
-2 12
+2 18
-20 18
+1 9
+3 18
+3 9
+1 36
fi=(31)
95 36
+7 18
+16 9
-3 18
254 12
+1 6
+2 24
+3 6
-8 6
+5 3
-4 3
+4 9
+3 3
-2 3
fe=(30)

fn=(140)
385 36
241 8
385 4
241 4
cfi=(41) ./string/../sysdeps/x86_64/multiarch/../multiarch/strchr-sse2.S
cfn=(118) index
calls=4 32 
* 168
+3 8
410 4
-11 4
+11 24
-11 4
cfi=(44)
cfn=(142)
calls=4 40 
* 370

fn=(208) open_path
1812 32
+1 4
-1 12
+1 4
+6 8
+5 68
+67 8
-74 4
+7 12
+57 4
-65 4
+65 4
+10 8
-64 8
+8 24
-8 24
+8 72
+7 32
-11 16
+12 16
-1 64
cfi=(29)
cfn=(126)
calls=16 197 
* 208
+1 160
+50 42
-2 84
-48 176
+3 96
+5 210
cfi=(29)
cfn=(126)
calls=30 197 
* 390
* 120
cfi=(29)
cfn=(126)
calls=30 197 
* 390
+3 60
+6 90
+3 210
cfn=(170) open_verify.constprop.0
calls=30 1572 
* 1680
* 30
+2 90
+2 18
+93 36
-88 18
+1 63
+6 9
+2 18
-2 18
+2 9
cfi=(65) ./io/../sysdeps/unix/sysv/linux/stat64.c
cfn=(210) stat
calls=9 28 
* 138
* 9
+3 9
-3 18
+1 6
+9 24
+2 3
-2 6
+2 22
+44 128
+6 32
-2 16
+2 32
+3 12
1822 8
+2 8

fn=(176) _dl_map_object_from_fd
944 50
+15 5
-15 10
+15 5
-15 10
+15 10
+77 20
+10 10
+7 35
cfi=(26)
cfn=(72)
calls=5 59 
* 1914
* 5
+1 10
+11 5
+5 5
-4 5
-1 5
+2 5
+2 5
-2 5
+2 10
+1 15
+1 8
+19 8
-2 4
+2 42
-2 1
+2 55
+10 5
-10 5
+10 15
+27 5
-33 5
-3 5
+2 5
-1 5
+35 5
+9 5
-50 5
+41 5
+9 5
-36 5
+63 25
-62 200
+26 140
+8 40
+1 20
-1 20
+1 80
+1 20
-1 20
+1 20
+2 20
-2 20
+2 20
+2 20
-4 20
+1 20
+3 20
-4 20
+4 100
+2 40
+13 40
+1 75
+5 15
+1 135
-28 30
-35 45
+62 5
+1 45
-28 10
-35 120
+1 307
1213 5
1100 5
1213 10
1100 15
1218 35
+10 15
+1 5
-1 5
+1 5
-1 15
+1 15
-1 15
+1 15
-1 45
1066 10
1235 10
+10 20
+7 20
fi=(59) ./elf/./dl-map-segments.h
28 5
fe=(30)
1252 15
fi=(59)
28 10
+1 40
cfi=(57)
cfn=(182)
calls=5 +18 
* 140
+73 10
-1 5
-72 5
+73 5
+3 10
+1 5
+2 5
-3 5
+1 5
+2 5
+17 5
-44 5
fi=(60) ./elf/./dl-load.h
+10 40
fi=(59)
+58 80
+6 5
+2 5
-2 5
+1 5
+2 10
-1 10
+3 10
+5 10
+3 15
+8 30
cfi=(43)
cfn=(130)
calls=5 -44 
* 763
* 5
+6 10
+12 20
-59 120
+2 60
+2 120
cfi=(57)
cfn=(182)
calls=15 -92 
* 315
* 30
fe=(30)
1264 5
fi=(56) ./elf/../sysdeps/posix/dl-fileid.h
37 10
cfi=(55) ./io/../sysdeps/unix/sysv/linux/fstat64.c
cfn=(178) fstat
calls=5 -7 
* 30
* 10
fe=(30)
989 10
fi=(56)
40 15
fe=(30)
989 5
fi=(56)
40 5
fe=(30)
989 80
+1 40
fi=(56)
49 60
fe=(30)
1519 45
1074 13
+1 2
-1 1
+1 1
-1 1
+1 1
cfi=(70) ./io/../sysdeps/unix/sysv/linux/pread64_nocancel.c
cfn=(226) __pread64_nocancel
calls=1 25 
* 7
* 2
+46 2
+1 1
-15 10
+7 5
+2 5
-2 5
+1 5
+1 5
-1 10
+1 40
+60 9
+5 3
-1 6
+5 3
-5 6
-66 3
+71 12
+1 3
+3 3
-3 3
+8 12
+15 10
+1 5
1008 10
1268 20
+1 15
fi=(61) ./elf/./elf/get-dynamic-info.h
39 10
+6 5
-2 5
+11 5
+1 5
-10 10
+8 6
+15 6
-23 24
+23 132
-23 528
+4 276
+3 37
-1 74
+3 124
+1 104
+1 25
+16 20
+12 17
+1 20
+1 20
+1 20
+1 17
+1 19
+1 19
+1 20
+12 5
+7 5
-7 35
+7 11
+5 8
+7 8
+1 15
+6 15
+1 6
+17 15
+5 4
+2 4
+2 4
+2 4
+4 15
+2 9
+1 6
+9 6
+6 6
+4 10
fe=(30)
1275 10
+1 10
+2 10
+10 15
+19 15
+2 30
+52 15
+1 6
+6 45
+1 100
+6 20
cfn=(88)
calls=5 868 
* 372
-7 125
+1 60
+6 60
-6 120
fi=(31)
149 20
fe=(30)
1380 10
cfi=(62)
cfn=(194)
calls=5 25 
* 30
* 10
+13 10
+2 20
+2 10
+16 10
cfi=(8)
cfn=(14)
calls=5 25 
* 135
+4 10
+1 10
+17 10
+1 1
+3 1
+5 1
-5 1
+5 1
-5 4
+5 4
-5 4
+5 4
+5 10
+12 40
+10 10
+1 12
+5 6
cfi=(46)
cfn=(224)
calls=3 125 
* 36
+7 15
cfi=(26)
cfn=(84)
calls=5 31 
* 295
+3 10
+4 10
cfi=(45)
cfn=(196)
calls=5 38 
* 35
* 5
+1 15
+22 35
+1 15
cfi=(48)
cfn=(198) _dl_audit_objopen
calls=5 77 
* 25
* 5
fi=(60)
92 16
+2 4
-1 4
+1 4
-1 4
+1 4
-1 4
+1 4
-1 8
+3 16
fi=(61)
-37 20
+3 20
+2 20
181 6
-22 4
fe=(30)
1510 10
1074 2
fi=(59)
186 16
cfi=(57)
cfn=(182)
calls=2 47 
* 42
+3 4
fe=(30)
1462 12
+2 3
-1 15
+1 3
-1 3
+1 3
-1 3
cfi=(32)
cfn=(94)
calls=3 98 
* 75
* 6
+2 5
1275 4

fn=(204) _dl_dst_count
238 24
+3 12
-3 60
+7 12
-7 24
+3 12
cfi=(41)
cfn=(118)
calls=12 32 
* 384
+3 24
+20 108

fn=(166)
1967 156
+8 26
+1 52
+3 272
+5 357
+2 153
cfi=(52)
cfn=(168) _dl_name_match_p
calls=51 68 
* 5213
* 102
+4 86
+1 129
+4 22
-1 110
+1 22
+1 22
-1 22
+1 44
cfi=(32)
cfn=(94)
calls=22 98 
* 595
* 44
2270 122
2011 15
-1 10
+9 5
-50 5
+50 10
+17 10
-2 5
+2 5
cfi=(41)
cfn=(118)
calls=5 32 
* 120
* 10
2202 2
-1 3
cfn=(140)
calls=1 385 
* 175
+6 1
-7 1
+1 1
+2 2
+4 7
cfn=(170)
calls=1 1572 
* 106
+3 2
-3 1
+3 1
+12 4
+45 1
+1 5
-1 1
+1 8
cfn=(176)
calls=1 944 
* 1940
-1 4
+1 20
-1 4
+1 32
cfn=(176)
calls=4 944 
* 8862
* 15
2040 8
cfi=(22)
cfn=(62)
calls=4 57 
* 68
* 8
+2 8
+7 16
+51 52
cfn=(208)
calls=4 1812 
* 5124
+6 4
-6 4
+6 8
2222 16
+46 8
682 4
2107 4
682 8
+3 2
2135 8
cfi=(67)
cfn=(214)
calls=4 403 
* 5987
* 4
+2 8
+4 8
+31 4
-23 8
+23 28
cfn=(170)
calls=4 1572 
* 461
+4 8
-4 4
+4 4
+1 4
+17 8
2074 20
682 4
2075 4
682 12
2099 8
+1 8
-47 4
+1 4
696 20
2058 15
682 5
2059 5
682 10
+3 2
+3 3
+3 1
+1 1
2073 20
+1 8
688 3
2115 3
+14 6
+2 12
-47 8
691 1
2115 1
+14 2

fn=(170)
1572 350
+32 35
-32 70
+32 70
+19 140
cfi=(53) ./io/../sysdeps/unix/sysv/linux/open64_nocancel.c
cfn=(172) __open_nocancel
calls=35 28 
* 790
* 35
+2 70
+8 5
+1 10
+5 5
-5 5
+5 25
cfi=(54) ./io/../sysdeps/unix/sysv/linux/read_nocancel.c
cfn=(174) __read_nocancel
calls=5 25 
* 30
+2 10
+2 10
+2 10
+6 10
+17 65
+81 10
+5 10
+6 20
+6 10
+6 5
+1 5
-1 15
+1 15
+26 315
-22 13
+1 2
-1 1
+1 1
cfi=(70)
cfn=(226)
calls=1 25 
* 7
* 2
1668 9
-59 60
1777 2

fn=(106)
706 11
+14 1
-14 2
+14 2
cfi=(37) ./elf/./elf/dl-hwcaps.c
cfn=(108) _dl_important_hwcaps
calls=1 172 
* 1244
fi=(28)
56 1
fe=(30)
720 1
fi=(28)
56 1
cfi=(27)
cfn=(78)
calls=1 -20 
* 30
fe=(30)
725 1
+2 3
+8 2
-1 3
+5 3
fi=(28)
56 1
cfi=(27)
cfn=(78)
calls=1 -20 
* 30
fe=(30)
739 1
+2 4
+7 1
+8 1
+2 1
+12 2
-23 1
+9 1
+11 1
-4 1
-5 1
+3 2
+7 2
+2 2
-11 1
+11 3
-8 1
+4 1
+1 3
+1 16
cfi=(43)
cfn=(130)
calls=4 132 
* 56
+2 15
-14 3
+10 3
+4 9
-12 3
-2 3
+2 3
+4 3
-3 3
+3 3
+1 3
-2 3
+5 9
+1 6
+3 1
+15 1
-8 1
+5 1
-6 1
+9 2
+2 4
+2 3
+36 5
+2 2
cfi=(22)
cfn=(62)
calls=1 57 
* 61
* 9
-19 1
-2 1
+2 2
+19 9
cfi=(29)
cfn=(82)
calls=1 210 
* 19
* 1
+5 4
-1 2
+2 1
+1 2
-2 4
+1 60
+1 120
-2 240
+5 1
fi=(28)
56 1
cfi=(27)
cfn=(78)
calls=1 -20 
* 30
fe=(30)
836 1
fi=(28)
56 1
fe=(30)
838 2
+6 6
cfn=(132)
calls=1 468 
* 2256
+3 3
+6 1
+4 8
-35 2
+5 2

fl=(13)
fn=(26) _dl_sort_maps_init
289 2
+1 2
-1 2
+1 2
cfi=(11)
cfn=(28)
calls=1 +97 
* 24
+2 3
-1 1
+2 2

fn=(232)
298 24
+8 2
-8 2
+8 4
+4 16
-99 2
-28 2
-2 2
+1 4
+29 2
-28 8
+1 2
-1 2
+1 2
-1 4
+1 12
-1 12
+1 12
-1 24
+28 30
+8 6
-3 2
+2 2
+1 4
-3 2
+5 44
+2 14
-83 64
cfn=(234) dfs_traversal.part.0
calls=12 -5 
* 633
+86 40
+18 8
+32 8
+7 2
+27 2
-47 6
cfi=(29)
cfn=(82)
calls=2 -53 
* 38
* 2

fn=(234)
135 108
+10 12
-2 12
+2 24
+2 36
-7 62
+7 116
+9 24
+15 36
+1 12
+1 78
cfn=(235) dfs_traversal.part.0'2
calls=2 -38 
* 85
-26 10
+9 18

fn=(235)
135 18
+10 2
-2 2
+2 4
+2 8
-7 8
+7 16
+9 4
+15 6
+1 2
+1 12
-17 3

fl=(25)
fn=(70)
28 3
+1 3
+3 99
+13 89
-13 178
+2 182
+1 12
+5 2
-3 2
+3 2
+2 2

fl=(22)
fn=(62)
57 34
+44 34
+1 34
+1 34
+1 34
+1 34
+1 34
+1 34
+2 34
+2 34
+31 33
+1 33
+1 33
+1 33
+1 33
+1 14
+2 14
+4 19
+1 19
+1 19
+1 19
+1 19
+1 19
+1 19
+1 19
+1 19
+1 19
+1 19
+1 19
+5 150
+4 1
+1 14
+1 6
+15 1
+1 1
+1 2
+51 1
+1 1
+1 1
+1 1
+1 1
+1 1
+1 1
+1 1
-7 1
+1 1
+1 1
+1 1
+1 1
+1 1
+1 1
+1 1
+16 2
+2 2
+1 28
+2 2
+1 2
+1 2
+2 2

fl=(48)
fn=(152)
29 2
+2 1
-2 5
+1 1
+1 2
+6 6

fn=(570)
41 3
+4 12
+1 3
+1 15

fn=(1322) _dl_audit_preinit
118 1
+1 4

fn=(1548)
97 7
+1 28

fn=(198)
77 5
+1 20

fl=(52)
fn=(168)
68 812
+1 232
cfi=(32)
cfn=(94)
calls=116 +29 
* 3855
* 232
+3 116
+2 232
+6 113
-6 226
+1 399
cfi=(32)
cfn=(94)
calls=133 +23 
* 4622
* 266
+8 20
-13 20
+13 156
-1 96
+1 288

fn=(216)
36 2
+3 1
-3 7
+3 1
-3 2
+3 1
cfi=(53)
cfn=(172)
calls=1 -11 
* 20
+1 2
+23 8
-21 4
cfi=(55)
cfn=(178)
calls=1 -12 
* 6
* 2
+2 2
+3 2
+13 2
cfi=(62)
cfn=(194)
calls=1 -35 
* 6
* 1
-11 6
cfi=(57)
cfn=(182)
calls=1 -2 
* 26
* 2

fn=(524)
87 2
+38 2
-1 2
+3 2
+2 80
+1 30
+3 7
-6 24
+18 2
+1 2
-15 6

fl=(23) ./elf/../misc/sbrk.c
fn=(64) sbrk
37 4
+3 1
-3 2
+21 2
+4 2
+16 5

fl=(9)
fn=(568)
147 1
+1 1

fn=(18) _dl_sysdep_parse_arguments
78 1
+2 1
-2 6
+1 1
+1 1
-1 1
+2 2
+2 1
-2 1
+2 2
-1 1
+1 2
-1 90
+1 180
+7 56
fi=(10) ./elf/../sysdeps/unix/sysv/linux/dl-parse_auxv.h
-49 1
fe=(9)
+45 1
fi=(10)
-54 1
fe=(9)
+54 1
fi=(10)
-54 1
+1 1
+1 1
+7 3
+1 44
+1 22
-2 22
+2 22
-2 67
fe=(9)
+52 3
+1 1
+1 2
fi=(10)
-49 1
+1 1
fe=(9)
+46 1
fi=(10)
-45 1
+3 1
+1 1
+1 1
+1 1
+2 1
-5 1
-4 1
+1 1
+4 1
+1 1
+3 1
-7 1
-4 1
+1 1
+8 1
fe=(9)
+40 1
-1 1
+2 1
+1 6

fn=(16)
102 5
+4 1
-4 1
+1 1
+3 1
cfn=(18)
calls=1 -28 
* 567
+4 2
cfi=(11)
cfn=(22) __GI___tunables_init
calls=1 261 
* 56416
+3 1
cfi=(13)
cfn=(26)
calls=1 289 
* 38
+2 2
cfi=(14)
cfn=(30)
calls=1 -79 
* 8
fi=(6)
220 1
cfi=(15)
cfn=(34) _dl_x86_init_cpu_features
calls=1 37 
* 7349
fe=(9)
-98 3
+1 1
cfi=(22)
cfn=(62)
calls=1 -66 
* 17
* 1
+2 2
cfi=(23)
cfn=(64)
calls=1 -88 
* 16
* 3
+12 3
+3 5
cfi=(2)
cfn=(66)
calls=1 1346 
* 1745667
+3 4

fl=(42)
fn=(122)
59 2
+12 2
+1 2
+22 1
+1 1
+45 1
+1 1
+2 1
+1 1
+2 1
+1 1
+2 1
+1 1
+47 1
+1 1
+1 1
+1 1
+1 1
+1 1
+53 1
+2 1
+1 1
+1 1
+1 1
+1 1
+1 1
+68 1
+1 1
+1 1
+1 1
+1 1

fl=(65)
fn=(210)
28 18
+1 36
cfi=(66)
cfn=(212)
calls=9 146 
* 84

fl=(187)
fn=(644)
46 726
+2 330
+1 66
+6 66
fi=(260) ./elf/../sysdeps/x86_64/dl-runtime.h
-27 66
fe=(187)
+21 66
+5 66
+1 66
-6 66
+6 132
+1 66
+2 66
-2 66
+2 66
-2 330
+7 132
+4 132
+4 66
-2 66
+2 132
+4 198
+1 264
+1 198
+8 66
-1 66
+1 132
+10 660
cfi=(78)
cfn=(270)
calls=66 772 
* 45973
* 66
+4 330
+10 660
+15 264
+9 198
+26 198
fi=(6)
+75 66
fe=(187)
-71 528

fl=(7)
fn=(12)
42 1
+1 2
+1 2
+1 2
+1 2
+1 1

fn=(542) lookup_malloc_symbol
61 8
+3 4
-3 12
+3 4
-3 12
+3 4
-3 4
+2 4
+1 16
cfi=(78)
cfn=(270)
calls=4 772 
* 2720
+4 28
+1 28
+2 4
fi=(166) ./elf/./dl-sym-post.h
-30 8
+12 12
fe=(7)
+19 24

fn=(538)
76 2
+10 1
fi=(165) ./elf/../sysdeps/generic/dl-hash.h
-41 1
-1 1
fe=(7)
+32 8
+11 1
-1 1
fi=(165)
-43 1
+5 3
+14 4
-17 3
+3 15
+14 20
-17 15
fe=(7)
+46 2
fi=(165)
-24 1
fe=(7)
+22 1
+2 2
fi=(165)
-19 1
fe=(7)
+19 1
cfn=(542)
calls=1 -30 
* 696
+1 3
-1 1
+1 1
cfn=(542)
calls=1 -31 
* 733
+1 3
-1 1
+1 1
cfn=(542)
calls=1 -32 
* 794
+1 3
-1 1
+1 1
cfn=(542)
calls=1 -33 
* 669
+5 1
+1 1
+1 1
+1 1
+1 8

fn=(134)
239 5
+3 10
+2 5
+1 10
+4 12
-2 8
+4 122
+5 348
-2 238
+6 6
+7 3
+4 6
-4 1
+4 4
-22 58
+15 58
-15 118

fl=(73)
fn=(240)
392 7
+4 5
-2 1
+4 42
cfn=(242) _dl_check_map_versions
calls=7 155 
* 24790
-2 7
+2 21
-1 7
-1 14
+5 7

fn=(242)
155 70
+15 21
+2 35
+2 7
+1 7
+2 14
+3 10
-16 10
+20 5
-4 5
-24 5
+28 35
+16 10
36 5
200 5
36 35
200 14
36 7
200 7
36 49
+1 53
-1 106
+2 195
cfi=(52)
cfn=(168)
calls=65 +30 
* 6472
* 142
208 36
+5 12
fi=(261) ./elf/../sysdeps/generic/_itoa.h
76 36
fe=(73)
213 24
+4 24
+1 24
-1 24
+4 12
-3 12
+3 12
-3 36
-1 78
+1 78
-1 78
+4 39
-3 39
+3 39
-3 177
56 204
+8 153
+6 153
+16 51
+1 102
+2 51
+5 357
+14 1830
+12 2592
+4 864
-30 1728
231 204
+3 153
+5 39
-24 39
110 51
+3 255
cfi=(32)
cfn=(94)
calls=51 -15 
* 1947
* 153
224 153
+1 3
cfi=(32)
cfn=(94)
calls=1 98 
* 71
* 2
+3 26
+15 36
+5 7
-50 7
+59 25
+3 10
+3 35
+3 20
+4 5
-7 20
+3 15
+4 124
-7 496
+3 377
+8 15
+6 12
fi=(28)
44 6
fe=(73)
280 12
fi=(28)
44 6
cfi=(27)
cfn=(74)
calls=6 +36 
* 301
fe=(73)
281 12
-2 6
fi=(28)
44 6
fe=(73)
281 6
+13 6
-3 6
+3 24
+2 12
+3 20
+4 36
+7 51
+1 51
-1 153
+1 51
+1 51
-2 51
+2 102
+1 153
+3 153
+5 39
-15 39
+2 39
-2 39
+2 39
-2 39
+2 78
-2 12
+2 12
-2 12
+2 12
-2 12
+2 24
+16 36
+5 7
-28 7
+33 10
+3 10
+4 129
+6 129
+1 129
+1 129
-1 387
+1 129
-1 129
+1 129
+1 129
+3 387
+4 129
-14 268
+10 15
+12 10
+1 10
+1 10
+1 4
+19 63
164 2
-8 2
257 5
+17 3
+60 2
-40 2
+76 4
+2 4
+4 2
-4 120
+1 60
+2 1
+1 2
-1 1
+1 1
cfi=(32)
cfn=(244)
calls=1 98 
* 32
* 2

fl=(38) ./elf/../sysdeps/x86_64/dl-hwcaps-subdirs.c
fn=(110) _dl_hwcaps_subdirs_active
29 1
fi=(19)
+2 1
fe=(38)
+7 1
fi=(19)
-8 4
fe=(38)
+22 1
fi=(19)
-20 3
+4 1
fe=(38)
+2 1
fi=(19)
-2 2
+3 4
+1 4
+5 1
fe=(38)
-7 1
fi=(19)
+7 3
fe=(38)
-2 1
fi=(19)
+5 2
+3 5
+2 4
+1 2
+1 2
+3 1
fe=(38)
-10 1
fi=(19)
+10 3
fe=(38)

fl=(53)
fn=(172)
28 72
+3 36
-3 72
+3 216
+8 252
+2 12
-2 90
+2 60

fl=(57)
fn=(182)
47 26
+3 52
-3 156
+6 52
+5 156
+2 104
-7 55

fl=(39) ./elf/./elf/dl-hwcaps_split.c
fn=(120) _dl_hwcaps_split
25 5
+1 3
+21 1
-20 1
+20 3

fn=(114) _dl_hwcaps_split_masked
51 110
-25 44
+36 5
-7 5
+7 35
-26 24
+5 27
cfi=(41)
cfn=(118)
calls=9 -9 
* 216
* 9
+1 18
+3 6
+11 12
+1 18
+1 12
-2 6
+1 9
+1 6
-28 24
+4 48
+1 12
-1 30
+24 6
+9 12
-5 6
-2 6
+2 42
-19 6
cfi=(22)
cfn=(62)
calls=3 +14 
* 51
* 6

fl=(55)
fn=(178)
30 6
+9 24
+33 6

fl=(41)
fn=(118)
32 30
+1 30
+1 30
+1 30
+1 30
+1 30
+1 30
+1 30
+1 30
+1 30
+1 30
+1 30
+1 30
+1 30
+1 30
+1 30
+1 30
+1 30
+1 23
+4 23
+1 23
+1 23
+1 23
+2 23
+4 7
+1 7
+1 7
+1 7
+1 7
+1 7
+1 7
+1 7
+1 7
+1 7
+1 7
+1 7
+1 7
+1 7
+1 7
+1 7
+1 7
+1 7
+1 7
+1 7
+1 7
+1 7
+1 7
+1 7
+52 7
+4 7
+1 7
+1 7
+1 7
+2 7

fl=(11)
fn=(22)
261 8
+22 1
-22 1
128 1
283 1
-22 1
+6 4
42 460
+6 91
-3 91
+3 9275
+4 182
+4 182
fi=(12) ./elf/./elf/dl-tunables.h
160 91
fe=(11)
56 182
fi=(12)
161 36
-1 199
+1 309
-1 182
fe=(11)
281 14924
+6 27027
fi=(12)
160 910
+1 1820
-1 43
+1 172
-1 215
fe=(11)
304 8

fn=(58)
153 15
-81 40
+81 15
-81 10
+10 5
fi=(262) ./elf/./dl-tunable-types.h
+2 5
fe=(11)
+9 40
+1 25
fi=(12)
+47 10
fe=(11)
-26 25
+1 5
+1 5
+1 5
+39 15
fi=(12)
-15 10
fe=(11)
-45 10
+3 5
fi=(12)
+51 5
fe=(11)
-51 5
+4 10
+7 10
+1 10
-12 25

fn=(28)
387 39
+3 78
-3 39
+3 312
+9 36
-9 72
+19 25
+7 234
+2 39
-19 14
+1 14
+9 6

fl=(37)
fn=(108)
172 6
+3 1
-3 3
+3 1
-3 5
+2 1
cfi=(38)
cfn=(110)
calls=1 29 
* 49
+1 1
fi=(40) ./elf/./dl-hwcaps.h
43 1
fe=(37)
174 1
fi=(40)
45 2
+32 1
+1 1
+1 1
fe=(37)
-27 2
cfi=(39)
cfn=(114)
calls=1 -1 
* 23
* 2
fi=(40)
-9 1
+2 1
-2 1
+34 2
+1 2
+1 1
fe=(37)
-24 2
-1 2
+1 2
+1 2
+1 2
-5 4
cfi=(39)
cfn=(114)
calls=2 -1 
* 130
* 2
cfi=(39)
cfn=(114)
calls=1 -1 
* 125
* 6
+48 4
fi=(28)
-44 2
cfi=(27)
cfn=(78)
calls=1 -20 
* 30
fe=(37)
+46 2
-2 1
+2 1
+3 1
+3 1
fi=(40)
-65 1
+2 1
fe=(37)
+67 1
fi=(40)
-66 1
fe=(37)
+66 2
cfi=(39)
cfn=(120)
calls=1 -87 
* 13
* 2
fi=(40)
-69 1
+2 1
-2 1
+34 2
+1 2
+1 1
fe=(37)
+48 10
+1 4
+1 2
+1 2
-1 2
-4 4
cfi=(39)
cfn=(114)
calls=2 -74 
* 130
* 2
cfi=(39)
cfn=(114)
calls=1 -74 
* 125
* 6
+8 3
+9 5
+3 8
-2 6
+14 1
+4 1
+1 1
+1 1
-20 3
+19 1
+1 1
-20 2
+8 2
+4 2
-4 3
+4 2
cfi=(42)
cfn=(122)
calls=1 -96 
* 19
+1 3
-14 8
+47 1
-4 2
+4 2
-3 1
+7 1
-7 2
+7 1
fi=(28)
56 1
cfi=(27)
cfn=(78)
calls=1 -20 
* 30
* 1
fe=(37)
194 2
+8 1
fi=(40)
43 1
fe=(37)
201 1
80 1
fi=(40)
-35 1
fe=(37)
+35 1
202 1
fi=(40)
77 1
+1 1
fe=(37)
202 3
fi=(40)
79 1
fe=(37)
-2 2
cfi=(39)
cfn=(114)
calls=1 -26 
* 23
* 2
fi=(40)
-34 1
+2 1
fe=(37)
+35 2
fi=(40)
-37 1
+34 2
+1 2
+1 3
fe=(37)
+1 4
+7 2
-7 8
cfi=(29)
cfn=(126)
calls=2 197 
* 26
+4 2
+2 2
+2 2
-2 4
-9 4
cfi=(39)
cfn=(114)
calls=2 -26 
* 130
* 2
cfi=(39)
cfn=(114)
calls=1 -26 
* 125
* 6
213 2
-5 1
+1 1
-1 1
+5 1
+3 9

fl=(15)
fn=(550)
71 1
-32 3
+32 2

fn=(34)
37 1
+2 3
+2 1
cfi=(16)
cfn=(36)
calls=1 682 
* 7344

fl=(26)
fn=(84)
31 24
+2 6
-2 12
+2 6
-2 18
+2 6
cfi=(24)
cfn=(86)
calls=6 +9 
* 18
+2 53
+3 80
+2 5
+2 5
+4 5
+4 5
-4 10
+1 10
+1 10
+3 25
-1 5
cfi=(24)
cfn=(86)
calls=5 -8 
* 15
-4 1
+4 1
-4 2
+1 2
+1 2
+3 5
-1 1
cfi=(24)
cfn=(86)
calls=1 -8 
* 3
-5 2

fn=(72)
59 90
+3 12
+18 10
+3 5
cfi=(22)
cfn=(62)
calls=5 -26 
* 103
+4 5
-4 5
+4 5
+5 5
-9 15
fi=(28)
-39 10
cfi=(27)
cfn=(74)
calls=5 +36 
* 306
fe=(26)
+39 1
fi=(28)
-39 2
cfi=(27)
cfn=(74)
calls=1 +36 
* 47
* 6
fe=(26)
+51 12
+5 6
+4 6
-6 6
+2 6
+4 6
-5 6
+4 6
+1 6
-1 6
+1 12
cfi=(29)
cfn=(82)
calls=6 210 
* 77
* 6
+15 6
-15 6
+2 6
+13 12
+6 1
+2 7
+3 2
-3 35
+3 10
+2 6
+4 6
+3 16
+2 12
-2 8
+2 8
-2 16
+16 12
-5 6
+5 6
-6 6
+6 6
-6 6
+6 12
+2 10
+3 10
-3 10
+7 24
+4 15
+8 1
+13 1
-10 2
+10 8
-10 10
+10 15
+2 5
cfi=(22)
cfn=(62)
calls=5 57 
* 203
+21 5
-21 15
+17 5
-13 15
+50 15
cfi=(29)
cfn=(126)
calls=5 -48 
* 89
* 5
+5 10
+1 10
-1 158
+1 158
+4 10
+1 5
+3 5
+4 54
131 12
-8 5
-4 10
+34 1
+7 4
+8 20
fi=(28)
56 10
cfi=(27)
cfn=(78)
calls=5 -20 
* 150
* 5
fe=(26)
200 10
-1 10
64 2
+2 3
+1 2
+4 6
+6 2

fl=(64)
fn=(202)
143 4
+1 2
-1 1
+1 1
-1 2
+1 1
-1 1
+1 1
-1 4
+1 3
-1 1
+1 7
-8 1
+8 2
-8 1
-6 1
-2 1
+16 1
-8 1
-7 1
+1 1
+6 1
+24 4
-28 3
-2 1
+31 1
-33 2
+2 2
+30 2
-30 1
-1 4
+7 4
+24 3
+28 3
-6 1
+46 1
fi=(72) ./elf/../include/scratch_buffer.h
77 1
fe=(64)
+87 1
fi=(72)
-87 1
+1 1
fe=(64)
184 1
+44 4
-31 1
-4 1
+4 8
-4 6
+4 12
+11 18
-18 2
+18 4
417 14
+2 5
+3 5
-3 15
+3 5
-3 5
fi=(28)
56 5
cfi=(27)
cfn=(78)
calls=5 -20 
* 150
fe=(64)
423 15
fi=(28)
56 5
fe=(64)
423 5
+6 5
+1 25
cfi=(29)
cfn=(82)
calls=5 210 
* 63
+1 25
cfi=(29)
cfn=(82)
calls=5 210 
* 63
+3 5
+1 10
+4 21
188 12
442 18
-1 7
+1 14
183 6
+27 20
+7 5
+4 5
-6 5
+1 5
+1 5
+1 10
+3 15
-2 5
-29 25
+32 298
+6 48
cfi=(30)
cfn=(204)
calls=12 +10 
* 660
* 36
+4 24
-2 12
+2 24
cfi=(50)
cfn=(160)
calls=12 -28 
* 29431
+1 24
+9 12
+2 24
+5 25
+6 5
+2 5
-8 10
+3 5
+1 5
+1 5
+1 5
+4 5
-3 5
+3 15
+4 36
+1 27
-43 611
+7 24
+38 411
fi=(72)
85 3
fe=(64)
448 5
+1 1
+3 4
+11 5
fi=(28)
56 1
cfi=(27)
cfn=(78)
calls=1 -20 
* 30
fe=(64)
465 3
fi=(28)
56 1
fe=(64)
465 1
+5 2
+1 1
-1 3
+4 3
-2 2
+13 6
+5 6
-16 18
+11 6
-7 6
+7 6
-2 12
-5 1
+7 1
-2 2
+2 1
-11 1
+11 1
+5 1
-16 3
+21 3
+37 2
+15 2
-14 2
+20 1
-1 4
+1 4
-1 5
cfi=(13)
cfn=(232)
calls=1 298 
* 489
+5 1
+2 1
+1 1
+1 2
-2 1
+2 1
+7 3
+3 2
+3 8
198 46
+3 5
fi=(72)
-70 20
cfi=(71)
cfn=(228)
calls=5 30 
* 125
fe=(64)
+70 15
+4 10
547 4
cfi=(29)
cfn=(82)
calls=1 210 
* 19
* 3
-53 2
144 2

fn=(206)
61 72
+7 12
-4 36
+1 12
-1 84
cfi=(30)
cfn=(166)
calls=12 1967 
* 28375
* 12
+5 36

fl=(54)
fn=(174)
25 5
+1 20
+1 5

fl=(70)
fn=(226)
25 4
+1 8
+1 2

fl=(58)
fn=(184)
33 3
+2 11
-2 4
+7 1
-7 2
+7 1
-7 2
+7 1
-7 1
+7 1
cfi=(11)
cfn=(28)
calls=1 387 
* 24
* 3
+7 1
+2 6

fl=(241)
fn=(1522)
24 56
+4 14
+6 7
-2 7
+3 14
+3 5
+1 5
-1 5
+1 10
+3 20
+1 5
cob=(3)
cfi=(183)
cfn=(1702) 0x00000000000104a0
calls=1 -43 
* 152
cob=(6)
cfi=(184)
cfn=(1672)
calls=1 -43 
* 42
cob=(7)
cfi=(185)
cfn=(1568) 0x00000000000b7aa0
calls=1 -43 
* 8859
cob=(5)
cfi=(178)
cfn=(1550) 0x00000000000010d0
calls=1 -43 
* 152
cob=(8)
cfi=(211)
cfn=(1524)
calls=1 -43 
* 152
* 1
cob=(6)
cfi=(184)
cfn=(1684)
calls=1 -43 
* 152
-1 24
+5 7
+1 14
+1 10
+1 25
-1 5
cob=(4)
cfi=(175)
cfn=(1718) 0x0000000004dac3a8
calls=1 -49 
* 4
cob=(4)
cfi=(175)
cfn=(1700) 0x0000000004b05748
calls=1 -49 
* 4
cob=(4)
cfi=(175)
cfn=(1670) 0x0000000004a44ce4
calls=1 -49 
* 4
cob=(4)
cfi=(175)
cfn=(1566) 0x000000000483d294
calls=1 -49 
* 4
cob=(4)
cfi=(175)
cfn=(1546) 0x000000000010e3e8
calls=1 -49 
* 4
+1 12

ob=(7)
fl=(185)
fn=(656) 0x00000000000e98b0
0 12
cob=(4)
cfi=(175)
cfn=(666) 0x0000000004902410
calls=1 0 
0 72511
0 9
cob=(4)
cfi=(175)
cfn=(1018) 0x0000000004901780
calls=1 0 
0 744
0 176

fn=(700) 0x00000000000d0450
0 7
cob=(4)
cfi=(175)
cfn=(704) 0x0000000004902500
calls=1 0 
0 1809

fn=(730) std::locale::id::_M_id() const
0 948

fn=(832) std::codecvt<wchar_t, char, __mbstate_t>::codecvt(unsigned long)
0 14
cob=(4)
cfi=(175)
cfn=(684) 0x00000000049043c0
calls=1 0 
0 25
0 5

fn=(1084)
0 12

fn=(1116)
0 23
cob=(4)
cfi=(175)
cfn=(1118) 0x0000000004902cb0
calls=1 0 
0 1868
0 27
cob=(4)
cfi=(175)
cfn=(1136) 0x0000000004902210
calls=1 0 
0 2676
0 8

fn=(1336) operator new[](unsigned long)
0 40024
cob=(4)
cfi=(175)
cfn=(1338) 0x0000000004901cc0
calls=20012 0 
0 1303979

fn=(1604) std::ios_base::Init::~Init()
0 14
cob=(4)
cfi=(175)
cfn=(1606) 0x00000000049038a0
calls=1 0 
0 2273
0 2
cob=(4)
cfi=(175)
cfn=(1606)
calls=1 0 
0 2739
0 2
cob=(4)
cfi=(175)
cfn=(1606)
calls=1 0 
0 138
0 2
cob=(4)
cfi=(175)
cfn=(1648) 0x0000000004904980
calls=1 0 
0 1938
0 2
cob=(4)
cfi=(175)
cfn=(1648)
calls=1 0 
0 401
0 2
cob=(4)
cfi=(175)
cfn=(1648)
calls=1 0 
0 138
0 2

fn=(670) std::locale::_Impl::_Impl(unsigned long)
0 142
cob=(4)
cfi=(175)
cfn=(672) 0x00000000049023e0
calls=1 0 
0 822
0 7
cob=(4)
cfi=(175)
cfn=(678) 0x00000000049017a0
calls=1 0 
0 4576
0 4
cob=(4)
cfi=(175)
cfn=(720) 0x00000000049030e0
calls=1 0 
0 2066
0 4
cob=(4)
cfi=(175)
cfn=(732) 0x00000000049029e0
calls=1 0 
0 833
0 4
cob=(4)
cfi=(175)
cfn=(720)
calls=1 0 
0 400
0 24
cob=(4)
cfi=(175)
cfn=(738) 0x0000000004904700
calls=1 0 
0 1426
0 4
cob=(4)
cfi=(175)
cfn=(720)
calls=1 0 
0 400
0 8
cob=(4)
cfi=(175)
cfn=(720)
calls=1 0 
0 400
0 8
cob=(4)
cfi=(175)
cfn=(720)
calls=1 0 
0 400
0 5
cob=(4)
cfi=(175)
cfn=(684)
calls=1 0 
0 25
0 5
cob=(4)
cfi=(175)
cfn=(720)
calls=1 0 
0 400
0 29
cob=(4)
cfi=(175)
cfn=(744) 0x0000000004902e30
calls=1 0 
0 1187
0 4
cob=(4)
cfi=(175)
cfn=(720)
calls=1 0 
0 400
0 29
cob=(4)
cfi=(175)
cfn=(750) 0x0000000004904530
calls=1 0 
0 1188
0 4
cob=(4)
cfi=(175)
cfn=(720)
calls=1 0 
0 400
0 8
cob=(4)
cfi=(175)
cfn=(720)
calls=1 0 
0 400
0 8
cob=(4)
cfi=(175)
cfn=(720)
calls=1 0 
0 400
0 35
cob=(4)
cfi=(175)
cfn=(756) 0x0000000004903a00
calls=1 0 
0 2039
0 4
cob=(4)
cfi=(175)
cfn=(720)
calls=1 0 
0 400
0 8
cob=(4)
cfi=(175)
cfn=(720)
calls=1 0 
0 400
0 8
cob=(4)
cfi=(175)
cfn=(720)
calls=1 0 
0 400
0 4
cob=(4)
cfi=(175)
cfn=(768) 0x0000000004901630
calls=1 0 
0 803
0 4
cob=(4)
cfi=(175)
cfn=(720)
calls=1 0 
0 400
0 4
cob=(4)
cfi=(175)
cfn=(774) 0x0000000004901b70
calls=1 0 
0 26868
0 4
cob=(4)
cfi=(175)
cfn=(720)
calls=1 0 
0 400
0 4
cob=(4)
cfi=(175)
cfn=(828) 0x00000000049025a0
calls=1 0 
0 833
0 4
cob=(4)
cfi=(175)
cfn=(720)
calls=1 0 
0 400
0 23
cob=(4)
cfi=(175)
cfn=(834) 0x0000000004901c60
calls=1 0 
0 1338
0 4
cob=(4)
cfi=(175)
cfn=(720)
calls=1 0 
0 400
0 8
cob=(4)
cfi=(175)
cfn=(720)
calls=1 0 
0 400
0 8
cob=(4)
cfi=(175)
cfn=(720)
calls=1 0 
0 400
0 5
cob=(4)
cfi=(175)
cfn=(684)
calls=1 0 
0 25
0 18
cob=(4)
cfi=(175)
cfn=(720)
calls=1 0 
0 400
0 28
cob=(4)
cfi=(175)
cfn=(840) 0x0000000004903d70
calls=1 0 
0 1198
0 4
cob=(4)
cfi=(175)
cfn=(720)
calls=1 0 
0 400
0 27
cob=(4)
cfi=(175)
cfn=(846) 0x0000000004902060
calls=1 0 
0 1166
0 4
cob=(4)
cfi=(175)
cfn=(720)
calls=1 0 
0 400
0 8
cob=(4)
cfi=(175)
cfn=(720)
calls=1 0 
0 400
0 8
cob=(4)
cfi=(175)
cfn=(720)
calls=1 0 
0 400
0 35
cob=(4)
cfi=(175)
cfn=(852) 0x00000000049043b0
calls=1 0 
0 2068
0 4
cob=(4)
cfi=(175)
cfn=(720)
calls=1 0 
0 400
0 8
cob=(4)
cfi=(175)
cfn=(720)
calls=1 0 
0 400
0 8
cob=(4)
cfi=(175)
cfn=(720)
calls=1 0 
0 400
0 4
cob=(4)
cfi=(175)
cfn=(864) 0x0000000004901ca0
calls=1 0 
0 803
0 4
cob=(4)
cfi=(175)
cfn=(720)
calls=1 0 
0 400
0 8
cob=(4)
cfi=(175)
cfn=(720)
calls=1 0 
0 400
0 8
cob=(4)
cfi=(175)
cfn=(720)
calls=1 0 
0 400
0 8
cob=(4)
cfi=(175)
cfn=(720)
calls=1 0 
0 400
0 8
cob=(4)
cfi=(175)
cfn=(720)
calls=1 0 
0 400
0 9
cfn=(870) 0x00000000000ed260
calls=1 0 
0 9401
0 3
cob=(4)
cfi=(175)
cfn=(726) 0x0000000004902800
calls=1 0 
0 8
0 5
cob=(4)
cfi=(175)
cfn=(726)
calls=1 0 
0 8
0 4
cob=(4)
cfi=(175)
cfn=(726)
calls=1 0 
0 8
0 5
cob=(4)
cfi=(175)
cfn=(726)
calls=1 0 
0 8
0 5
cob=(4)
cfi=(175)
cfn=(726)
calls=1 0 
0 8
0 4
cob=(4)
cfi=(175)
cfn=(726)
calls=1 0 
0 8
0 5
cob=(4)
cfi=(175)
cfn=(726)
calls=1 0 
0 8
0 4
cob=(4)
cfi=(175)
cfn=(726)
calls=1 0 
0 8
0 13

fn=(724) std::locale::_Impl::_M_install_facet(std::locale::id const*, std::locale::facet const*)
0 480
cob=(4)
cfi=(175)
cfn=(726)
calls=32 0 
0 1263
0 11712

fn=(766) std::__timepunct<char>::_M_initialize_timepunct(__locale_struct*)
0 13
cob=(4)
cfi=(175)
cfn=(684)
calls=1 0 
0 25
0 119

fn=(772) std::__cxx11::messages<char>::messages(unsigned long)
0 14
cob=(4)
cfi=(175)
cfn=(684)
calls=1 0 
0 25
0 2
cob=(4)
cfi=(175)
cfn=(672)
calls=1 0 
0 5
0 5

fn=(784) std::ctype<wchar_t>::_M_initialize_ctype()
0 11
cob=(4)
cfi=(175)
cfn=(786) 0x0000000004904000
calls=1 0 
0 800
0 770
cob=(4)
cfi=(175)
cfn=(792) 0x0000000004903040
calls=128 0 
0 4320
0 262
cob=(4)
cfi=(175)
cfn=(798) 0x0000000004904b80
calls=1 0 
0 769
0 510
cob=(4)
cfi=(175)
cfn=(798)
calls=255 0 
0 11618
0 1086
cob=(4)
cfi=(175)
cfn=(808) 0x0000000004902f00
calls=8 0 
0 3316
0 72
cob=(4)
cfi=(175)
cfn=(808)
calls=4 0 
0 1745
0 23
cob=(4)
cfi=(175)
cfn=(786)
calls=1 0 
0 24
0 2

fn=(856) std::__timepunct<wchar_t>::__timepunct(std::__timepunct_cache<wchar_t>*, unsigned long)
0 16
cob=(4)
cfi=(175)
cfn=(672)
calls=1 0 
0 5
0 4
cob=(4)
cfi=(175)
cfn=(858) 0x0000000004903300
calls=1 0 
0 1147
0 4

fn=(868) std::__cxx11::messages<wchar_t>::messages(unsigned long)
0 14
cob=(4)
cfi=(175)
cfn=(684)
calls=1 0 
0 25
0 2
cob=(4)
cfi=(175)
cfn=(672)
calls=1 0 
0 5
0 5

fn=(906) std::moneypunct<char, true>::_M_initialize_moneypunct(__locale_struct*, char const*)
0 115

fn=(960) std::moneypunct<wchar_t, false>::_M_initialize_moneypunct(__locale_struct*, char const*)
0 109

fn=(1042) std::ios_base::_M_init()
0 120
cob=(4)
cfi=(175)
cfn=(650) 0x00000000049028d0
calls=8 0 
0 256
0 24
cob=(4)
cfi=(175)
cfn=(1044) 0x00000000049039c0
calls=8 0 
0 899
0 16
cob=(4)
cfi=(175)
cfn=(1050) 0x0000000004903ea0
calls=8 0 
0 823
0 64

fn=(1096) std::error_category::error_category()
0 10

fn=(1198)
0 48

fn=(1592) 0x00000000000e75a0
0 2

fn=(1634) std::uncaught_exception()
0 8
cob=(4)
cfi=(175)
cfn=(1636) 0x0000000004903e80
calls=2 0 
0 1659
0 10

fn=(648) std::ios_base::Init::Init()
0 40
cob=(4)
cfi=(175)
cfn=(650)
calls=1 0 
0 73987
0 16
cob=(4)
cfi=(175)
cfn=(650)
calls=1 0 
0 32
0 14
cob=(4)
cfi=(175)
cfn=(650)
calls=1 0 
0 32
0 7
cob=(4)
cfi=(175)
cfn=(1026) 0x0000000004902300
calls=1 0 
0 777
0 11
cob=(4)
cfi=(175)
cfn=(1032) 0x00000000049046e0
calls=1 0 
0 4342
0 4
cob=(4)
cfi=(175)
cfn=(1026)
calls=1 0 
0 94
0 15
cob=(4)
cfi=(175)
cfn=(1032)
calls=1 0 
0 185
0 4
cob=(4)
cfi=(175)
cfn=(1026)
calls=1 0 
0 94
0 11
cob=(4)
cfi=(175)
cfn=(1032)
calls=1 0 
0 185
0 4
cob=(4)
cfi=(175)
cfn=(1026)
calls=1 0 
0 94
0 11
cob=(4)
cfi=(175)
cfn=(1032)
calls=1 0 
0 185
0 23
cob=(4)
cfi=(175)
cfn=(650)
calls=1 0 
0 32
0 16
cob=(4)
cfi=(175)
cfn=(650)
calls=1 0 
0 32
0 14
cob=(4)
cfi=(175)
cfn=(650)
calls=1 0 
0 32
0 7
cob=(4)
cfi=(175)
cfn=(1026)
calls=1 0 
0 94
0 11
cob=(4)
cfi=(175)
cfn=(1062) 0x0000000004903b50
calls=1 0 
0 2165
0 4
cob=(4)
cfi=(175)
cfn=(1026)
calls=1 0 
0 94
0 15
cob=(4)
cfi=(175)
cfn=(1062)
calls=1 0 
0 185
0 4
cob=(4)
cfi=(175)
cfn=(1026)
calls=1 0 
0 94
0 11
cob=(4)
cfi=(175)
cfn=(1062)
calls=1 0 
0 185
0 4
cob=(4)
cfi=(175)
cfn=(1026)
calls=1 0 
0 94
0 11
cob=(4)
cfi=(175)
cfn=(1062)
calls=1 0 
0 185
0 15

fn=(654) std::locale::locale()
0 220
cfn=(656)
calls=22 0 
0 73452
0 264

fn=(708) std::locale::facet::_S_create_c_locale(__locale_struct*&, char const*, __locale_struct*)
0 8
cob=(4)
cfi=(175)
cfn=(710) 0x0000000004903490
calls=1 0 
0 818
0 6

fn=(736) std::codecvt<char, char, __mbstate_t>::codecvt(unsigned long)
0 14
cob=(4)
cfi=(175)
cfn=(684)
calls=1 0 
0 25
0 5

fn=(754) std::__cxx11::moneypunct<char, true>::_M_initialize_moneypunct(__locale_struct*, char const*)
0 115

fn=(930) std::messages<char>::messages(unsigned long)
0 14
cob=(4)
cfi=(175)
cfn=(684)
calls=1 0 
0 25
0 2
cob=(4)
cfi=(175)
cfn=(672)
calls=1 0 
0 5
0 5

fn=(1030) std::ios_base::ios_base()
0 480
cob=(4)
cfi=(175)
cfn=(650)
calls=8 0 
0 256

fn=(1202)
0 5
cob=(4)
cfi=(175)
cfn=(1076) 0x0000000004902620
calls=1 0 
0 78

fn=(1588) 0x00000000000eca30
0 2

fn=(1616) std::ostream::sentry::sentry(std::ostream&)
0 48
cob=(4)
cfi=(175)
cfn=(1607) 0x00000000049038a0'2
calls=1 0 
0 138
0 27

fn=(1617) std::ostream::sentry::sentry(std::ostream&)'2
0 22

fn=(1658) std::basic_ostream<wchar_t, std::char_traits<wchar_t> >::sentry::sentry(std::basic_ostream<wchar_t, std::char_traits<wchar_t> >&)
0 48
cob=(4)
cfi=(175)
cfn=(1649) 0x0000000004904980'2
calls=1 0 
0 138
0 27

fn=(1659) std::basic_ostream<wchar_t, std::char_traits<wchar_t> >::sentry::sentry(std::basic_ostream<wchar_t, std::char_traits<wchar_t> >&)'2
0 22

fn=(760) std::__timepunct<char>::__timepunct(std::__timepunct_cache<char>*, unsigned long)
0 16
cob=(4)
cfi=(175)
cfn=(672)
calls=1 0 
0 5
0 4
cob=(4)
cfi=(175)
cfn=(762) 0x0000000004903ec0
calls=1 0 
0 1126
0 4

fn=(942) std::numpunct<wchar_t>::_M_initialize_numpunct(__locale_struct*)
0 353

fn=(1022) std::locale::locale(std::locale::_Impl*)
0 3

fn=(1072) std::basic_ios<wchar_t, std::char_traits<wchar_t> >::_M_cache_locale(std::locale const&)
0 36
cob=(4)
cfi=(175)
cfn=(726)
calls=4 0 
0 32
0 28
cob=(4)
cfi=(175)
cfn=(726)
calls=4 0 
0 32
0 28
cob=(4)
cfi=(175)
cfn=(726)
calls=4 0 
0 32
0 36

fn=(1200)
0 5
cob=(4)
cfi=(175)
cfn=(1076)
calls=1 0 
0 78

fn=(1342) operator new(unsigned long)
0 440231
cob=(4)
cfi=(175)
cfn=(1136)
calls=40021 0 
0 2544376
0 200105

fn=(1584) 0x00000000001b4e80
0 2

fn=(1664) 0x00000000000b7a30
0 5

fn=(742) std::__cxx11::numpunct<char>::_M_initialize_numpunct(__locale_struct*)
0 417

fn=(778) std::ctype<wchar_t>::ctype(unsigned long)
0 14
cob=(4)
cfi=(175)
cfn=(684)
calls=1 0 
0 25
0 7
cob=(4)
cfi=(175)
cfn=(780) 0x0000000004902a90
calls=1 0 
0 26129

fn=(862) std::__timepunct<wchar_t>::_M_initialize_timepunct(__locale_struct*)
0 12
cob=(4)
cfi=(175)
cfn=(684)
calls=1 0 
0 25
0 117

fn=(876) std::numpunct<char>::_M_initialize_numpunct(__locale_struct*)
0 417

fn=(894) std::moneypunct<char, false>::_M_initialize_moneypunct(__locale_struct*, char const*)
0 114

fn=(972) std::moneypunct<wchar_t, true>::_M_initialize_moneypunct(__locale_struct*, char const*)
0 109

fn=(996) std::messages<wchar_t>::messages(unsigned long)
0 14
cob=(4)
cfi=(175)
cfn=(684)
calls=1 0 
0 25
0 2
cob=(4)
cfi=(175)
cfn=(672)
calls=1 0 
0 5
0 5

fn=(1048) std::locale::operator=(std::locale const&)
0 184

fn=(1060) std::basic_ios<char, std::char_traits<char> >::_M_cache_locale(std::locale const&)
0 36
cob=(4)
cfi=(175)
cfn=(726)
calls=4 0 
0 32
0 28
cob=(4)
cfi=(175)
cfn=(726)
calls=4 0 
0 32
0 28
cob=(4)
cfi=(175)
cfn=(726)
calls=4 0 
0 32
0 36

fn=(1066) std::basic_ios<wchar_t, std::char_traits<wchar_t> >::init(std::basic_streambuf<wchar_t, std::char_traits<wchar_t> >*)
0 32
cob=(4)
cfi=(175)
cfn=(1038) 0x0000000004904780
calls=4 0 
0 404
0 12
cob=(4)
cfi=(175)
cfn=(1068) 0x0000000004905270
calls=4 0 
0 1222
0 52

fn=(1244)
0 50

fn=(1580) 0x00000000001b4ea0
0 2

fn=(1600) std::error_category::~error_category()
0 4

fn=(1640) __cxa_get_globals
0 10
cob=(4)
cfi=(175)
cfn=(1642) 0x0000000004903140
calls=2 0 
0 944
0 6

fn=(1652) std::basic_ostream<wchar_t, std::char_traits<wchar_t> >::flush()
0 51
cob=(4)
cfi=(175)
cfn=(1654) 0x0000000004903340
calls=3 0 
0 1141
0 21
cfn=(1660) __gnu_cxx::stdio_sync_filebuf<wchar_t, std::char_traits<wchar_t> >::sync()
calls=3 0 
0 213
0 52
cob=(4)
cfi=(175)
cfn=(1630) 0x0000000004902970
calls=1 0 
0 35
0 7
cfn=(1660)
calls=1 0 
0 71
0 2

fn=(1653) std::basic_ostream<wchar_t, std::char_traits<wchar_t> >::flush()'2
0 17
cob=(4)
cfi=(175)
cfn=(1655) 0x0000000004903340'2
calls=1 0 
0 24
0 7
cfn=(1660)
calls=1 0 
0 71
0 17

fn=(1660)
0 15
cob=(4)
cfi=(175)
cfn=(1620) 0x00000000049054b0
calls=5 0 
0 340

fn=(688) std::locale::facet::_S_get_c_locale()
0 112
cob=(4)
cfi=(175)
cfn=(690) 0x0000000004902790
calls=14 0 
0 3002
0 98

fn=(844) std::__cxx11::moneypunct<wchar_t, false>::_M_initialize_moneypunct(__locale_struct*, char const*)
0 109

fn=(1054) std::locale::~locale()
0 96

fn=(1226)
0 34

fn=(1270)
0 50

fn=(682) std::ctype<char>::ctype(unsigned short const*, bool, unsigned long)
0 18
cob=(4)
cfi=(175)
cfn=(684)
calls=1 0 
0 3746
0 103

fn=(838) std::__cxx11::numpunct<wchar_t>::_M_initialize_numpunct(__locale_struct*)
0 353

fn=(850) std::__cxx11::moneypunct<wchar_t, true>::_M_initialize_moneypunct(__locale_struct*, char const*)
0 109

fn=(870)
0 25
cob=(4)
cfi=(175)
cfn=(872) 0x0000000004902750
calls=1 0 
0 1354
0 8
cob=(4)
cfi=(175)
cfn=(726)
calls=1 0 
0 17
0 7
cob=(4)
cfi=(175)
cfn=(684)
calls=1 0 
0 25
0 7
cob=(4)
cfi=(175)
cfn=(726)
calls=1 0 
0 17
0 13
cob=(4)
cfi=(175)
cfn=(890) 0x0000000004901a50
calls=1 0 
0 1123
0 7
cob=(4)
cfi=(175)
cfn=(726)
calls=1 0 
0 17
0 13
cob=(4)
cfi=(175)
cfn=(902) 0x0000000004905050
calls=1 0 
0 1140
0 7
cob=(4)
cfi=(175)
cfn=(726)
calls=1 0 
0 17
0 12
cob=(4)
cfi=(175)
cfn=(726)
calls=1 0 
0 17
0 12
cob=(4)
cfi=(175)
cfn=(726)
calls=1 0 
0 17
0 12
cob=(4)
cfi=(175)
cfn=(726)
calls=1 0 
0 17
0 6
cob=(4)
cfi=(175)
cfn=(926) 0x0000000004905510
calls=1 0 
0 771
0 7
cob=(4)
cfi=(175)
cfn=(726)
calls=1 0 
0 17
0 16
cob=(4)
cfi=(175)
cfn=(938) 0x00000000049030a0
calls=1 0 
0 1298
0 7
cob=(4)
cfi=(175)
cfn=(726)
calls=1 0 
0 17
0 7
cob=(4)
cfi=(175)
cfn=(684)
calls=1 0 
0 25
0 7
cob=(4)
cfi=(175)
cfn=(726)
calls=1 0 
0 17
0 13
cob=(4)
cfi=(175)
cfn=(956) 0x00000000049036f0
calls=1 0 
0 1150
0 7
cob=(4)
cfi=(175)
cfn=(726)
calls=1 0 
0 17
0 13
cob=(4)
cfi=(175)
cfn=(968) 0x0000000004904280
calls=1 0 
0 1126
0 7
cob=(4)
cfi=(175)
cfn=(726)
calls=1 0 
0 17
0 12
cob=(4)
cfi=(175)
cfn=(726)
calls=1 0 
0 17
0 12
cob=(4)
cfi=(175)
cfn=(726)
calls=1 0 
0 17
0 12
cob=(4)
cfi=(175)
cfn=(726)
calls=1 0 
0 17
0 6
cob=(4)
cfi=(175)
cfn=(992) 0x0000000004903c70
calls=1 0 
0 771
0 6
cob=(4)
cfi=(175)
cfn=(726)
calls=1 0 
0 17
0 4
cob=(4)
cfi=(175)
cfn=(726)
calls=1 0 
0 8
0 4
cob=(4)
cfi=(175)
cfn=(726)
calls=1 0 
0 8
0 5
cob=(4)
cfi=(175)
cfn=(726)
calls=1 0 
0 8
0 5
cob=(4)
cfi=(175)
cfn=(726)
calls=1 0 
0 8
0 4
cob=(4)
cfi=(175)
cfn=(726)
calls=1 0 
0 8
0 5
cob=(4)
cfi=(175)
cfn=(726)
calls=1 0 
0 8
0 10

fn=(1106)
0 4
cob=(4)
cfi=(175)
cfn=(1108) 0x0000000004902560
calls=1 0 
0 750
0 4

fn=(1112) std::future_category()
0 3

fn=(1204)
0 10
cob=(4)
cfi=(175)
cfn=(1076)
calls=1 0 
0 78
0 7
cob=(4)
cfi=(175)
cfn=(1076)
calls=1 0 
0 78

fn=(1208)
0 34

fn=(1296)
0 10
cob=(4)
cfi=(175)
cfn=(1076)
calls=1 0 
0 78
0 4
cob=(4)
cfi=(175)
cfn=(1076)
calls=1 0 
0 78
0 7
cob=(4)
cfi=(175)
cfn=(1076)
calls=1 0 
0 78

fn=(1590) 0x00000000000e8920
0 2

fn=(1602) 0x00000000000b8da0
0 4
cob=(4)
cfi=(175)
cfn=(1596) 0x0000000004903320
calls=1 0 
0 4

fn=(634)
0 8
cob=(4)
cfi=(175)
cfn=(636) 0x0000000004904040
calls=1 0 
0 84196
0 7
cob=(4)
cfi=(175)
cfn=(1076)
calls=1 0 
0 981

fn=(676) std::locale::facet::_S_get_c_name()
0 21

fn=(812) std::ctype<wchar_t>::_M_convert_to_wmask(unsigned short) const
0 88
cob=(4)
cfi=(175)
cfn=(814) 0x0000000004902580
calls=1 0 
0 505
0 24
cob=(4)
cfi=(175)
cfn=(814)
calls=1 0 
0 395
0 3
cob=(4)
cfi=(175)
cfn=(814)
calls=1 0 
0 560
0 9
cob=(4)
cfi=(175)
cfn=(814)
calls=1 0 
0 205
0 3
cob=(4)
cfi=(175)
cfn=(814)
calls=1 0 
0 150
0 3
cob=(4)
cfi=(175)
cfn=(814)
calls=1 0 
0 847
0 3
cob=(4)
cfi=(175)
cfn=(814)
calls=1 0 
0 260
0 7
cob=(4)
cfi=(175)
cfn=(814)
calls=1 0 
0 340
0 3
cob=(4)
cfi=(175)
cfn=(814)
calls=1 0 
0 195
0 3
cob=(4)
cfi=(175)
cfn=(814)
calls=1 0 
0 615

fn=(1090)
0 10
cob=(4)
cfi=(175)
cfn=(1092) 0x00000000049030c0
calls=1 0 
0 756
0 7
cob=(4)
cfi=(175)
cfn=(1076)
calls=1 0 
0 78
0 3
cob=(4)
cfi=(175)
cfn=(1092)
calls=1 0 
0 7
0 9
cob=(4)
cfi=(175)
cfn=(1076)
calls=1 0 
0 78

fn=(1360) operator delete(void*, unsigned long)
0 40018
cob=(4)
cfi=(175)
cfn=(1362) 0x0000000004902430
calls=20009 0 
0 2217253

fn=(1366) operator delete(void*)
0 80042
cob=(4)
cfi=(175)
cfn=(1368) 0x0000000004902c60
calls=40021 0 
0 3878346

fn=(1460) operator delete[](void*)
0 40024
cob=(4)
cfi=(175)
cfn=(1362)
calls=20012 0 
0 1821788

fn=(1586) 0x00000000000eca40
0 2

fn=(1610) std::ostream::flush()
0 51
cob=(4)
cfi=(175)
cfn=(1612) 0x0000000004905360
calls=3 0 
0 933
0 21
cfn=(1618) __gnu_cxx::stdio_sync_filebuf<char, std::char_traits<char> >::sync()
calls=3 0 
0 948
0 52
cob=(4)
cfi=(175)
cfn=(1630)
calls=1 0 
0 2373
0 7
cfn=(1618)
calls=1 0 
0 71
0 2

fn=(1611) std::ostream::flush()'2
0 17
cob=(4)
cfi=(175)
cfn=(1613) 0x0000000004905360'2
calls=1 0 
0 24
0 7
cfn=(1618)
calls=1 0 
0 71
0 17

fn=(1618)
0 15
cob=(4)
cfi=(175)
cfn=(1620)
calls=5 0 
0 1075

fn=(748) std::__cxx11::moneypunct<char, false>::_M_initialize_moneypunct(__locale_struct*, char const*)
0 114

fn=(1036) std::basic_ios<char, std::char_traits<char> >::init(std::basic_streambuf<char, std::char_traits<char> >*)
0 32
cob=(4)
cfi=(175)
cfn=(1038)
calls=4 0 
0 2541
0 12
cob=(4)
cfi=(175)
cfn=(1056) 0x0000000004904920
calls=4 0 
0 1222
0 52

fn=(1104)
0 3

fn=(1172)
0 78

fn=(1302)
0 5
cob=(4)
cfi=(175)
cfn=(1076)
calls=1 0 
0 78

fn=(1568)
0 9
cob=(4)
cfi=(175)
cfn=(1574) 0x00000000049012b0
calls=1 0 
0 8841
0 1
cfn=(1664)
calls=1 0 
0 5
0 3

fn=(1576) 0x00000000001d0060
0 5

fn=(1582) 0x00000000001b4e90
0 2

fn=(1594) 0x00000000000b8d50
0 4
cob=(4)
cfi=(175)
cfn=(1596)
calls=1 0 
0 769

ob=(5)
fl=(178)
fn=(1560) 0x0000000000001060
0 5

fn=(1550)
0 9
cob=(4)
cfi=(175)
cfn=(1556) 0x000000000483d030
calls=1 0 
0 134
0 1
cfn=(1560)
calls=1 0 
0 5
0 3

fn=(592)
0 12

ob=(2)
fl=(95)
fn=(312)
29 1
fi=(84) ./string/../sysdeps/x86_64/multiarch/ifunc-avx2.h
+11 3
-2 4
fe=(95)
-9 2
fi=(84)
+12 2
+1 3
+3 2
+4 3
+3 5
fe=(95)

fl=(128)
fn=(398)
29 1
fi=(109) ./string/../sysdeps/x86_64/multiarch/ifunc-strncpy.h
+6 5
+1 3
+3 2
+4 3
+3 4
fe=(128)
-17 1

fl=(220) ./string/../sysdeps/x86_64/multiarch/memset-vec-unaligned-erms.S
fn=(1350) __memset_avx2_unaligned_erms
158 25012
+1 50024
+5 25012
+1 25012
+1 25012
+1 25012
+1 25012
+13 10002
+1 10002
+2 20004
+53 25012
+1 25012
+6 20004
+1 20004
+12 20004
+3 20004
+1 20004
+12 10002
+1 10002
+13 10002
+1 10002
+2 10002
+3 10002
+3 10002
+3 10002
+1 10002
+1 10002
+1 10002
+1 10002
+1 10002
+1 10002
-6 10002
+1 10002
+1 10002
+1 10002
+1 10002
+1 10002
+1 20004
+3 10002
+1 10002
+1 10002
+1 10002
+3 20004
+11 5008
+1 5008
+1 5008
+1 192437880
+1 5008
+1 10016

fl=(115)
fn=(358)
29 1
fi=(263) ./string/../sysdeps/x86_64/multiarch/ifunc-sse4_2.h
+7 5
fe=(115)
-7 1

fl=(134)
fn=(418)
29 1
fi=(135) ./string/../sysdeps/x86_64/multiarch/ifunc-evex.h
+9 3
-1 4
+2 3
+6 2
-3 2
+9 3
+3 4
fe=(134)
-25 1

fl=(200) ./stdlib/./stdlib/cxa_atexit.c
fn=(1080) __cxa_atexit
67 84
-26 24
+2 96
+1 24
cfn=(1082) __new_exitfn
calls=12 +36 
* 440
+2 24
+8 12
-2 12
+3 12
+1 12
-4 24
+1 12
+4 48
+1 12
+11 72

fn=(1082)
80 12
+6 24
-6 48
+11 24
-10 12
+10 48
+2 24
+1 55
-1 24
-2 1
+10 1
-10 3
+13 22
+25 11
+1 22
-1 22
+7 11
+5 33
-4 11
+4 22
-5 1
+5 3
-4 1
+4 2
-18 1
-1 1
+12 1

fl=(214) ./setjmp/../sysdeps/x86_64/bsd-_setjmp.S
fn=(1326) _setjmp
28 1
+2 1
+2 1
cfi=(215) ./setjmp/../sysdeps/x86_64/setjmp.S
cfn=(1328) __sigsetjmp
calls=1 -1 
* 35

fl=(87)
fn=(292)
30 1
fi=(88) ./wcsmbs/../sysdeps/x86_64/multiarch/ifunc-wcslen.h
+11 2
-1 4
+2 3
+3 2
+4 3
+3 3
fe=(87)
-22 1

fl=(98)
fn=(320)
29 1
fi=(99) ./string/../sysdeps/x86_64/multiarch/ifunc-memmove.h
+28 3
-1 2
+4 3
+14 2
+3 2
+8 2
+8 2
+3 5
fe=(98)

fl=(126)
fn=(386)
31 1
fi=(114) ./string/../sysdeps/x86_64/multiarch/ifunc-strcasecmp.h
+6 2
-1 4
fe=(126)
-5 2
fi=(114)
+7 3
+3 2
+4 3
+3 4
fe=(126)

fl=(96)
fn=(316)
31 1
fi=(97) ./wcsmbs/../sysdeps/x86_64/multiarch/ifunc-wcs.h
+9 3
-1 4
+2 3
+3 2
+4 4
fe=(96)
-17 1

fl=(138)
fn=(428)
33 1
fi=(99)
+24 3
-1 2
+4 3
+14 2
+3 2
+8 2
+8 2
+3 5
fe=(138)

fl=(250) ./nptl/./nptl/libc-cleanup.c
fn=(1724) __libc_cleanup_push_defer
24 2
+1 2
+2 4
+2 4
+3 4
+14 6
+2 2
+1 2

fn=(1726) __libc_cleanup_pop_restore
54 2
+1 2
+2 4
+2 2
+1 6
+11 2

fl=(113)
fn=(354)
31 1
fi=(114)
+6 2
-1 4
fe=(113)
-5 2
fi=(114)
+7 3
+3 2
+4 3
+3 4
fe=(113)

fl=(129)
fn=(402)
29 1
fi=(130) ./wcsmbs/../sysdeps/x86_64/multiarch/ifunc-memcmp.h
+5 5
+1 2
+1 2
+1 3
+3 2
+4 3
+3 4
fe=(129)
-18 2

fl=(137)
fn=(424)
31 1
fi=(97)
+9 3
-1 4
+2 3
+3 2
+4 4
fi=(264) ./wcsmbs/../sysdeps/x86_64/multiarch/wcpncpy.c
-17 1
fe=(137)

fl=(194) ./wcsmbs/./wcsmbs/btowc.c
fn=(802) btowc
32 512
+5 256
-5 2048
+5 1536
+5 512
+4 384
fi=(265) ./wcsmbs/./wcsmbsload.h
+23 128
+1 384
fe=(194)
-23 128
+1 128
-1 128
+1 128
+4 512
+3 256
cfi=(195) ./elf/./elf/libc-dl-profstub.c
cfn=(804) _dl_mcount_wrapper_check
calls=128 -19 
* 640
* 512
+39 128
-39 256
+39 512
-39 128
cfi=(196) ./iconv/./iconv/gconv_simple.c
cfn=(806) __gconv_btwoc_ascii
calls=128 -6 
* 768
+39 1152

fl=(205) ./malloc/./malloc/arena.c
fn=(1144) ptmalloc_init.part.0
262 1
fi=(206) ./malloc/../sysdeps/unix/sysv/linux/not-cancel.h
97 3
fe=(205)
262 7
+5 1
fi=(206)
97 3
fi=(204) ./malloc/./malloc/malloc.c
3143 2
fe=(205)
292 2
+4 3
fi=(204)
1946 4
+3 1
-3 1
+3 2
-3 2
+3 126
-3 126
+3 252
-3 252
+11 1
fe=(205)
300 3
fi=(204)
1958 1
+2 1
fe=(205)
300 1
cob=(4)
cfi=(175)
cfn=(564) 0x0000000004b34720
calls=1 0 
* 25
+1 4
cob=(4)
cfi=(175)
cfn=(564)
calls=1 0 
* 26
+1 4
cob=(4)
cfi=(175)
cfn=(564)
calls=1 0 
* 25
+1 4
cob=(4)
cfi=(175)
cfn=(564)
calls=1 0 
* 25
+1 4
cob=(4)
cfi=(175)
cfn=(564)
calls=1 0 
* 26
+1 4
cob=(4)
cfi=(175)
cfn=(564)
calls=1 0 
* 25
+1 4
cob=(4)
cfi=(175)
cfn=(564)
calls=1 0 
* 25
+2 4
cob=(4)
cfi=(175)
cfn=(564)
calls=1 0 
* 25
+1 4
cob=(4)
cfi=(175)
cfn=(564)
calls=1 0 
* 25
+1 4
cob=(4)
cfi=(175)
cfn=(564)
calls=1 0 
* 25
+3 4
cob=(4)
cfi=(175)
cfn=(564)
calls=1 0 
* 25
+1 4
cob=(4)
cfi=(175)
cfn=(564)
calls=1 0 
* 25
+2 2
+10 8

fl=(236) ./stdlib/./stdlib/exit.c
fn=(1510) exit
137 2
+1 3
-1 1
+1 1
cfn=(1512) __run_exit_handlers
calls=1 38 
* 11381

fn=(1512)
38 12
+2 2
+3 5
+11 2
+2 2
+38 2
-30 39
+2 12
+1 12
-1 12
+3 106
+44 3
+13 1
-66 1
+66 3
+2 2
+3 2
cfi=(251) ./posix/../sysdeps/unix/sysv/linux/_exit.c
cfn=(1730) _Exit
calls=1 27 
* 4
-29 1
+1 1
-2 1
+3 1
+3 1
-3 2
+3 3
+1 3
cob=(1)
cfi=(238)
cfn=(1516)
calls=1 -82 
* 10763
+1 4
+10 3
+1 2
-79 1
cfi=(237) ./stdlib/./stdlib/cxa_thread_atexit_impl.c
cfn=(1514) __call_tls_dtors
calls=1 148 
* 13
* 1
+88 1
cfi=(249) ./libio/./libio/genops.c
cfn=(1720) _IO_cleanup
calls=1 842 
* 357
* 1

fl=(91)
fn=(300)
29 1
fi=(88)
+12 2
-1 4
+2 3
+3 2
+4 3
+3 3
fe=(91)
-23 1

fl=(131)
fn=(406)
29 1
fi=(93) ./debug/../sysdeps/x86_64/multiarch/ifunc-memmove.h
+28 3
-1 2
+4 3
+14 2
+3 2
+8 2
+8 2
+3 5
fe=(131)

fl=(237)
fn=(1514)
148 4
+1 1
-1 1
+1 3
+16 4

fl=(251)
fn=(1730)
27 2
+3 2

fl=(119)
fn=(366)
31 1
fi=(114)
+6 2
-1 4
fe=(119)
-5 2
fi=(114)
+7 3
+3 2
+4 3
+3 4
fe=(119)

fl=(112)
fn=(352)
67 1
-23 2
-1 4
+24 2
-22 3
+3 2
+4 3
+3 4

fl=(121)
fn=(374)
29 1
fi=(122) ./string/../sysdeps/x86_64/multiarch/ifunc-memcmp.h
+5 5
+1 2
+1 2
+1 3
+3 2
+4 3
+3 4
fe=(121)
-18 2

fl=(216) ./setjmp/./setjmp/sigjmp.c
fn=(1330) __sigjmp_save
28 6
+2 2
-1 1
+5 4

fl=(81)
fn=(280)
86 1
fi=(82) ./string/../sysdeps/x86/cacheinfo.h
-27 1
+3 3
+2 1
+1 1
-1 2
+7 3
+2 1
+1 1
-1 2
+5 2
+2 2
+1 2
+1 2
+2 2
+2 2
fe=(81)

fl=(246) ./libio/./libio/fileops.c
fn=(1626) _IO_file_sync@@GLIBC_2.2.5
793 70
+5 40
+2 10
+1 20
+11 20
+4 50

fl=(212)
fn=(1308)
242 13
+69 3
+1 3
cfi=(200)
cfn=(1080)
calls=1 67 
* 76
+25 6
+6 2
-3 2
+10 2
cob=(4)
cfi=(175)
cfn=(1320) 0x0000000004b347b0
calls=1 0 
* 7
+2 2
+8 4
cfi=(213) ./csu/../sysdeps/nptl/libc_start_call_main.h
cfn=(1324) (below main)
calls=1 29 
* 5042756900
128 2
+6 3
+1 6
cob=(4)
cfi=(175)
cfn=(1310) 0x000000000010a000
calls=1 0 
* 7
* 1
+3 1
+1 2
+3 2
+1 2
-1 1
+2 7
+1 4
cob=(8)
cfi=(211)
cfn=(1314)
calls=1 0 
* 12
-1 4

fl=(85)
fn=(288)
29 1
fi=(263)
+7 5
fe=(85)
-7 1

fl=(215)
fn=(1328)
31 1
+2 1
+9 1
+1 2
+1 1
+4 1
+1 1
+1 1
+1 1
+1 1
+2 2
+2 1
+1 1
+1 1
+2 2
+2 1
+5 1
+1 1
+17 1
cfi=(216)
cfn=(1330)
calls=1 -57 
* 13

fl=(174) ./nptl/./nptl/pthread_mutex_conf.c
fn=(562) __pthread_tunables_init
55 2
+1 2
-1 2
+1 2
-1 4
+1 1
cob=(4)
cfi=(175)
cfn=(564)
calls=1 -56 
* 26
+2 4
cob=(4)
cfi=(175)
cfn=(564)
calls=1 -58 
* 25
+2 4
cob=(4)
cfi=(175)
cfn=(564)
calls=1 -60 
* 26
+2 6

fl=(188) ./nptl/./nptl/pthread_once.c
fn=(694) pthread_once@@GLIBC_2.34
136 14
+3 14
+1 28
+4 26
-1 1
cfn=(696) __pthread_once_slow
calls=1 -75 
* 1885

fn=(696)
68 11
+8 1
+4 2
+52 10
-44 2
+4 2
+9 2
+13 13
cfi=(189) ./nptl/./nptl/cleanup_compat.c
cfn=(698) _pthread_cleanup_push@@GLIBC_2.34
calls=1 -89 
* 7
+2 1
cob=(7)
cfi=(185)
cfn=(700)
calls=1 0 
* 1816
+2 3
cfi=(189)
cfn=(716) _pthread_cleanup_pop@@GLIBC_2.34
calls=1 -78 
* 6
fi=(191) ./nptl/../sysdeps/nptl/futex-internal.h
+91 3
fe=(188)
-85 1
fi=(191)
+85 5
fe=(188)

fl=(103)
fn=(330)
65 1
-22 2
+1 1
-2 4
+2 2
+3 2
+4 3
+3 3
+11 1

fl=(89)
fn=(296)
29 2
fi=(90) ./string/../sysdeps/x86_64/multiarch/ifunc-memset.h
+25 10
+3 6
+7 4
+9 4
+2 4
+10 4
+8 4
+3 10
fe=(89)

fl=(104)
fn=(332)
29 1
fi=(105) ./debug/../sysdeps/x86_64/multiarch/ifunc-memset.h
+25 5
+3 3
+7 2
+9 2
+2 2
+10 2
+8 2
+3 5
fe=(104)

fl=(132)
fn=(410)
33 1
fi=(118) ./string/../sysdeps/x86_64/multiarch/ifunc-strcpy.h
+5 2
+1 1
-1 2
+1 2
+3 2
+4 3
+3 3
fe=(132)
-16 1

fl=(171) ./ctype/./ctype/ctype-info.c
fn=(556) __ctype_init
29 1
+2 7
+2 4
+2 4
+1 1

fl=(189)
fn=(698)
25 1
+3 1
+1 1
+1 2
+2 1
+1 1

fn=(716)
40 1
+3 2
+4 2
+2 1

fl=(123)
fn=(378)
31 2
fi=(124) ./wcsmbs/../sysdeps/x86_64/multiarch/ifunc-wmemset.h
+5 10
+1 6
fe=(123)
-6 2

fl=(120)
fn=(370)
31 1
fi=(84)
+9 3
-2 4
fe=(120)
-7 2
fi=(84)
+10 2
+1 3
+3 2
+4 3
+3 5
fe=(120)

fl=(181) ./string/../sysdeps/x86_64/multiarch/strrchr-avx2.S
fn=(604) __strrchr_avx2
53 1
+1 1
+1 1
+2 1
+1 1
+4 1
+1 1
+1 1
+3 1
+2 1
+1 1
+1 1
+1 1
+3 1
+1 1
+2 1
+1 1
+1 1
+1 1
+1 1
+9 2

fl=(83)
fn=(284)
31 2
fi=(84)
+9 6
-2 8
fe=(83)
-7 4
fi=(84)
+10 4
+1 6
+3 4
+4 6
+3 10
fe=(83)

fl=(106)
fn=(336)
28 1
fi=(84)
+12 3
-2 4
fe=(106)
-10 2
fi=(84)
+13 2
+1 3
+3 2
+4 3
+3 5
fe=(106)

fl=(133)
fn=(414)
29 2
fi=(99)
+28 6
-1 4
+4 6
+14 4
+3 4
+8 4
+8 4
+3 10
fe=(133)

fl=(243) ./posix/./posix/register-atfork.c
fn=(1534) __unregister_atfork
82 10
+1 10
-1 20
+1 10
fi=(244) ./posix/../malloc/dynarray-skeleton.c
243 5
fe=(243)
71 10
+38 20
+1 15

fl=(176) ./nptl/../sysdeps/unix/sysv/linux/x86/elision-conf.c
fn=(566) __lll_elision_init
92 2
+4 1
-4 2
+4 2
-4 1
+4 1
-4 3
+4 1
cob=(4)
cfi=(175)
cfn=(564)
calls=1 -96 
* 26
+2 4
cob=(4)
cfi=(175)
cfn=(564)
calls=1 -98 
* 26
+2 4
cob=(4)
cfi=(175)
cfn=(564)
calls=1 0 
* 26
+2 4
cob=(4)
cfi=(175)
cfn=(564)
calls=1 0 
* 26
+2 4
cob=(4)
cfi=(175)
cfn=(564)
calls=1 0 
* 26
+3 3
+1 1
+1 6

fl=(208) ./misc/./misc/sbrk.c
fn=(1156) sbrk
37 32
+3 4
+3 4
-3 4
+3 4
+35 7
-20 8
+4 8
+4 12
+8 3
cfi=(209) ./misc/../sysdeps/unix/sysv/linux/brk.c
cfn=(1158) brk
calls=3 -38 
* 27
* 6
+4 21
-19 2
cfi=(209)
cfn=(1158)
calls=1 -23 
* 9
* 2
+4 2

fl=(192) ./locale/./locale/uselocale.c
fn=(790) uselocale
30 2
+1 6
+2 4
+3 4
+1 2
+28 6
+1 6
+2 6
+4 6
+1 2

fl=(199) ./string/../sysdeps/x86_64/multiarch/memcmp-avx2-movbe.S
fn=(826) __memcmp_avx2_movbe
73 49
+7 49
+1 49
+75 39
+10 39
+1 39
+1 39
+3 78
401 49
+1 49
+5 49
+1 49
+1 49
+1 49
+1 49
+3 49
+1 49
+1 49
+1 49
+3 49
+1 49
+1 10
+1 20

fl=(92)
fn=(304)
29 1
fi=(93)
+28 3
-1 2
+4 3
+14 2
+3 2
+8 2
+8 2
+3 5
fe=(92)

fl=(172) ./resource/../sysdeps/unix/sysv/linux/getrlimit64.c
fn=(558) getrlimit
38 2
+1 7
+1 1

fl=(249)
fn=(1722) _IO_flush_all
686 5
+5 1
-5 1
+5 1
-5 6
+5 4
cfi=(250)
cfn=(1724)
calls=1 24 
* 13
+1 6
-5 1
fi=(247) ./libio/./libio/libioP.h
1025 2
fe=(249)
708 33
+1 3
-14 9
+2 3
+1 27
+2 21
+13 7
+1 2
cfi=(250)
cfn=(1726)
calls=1 54 
* 9
+4 12
-20 9
-6 2
-5 2
+8 1
-3 1
+3 2

fn=(1720)
842 6
-66 1
+66 6
+1 1
cfn=(1722)
calls=1 686 
* 183
-67 2
+67 1
-67 3
cfi=(250)
cfn=(1724)
calls=1 24 
* 13
+1 6
fi=(247)
1025 1
fe=(249)
785 1
-1 1
+1 4
-1 2
+1 25
+9 6
+20 2
+2 4
+1 3
-37 9
+41 7
+1 2
cfi=(250)
cfn=(1726)
calls=1 54 
* 9
+33 12
-78 2
+39 24
-2 1
+2 1
-31 6
+7 7
-15 1
+3 2
-3 1
+3 2

fl=(201) ./stdlib/./stdlib/secure-getenv.c
fn=(1122) secure_getenv
28 1
+1 5
cfi=(202) ./stdlib/./stdlib/getenv.c
cfn=(1124) getenv
calls=1 -5 
* 942

fl=(203) ./string/../sysdeps/x86_64/multiarch/strcmp-avx2.S
fn=(1128) __strncmp_avx2
206 10
+24 10
+5 10
+14 10
+25 10
+1 10
+1 10
+2 10
+1 10
+4 9
+4 9
+2 9
+2 9
+3 9
+2 9
+1 9
+11 9
+10 9
+1 9
+3 9
+4 18
+5 9
+1 9
+1 9
957 1
+1 1
+1 1
+1 1
+2 1
+3 1
+1 1
+27 1
+1 1
+1 1
+1 1
+1 1
+1 1
+2 1
+47 1
+1 1
+3 1
+1 1
+1 1
+3 2
+7 1
+1 1
+1 1
+1 1
+10 1
+1 1
+3 1
+1 1
+1 1
+1 1
+6 1
+2 1
+3 1
+1 1

fl=(170)
fn=(554)
33 9
+2 1
cfi=(171)
cfn=(556)
calls=1 -6 
* 17
+3 1
fi=(173) ./elf/../sysdeps/nptl/pthread_early_init.h
-5 2
fe=(170)
+8 1
-3 1
+3 1
fi=(173)
-8 1
cfi=(172)
cfn=(558)
calls=1 +5 
* 10
* 3
+1 1
+4 5
+7 1
fi=(266) ./elf/../nptl/nptl-stack.h
+16 3
fi=(173)
-16 1
fi=(266)
+16 2
fi=(173)
-7 1
fi=(266)
+7 3
fi=(173)
-9 1
-6 1
+2 2
+4 4
+1 1
+3 1
cfi=(174)
cfn=(562)
calls=1 -1 
* 104
fe=(170)
-9 3
+2 2
-2 1
cfi=(176)
cfn=(566)
calls=1 +45 
* 169

fl=(179)
fn=(598)
46 6
+5 2
+4 5
+8 1
-2 1
+10 1
-9 1
+1 1
+9 3
-1 1
cfi=(180) ./misc/./misc/init-misc.c
cfn=(600) __init_misc
calls=1 -41 
* 50

fl=(182)
fn=(606)
545 1
+1 4
+1 3
+1 3
+2 1

fl=(107)
fn=(340)
30 1
fi=(101) ./wcsmbs/../sysdeps/x86_64/multiarch/ifunc-avx2.h
+10 3
-2 4
fe=(107)
-8 2
fi=(101)
+11 2
+1 3
+3 2
+4 3
+3 5
fe=(107)

fl=(125)
fn=(382)
29 1
fi=(118)
+9 2
+1 1
-1 2
+1 2
+3 2
+4 3
+3 3
fe=(125)
-20 1

fl=(196)
fn=(806)
49 128
+2 512
+3 128

fl=(240)
fn=(1520)
367 1
51 3
+1 2
367 3
57 2
+8 1
-3 1
-23 1
+1 4
+1 1
+29 1
+2 1
369 2
74 2
+6 4
+4 3
+3 2

fl=(180)
fn=(600)
30 1
+1 2
-1 4
+1 4
+2 3
cob=(4)
cfi=(175)
cfn=(602) 0x0000000004b34660
calls=1 -33 
* 24
+4 5
+1 3
+2 4

fl=(86)
fn=(290)
79 2
-31 4
+1 2
-2 8
+2 4
+3 4
+4 6
+3 6
+20 2

fl=(116)
fn=(360)
60 1
-17 2
-1 4
+2 3
+2 2
+4 3
+10 1

fl=(136)
fn=(422)
29 1
fi=(263)
+7 5
fe=(136)
-7 1

fl=(202)
fn=(1124)
24 9
+1 8
+3 1
cob=(4)
cfi=(175)
cfn=(820) 0x0000000004b34500
calls=1 -28 
* 16
+1 1
-1 1
+1 366
+2 182
+1 40
cob=(4)
cfi=(175)
cfn=(1126) 0x0000000004b34600
calls=10 -32 
* 289
* 20
+5 9

fl=(198) ./string/../sysdeps/x86_64/multiarch/strlen-avx2.S
fn=(822) __strlen_avx2
52 69
+13 69
+1 69
+1 69
+3 69
+2 69
+1 69
+3 69
+1 69
+8 69
+1 69
+1 69
+5 138

fl=(127)
fn=(394)
29 1
fi=(84)
+11 3
-2 4
fe=(127)
-9 2
fi=(84)
+12 2
+1 3
+3 2
+4 3
+3 5
fe=(127)

fl=(242) ./stdlib/./stdlib/cxa_finalize.c
fn=(1532) __cxa_finalize
30 10
+3 10
-3 40
+3 25
+3 20
+4 162
+1 132
+2 11
+2 11
+36 11
-5 11
-33 11
+35 33
+3 33
+1 33
cob=(7)
cfi=(185)
cfn=(1604)
calls=1 -82 
* 7653
cob=(7)
cfi=(185)
cfn=(1602)
calls=1 -82 
* 8
cob=(7)
cfi=(185)
cfn=(1594)
calls=1 -82 
* 773
cob=(7)
cfi=(185)
cfn=(1592)
calls=1 -82 
* 2
cob=(7)
cfi=(185)
cfn=(1590)
calls=1 -82 
* 2
cob=(7)
cfi=(185)
cfn=(1588)
calls=1 -82 
* 2
cob=(7)
cfi=(185)
cfn=(1586)
calls=1 -82 
* 2
cob=(7)
cfi=(185)
cfn=(1584)
calls=1 -82 
* 2
cob=(7)
cfi=(185)
cfn=(1582)
calls=1 -82 
* 2
cob=(7)
cfi=(185)
cfn=(1580)
calls=1 -82 
* 2
cob=(7)
cfi=(185)
cfn=(1576)
calls=1 -82 
* 5
+1 44
+4 33
-47 34
-4 15
+57 20
+4 30
-4 15
+12 10
cfi=(243)
cfn=(1534)
calls=5 -23 
* 100
+1 20
+1 40

fl=(94)
fn=(308)
29 1
fi=(93)
+28 3
-1 2
+4 3
+14 2
+3 2
+8 2
+8 2
+3 5
fe=(94)

fl=(207) ./malloc/./malloc/morecore.c
fn=(1154) __glibc_morecore
25 4
+1 8
-1 8
+4 4
cfi=(208)
cfn=(1156)
calls=4 +8 
* 155
+1 8
+4 8

fl=(225) ./string/../sysdeps/x86_64/multiarch/memmove-vec-unaligned-erms.S
fn=(1388) __memcpy_avx_unaligned_erms
255 10001
+1 10001
+6 10001
+1 10001
+42 10001
+1 10001
+36 10001
+1 10001
+1 10001
+1 10001
+2 10001

fl=(193) ./wcsmbs/./wcsmbs/wctob.c
fn=(796) wctob
30 1280
+9 384
+6 128
-1 256
+35 1152

fl=(209)
fn=(1158)
36 4
fi=(267) ./misc/../sysdeps/unix/sysv/linux/brk_call.h
-12 8
fe=(209)
+13 8
+1 8
+6 4
+1 4

fl=(100)
fn=(324)
31 2
fi=(101)
+9 6
-2 8
fi=(102) ./wcsmbs/../sysdeps/x86_64/multiarch/wcschr.c
-7 4
fi=(101)
+10 4
+1 6
+3 4
+4 6
+3 10
fe=(100)

fn=(390)
31 1
fi=(97)
+9 3
-1 4
+2 3
+3 2
+4 4
fe=(100)
-17 1

fl=(108)
fn=(344)
31 1
fi=(109)
+4 5
+1 3
+3 2
+4 3
+3 4
fe=(108)
-15 1

fl=(195)
fn=(804)
36 128
+1 384
+1 128

fl=(213)
fn=(1324)
29 4
+15 1
-15 5
+15 1
cfi=(214)
cfn=(1326)
calls=1 -16 
* 38
* 1
+2 2
+5 2
+1 2
+3 2
+3 6
cob=(8)
cfi=(217)
cfn=(1332)
calls=1 -51 
* 5042745446
+16 2
cfi=(236)
cfn=(1510)
calls=1 +63 
* 11388

fl=(239)
fn=(1518)
77 1
+3 3
+2 1
+2 2
-7 4
+11 2
+91 1
+3 1
+2 1
+3 1
-63 1
+66 3
-93 2
+11 4
+4 1
+3 2
-71 1
+1 7
+1 1
+84 3
+1 2

fl=(190) ./locale/./locale/newlocale.c
fn=(714) newlocale
43 15
+12 2
277 12
63 2
+3 1
-10 1
+10 2
+7 3
+2 1
-2 1

fl=(197) ./wctype/./wctype/wctype_l.c
fn=(818) wctype_l
26 80
+7 10
-7 30
+3 10
cob=(4)
cfi=(175)
cfn=(820)
calls=10 -29 
* 160
* 10
+3 30
+1 10
+7 48
+1 96
-8 48
+2 96
cob=(4)
cfi=(175)
cfn=(820)
calls=48 -35 
* 768
* 20
cob=(4)
cfi=(175)
cfn=(820)
calls=10 -35 
* 160
* 58
+2 312
cob=(4)
cfi=(175)
cfn=(824) 0x0000000004b34580
calls=49 -37 
* 1146
* 98
+8 20
+1 10
+1 80

fl=(117)
fn=(362)
29 1
fi=(118)
+9 2
+1 1
-1 2
+1 2
+3 2
+4 3
+3 3
fe=(117)
-20 1

fl=(139)
fn=(432)
31 1
fi=(114)
+6 2
-1 4
fe=(139)
-5 2
fi=(114)
+7 3
+3 2
+4 3
+3 4
fe=(139)

fl=(245) ./libio/./libio/iofflush.c
fn=(1624) fflush
32 10
+1 20
-1 50
+7 20
+1 10
fi=(247)
1025 30
+1 20
fe=(245)
40 20
cfi=(246)
cfn=(1626)
calls=10 793 
* 210
* 20
fi=(247)
979 20
+1 80
fe=(245)
44 50
-5 100

fl=(110)
fn=(348)
31 2
fi=(111) ./wcsmbs/../sysdeps/x86_64/multiarch/ifunc-evex.h
+7 6
-1 8
+2 6
+6 4
-3 4
+9 6
+3 8
fe=(110)
-23 2

fl=(204)
fn=(1372) free
3359 40021
+4 80042
-4 120063
+14 40021
-14 120063
+12 40021
+4 40021
-4 40021
+4 80042
+17 120063
fi=(205)
153 120063
fe=(204)
3398 120063
cfn=(1376) _int_free
calls=40021 4495 
* 2556830
+3 40021
+1 240126

fn=(1160) alloc_perturb
1985 15072
+2 5024

fn=(1486) _int_free_maybe_consolidate
4770 55066
+6 10012
+22 55066
-20 20024
+3 15018
+3 25030

fn=(1140) malloc
3294 320176
+7 80044
1326 80042
+19 200105
3311 80034
+2 160088
+3 80042
+10 10046
+28 30138
3248 4
cfn=(1150) tcache_init.part.0
calls=1 -6 
* 473
+68 2
+2 105045
3178 69998
+4 69998
+4 34999
+4 34999
-4 104997
+4 34999
+1 34999
3354 209994
-26 20092
cfn=(1152) _int_malloc
calls=5023 3846 
* 668516
+1 25115
fi=(205)
153 10046
264 1
cfn=(1144)
calls=1 -2 
* 1151
fe=(204)
1326 2

fn=(1376)
4495 280147
+4 120063
+6 160084
+1 80042
+4 200105
+8 160084
-1 80042
+1 80042
+29 35015
-20 35015
-6 35015
+6 70030
+20 140060
1792 5006
4561 10012
+97 210090
-21 10012
+3 10012
+18 5006
-12 5006
+12 20024
-12 5006
cfn=(1484) _int_free_merge_chunk
calls=5006 +19 
* 450762
3163 35015
+4 35015
-4 35015
+2 140060
+1 35015
+1 35015
4550 35015

fn=(1152)
3846 55264
1326 10048
+19 30142
3887 10044
1794 5022
3914 10044
+65 18
-63 36
+3 9
+2 18
+56 10026
+62 75125
+1 15021
+20 5024
-1 5024
-1 5024
+1 10048
+1 10048
-2 10046
+12 25120
3887 4
+27 4
+66 17
+2 17
-2 17
+2 34
-68 6
1345 2
3919 4
+2 4
+9 33
4487 60288
4257 15072
+2 15021
+3 5007
-3 5007
+3 10014
+1 5024
+71 15072
-4 5024
+1 5024
+1 5024
-1 5024
+1 5024
+1 10048
+1 15072
+5 20096
+4 15072
+3 68
-3 51
+3 68
-3 51
+3 64
-3 32
4443 5024
+1 10048
+2 10048
+3 15072
+17 12
4070 6
-91 36
2552 3
+12 3
-12 15
+12 3
4460 15072
cfn=(1160)
calls=5024 1985 
* 20096
+1 5024
-9 10042
+2 10042
-1 5021
+1 5021
-3 5021
+3 5021
+2 5021
-2 20084
+2 5021
+3 10042
2553 3
+36 9
+1 3
-1 3
+1 3
+9 24
+6 6
+3 9
2921 9
+1 3
+4 3
+4 15
+5 3
-2 3
+5 3
-3 6
-3 3
+2 3
+1 3
+1 3
-1 9
+1 3
4482 3
2669 9
+8 6
+1 9
+13 3
+2 3
-2 6
+8 15
+8 6
+48 4
+40 3
+19 2
+3 2
+1 6
+2 1
+1 5
cfi=(207)
cfn=(1154)
calls=1 25 
* 33
+12 4
-12 1
+12 1
2008 4
3882 1
2873 1
+3 1
-1 1
+1 4
+12 1
-11 1
+11 2
2783 1
-1 2
2017 2
2745 1
+1 1
+6 3
-6 1
+6 3
-6 2
+6 6
-6 2
+6 10
+1 12
-44 9
cfi=(207)
cfn=(1154)
calls=3 25 
* 162
+1 6
-1 3
+1 3
2008 3
2711 3
2008 9
2712 3
+3 6
+29 17

fn=(1484)
4665 25030
+1 5006
-1 15018
+5 30036
+3 10012
+5 15018
+3 10012
+1 10012
+1 10012
1992 15018
4689 10012
+2 3
+2 3
-1 3
+2 12
+2 6
cfn=(1502) unlink_chunk.isra.0
calls=3 1608 
* 72
+18 10012
+6 12
+4 5
+9 5
-1 5
+1 15
+1 10
-1 1
-1 1
+1 3
+1 2
+2 6
+2 12
+5 6
+1 6
+2 18
+1 6
-45 6
-1 12
+1 36
-1 6
cfn=(1486)
calls=6 +69 
* 216
+1 5000
-1 10000
+1 30000
-1 5000
cfn=(1486)
calls=5000 +69 
* 180000
+39 18
+16 5000
+1 15000
+1 10000
-37 1
+1 1
-1 1
cfn=(1502)
calls=1 1608 
* 24
+1 1
-47 15018
-2 10012

fn=(1150)
3242 4
+9 8
+1 3
cfn=(1152)
calls=1 3846 
* 359
+1 2
+8 4
+9 1
fi=(210) ./malloc/../string/bits/string_fortified.h
59 2
fe=(204)
3270 1
fi=(210)
59 86
fe=(204)
3274 3

fn=(1502)
1608 4
+2 12
-2 4
+2 8
+3 4
+1 8
+2 16
-3 4
+6 4
+1 4
+1 20
+24 8

ob=(3)
fl=(159)
fn=(502)
26 1
fi=(142) ./math/../sysdeps/x86_64/fpu/multiarch/ifunc-fma.h
+3 4
+1 3
fe=(159)
-4 1

fl=(154)
fn=(480)
26 1
fi=(142)
+3 4
+1 3
fe=(154)
-4 1

fl=(160)
fn=(506)
27 1
fi=(142)
+2 4
+1 3
fe=(160)
-3 1

fl=(162)
fn=(518)
26 1
fi=(152) ./math/../sysdeps/x86_64/fpu/multiarch/ifunc-fma4.h
+5 4
+1 2
fe=(162)
-6 1

fl=(155)
fn=(484)
27 1
fi=(144) ./math/../sysdeps/x86_64/fpu/multiarch/ifunc-avx-fma4.h
+5 5
+1 2
fe=(155)
-6 1

fl=(146)
fn=(514)
27 1
fi=(144)
+5 5
+1 2
fe=(146)
-6 1

fn=(452)
34 1
fi=(144)
-2 5
+1 2
fe=(146)
+1 1

fl=(153)
fn=(476)
27 1
fi=(142)
+2 4
+1 3
fe=(153)
-3 1

fl=(145)
fn=(448)
27 1
fi=(142)
+2 4
+1 3
fe=(145)
-3 1

fl=(158)
fn=(496)
49 6

fl=(143)
fn=(444)
27 1
fi=(144)
+5 5
+1 2
fe=(143)

ob=(4)
fl=(175)
fn=(762)
0 2
cob=(7)
cfi=(185)
cfn=(766)
calls=1 0 
0 157
cob=(1)
cfi=(186)
cfn=(642)
calls=1 71 
0 962
0 5

fn=(846)
0 2
cob=(7)
cfi=(185)
cfn=(850)
calls=1 0 
0 109
cob=(1)
cfi=(186)
cfn=(642)
calls=1 71 
0 1050
0 5

fn=(852)
0 2
cob=(7)
cfi=(185)
cfn=(856)
calls=1 0 
0 1176
cob=(1)
cfi=(186)
cfn=(642)
calls=1 71 
0 885
0 5

fn=(1126)
0 20
cob=(2)
cfi=(203)
cfn=(1128)
calls=10 206 
0 269

fn=(1362)
0 80042
cob=(7)
cfi=(185)
cfn=(1366)
calls=40021 0 
0 3958388
cob=(1)
cfi=(186)
cfn=(642)
calls=1 71 
0 606
0 5

fn=(1630)
0 4
cob=(7)
cfi=(185)
cfn=(1634)
calls=2 0 
0 1677
cob=(1)
cfi=(186)
cfn=(642)
calls=1 71 
0 722
0 5

fn=(1670)
0 4

fn=(1718)
0 4

fn=(650)
0 44
cob=(7)
cfi=(185)
cfn=(654)
calls=22 0 
0 73936
cob=(1)
cfi=(186)
cfn=(642)
calls=1 71 
0 674
0 5

fn=(798)
0 512
cob=(2)
cfi=(194)
cfn=(802)
calls=256 32 
0 11136
cob=(1)
cfi=(186)
cfn=(642)
calls=1 71 
0 734
0 5

fn=(808)
0 24
cob=(7)
cfi=(185)
cfn=(812)
calls=12 0 
0 4218
cob=(1)
cfi=(186)
cfn=(642)
calls=1 71 
0 814
0 5

fn=(814)
0 20
cob=(2)
cfi=(197)
cfn=(818)
calls=10 26 
0 3300
cob=(1)
cfi=(186)
cfn=(642)
calls=1 71 
0 747
0 5

fn=(890)
0 2
cob=(7)
cfi=(185)
cfn=(894)
calls=1 0 
0 114
cob=(1)
cfi=(186)
cfn=(642)
calls=1 71 
0 1002
0 5

fn=(1018)
0 2
cob=(7)
cfi=(185)
cfn=(1022)
calls=1 0 
0 3
cob=(1)
cfi=(186)
cfn=(642)
calls=1 71 
0 734
0 5

fn=(1032)
0 8
cob=(7)
cfi=(185)
cfn=(1036)
calls=4 0 
0 3859
cob=(1)
cfi=(186)
cfn=(642)
calls=1 71 
0 1025
0 5

fn=(1044)
0 16
cob=(7)
cfi=(185)
cfn=(1048)
calls=8 0 
0 184
cob=(1)
cfi=(186)
cfn=(642)
calls=1 71 
0 694
0 5

fn=(1068)
0 8
cob=(7)
cfi=(185)
cfn=(1072)
calls=4 0 
0 224
cob=(1)
cfi=(186)
cfn=(642)
calls=1 71 
0 985
0 5

fn=(1648)
0 6
cob=(7)
cfi=(185)
cfn=(1652)
calls=3 0 
0 1593
cob=(1)
cfi=(186)
cfn=(642)
calls=1 71 
0 873
0 5

fn=(1649)
0 2
cob=(7)
cfi=(185)
cfn=(1653)
calls=1 0 
0 136

fn=(1690)
0 2
cob=(2)
cfi=(242)
cfn=(1532)
calls=1 30 
0 132

fn=(678)
0 2
cob=(7)
cfi=(185)
cfn=(682)
calls=1 0 
0 3867
cob=(1)
cfi=(186)
cfn=(642)
calls=1 71 
0 702
0 5

fn=(564)
0 40
cob=(1)
cfi=(11)
cfn=(28)
calls=20 387 
0 469

fn=(602)
0 2
cob=(2)
cfi=(181)
cfn=(604)
calls=1 53 
0 22

fn=(756)
0 2
cob=(7)
cfi=(185)
cfn=(760)
calls=1 0 
0 1155
cob=(1)
cfi=(186)
cfn=(642)
calls=1 71 
0 877
0 5

fn=(828)
0 2
cob=(7)
cfi=(185)
cfn=(832)
calls=1 0 
0 44
cob=(1)
cfi=(186)
cfn=(642)
calls=1 71 
0 782
0 5

fn=(1056)
0 8
cob=(7)
cfi=(185)
cfn=(1060)
calls=4 0 
0 224
cob=(1)
cfi=(186)
cfn=(642)
calls=1 71 
0 985
0 5

fn=(1076)
0 22
cob=(2)
cfi=(200)
cfn=(1080)
calls=11 67 
0 832
cob=(1)
cfi=(186)
cfn=(642)
calls=1 71 
0 902
0 5

fn=(1556)
0 2
cob=(2)
cfi=(242)
cfn=(1532)
calls=1 30 
0 132

fn=(1642)
0 4
cob=(1)
cfi=(248)
cfn=(1646)
calls=2 29 
0 24
cob=(1)
cfi=(186)
cfn=(642)
calls=1 71 
0 911
0 5

fn=(630)
0 7

fn=(608)
0 7

fn=(768)
0 2
cob=(7)
cfi=(185)
cfn=(772)
calls=1 0 
0 51
cob=(1)
cfi=(186)
cfn=(642)
calls=1 71 
0 745
0 5

fn=(786)
0 4
cob=(2)
cfi=(192)
cfn=(790)
calls=2 30 
0 44
cob=(1)
cfi=(186)
cfn=(642)
calls=1 71 
0 771
0 5

fn=(792)
0 256
cob=(2)
cfi=(193)
cfn=(796)
calls=128 30 
0 3200
cob=(1)
cfi=(186)
cfn=(642)
calls=1 71 
0 859
0 5

fn=(864)
0 2
cob=(7)
cfi=(185)
cfn=(868)
calls=1 0 
0 51
cob=(1)
cfi=(186)
cfn=(642)
calls=1 71 
0 745
0 5

fn=(938)
0 2
cob=(7)
cfi=(185)
cfn=(942)
calls=1 0 
0 353
cob=(1)
cfi=(186)
cfn=(642)
calls=1 71 
0 938
0 5

fn=(1136)
0 80044
cob=(2)
cfi=(204)
cfn=(1140)
calls=40022 3294 
0 2466145
cob=(1)
cfi=(186)
cfn=(642)
calls=1 71 
0 858
0 5

fn=(1708) 0x0000000004d2e220
0 2
cob=(2)
cfi=(242)
cfn=(1532)
calls=1 30 
0 132

fn=(588)
0 7

fn=(704)
0 2
cob=(7)
cfi=(185)
cfn=(708)
calls=1 0 
0 832
cob=(1)
cfi=(186)
cfn=(642)
calls=1 71 
0 970
0 5

fn=(618)
0 7

fn=(720)
0 64
cob=(7)
cfi=(185)
cfn=(724)
calls=32 0 
0 13455
cob=(1)
cfi=(186)
cfn=(642)
calls=1 71 
0 942
0 5

fn=(732)
0 2
cob=(7)
cfi=(185)
cfn=(736)
calls=1 0 
0 44
cob=(1)
cfi=(186)
cfn=(642)
calls=1 71 
0 782
0 5

fn=(738)
0 2
cob=(7)
cfi=(185)
cfn=(742)
calls=1 0 
0 417
cob=(1)
cfi=(186)
cfn=(642)
calls=1 71 
0 1002
0 5

fn=(820)
0 138
cob=(2)
cfi=(198)
cfn=(822)
calls=69 52 
0 966

fn=(872)
0 2
cob=(7)
cfi=(185)
cfn=(876)
calls=1 0 
0 417
cob=(1)
cfi=(186)
cfn=(642)
calls=1 71 
0 930
0 5

ob=(3)
fl=(143)
fn=(444)
27 1

fl=(151)
fn=(472)
27 1
fi=(152)
+4 4
+1 2
fe=(151)
-5 1

fl=(157)
fn=(492)
26 1
fi=(142)
+3 4
+1 3
fe=(157)
-4 1

fl=(141)
fn=(440)
26 1
fi=(142)
+3 4
+1 3
fe=(141)
-4 1

fl=(149)
fn=(464)
26 1
fi=(142)
+3 4
+1 3
fe=(149)
-4 1

fl=(150)
fn=(468)
30 1
fi=(142)
-1 4
+1 4
fe=(150)

fl=(161)
fn=(510)
26 1
fi=(144)
+6 5
+1 2
fe=(161)
-7 1

fl=(156)
fn=(498)
27 1
fi=(152)
+4 4
+1 2
fe=(156)
-5 1

fn=(488)
35 1
fi=(152)
-4 4
+1 2
+3 1
fe=(156)

fl=(148)
fn=(460)
27 1
fi=(142)
+2 4
+1 3
fe=(148)
-3 1

fl=(183)
fn=(612)
0 10

ob=(4)
fl=(175)
fn=(926)
0 2
cob=(7)
cfi=(185)
cfn=(930)
calls=1 0 
0 51
cob=(1)
cfi=(186)
cfn=(642)
calls=1 71 
0 713
0 5

fn=(956)
0 2
cob=(7)
cfi=(185)
cfn=(960)
calls=1 0 
0 109
cob=(1)
cfi=(186)
cfn=(642)
calls=1 71 
0 1034
0 5

fn=(1108)
0 2
cob=(7)
cfi=(185)
cfn=(1112)
calls=1 0 
0 3
cob=(1)
cfi=(186)
cfn=(642)
calls=1 71 
0 740
0 5

fn=(1546)
0 4

fn=(1574)
0 2
cob=(2)
cfi=(242)
cfn=(1532)
calls=1 30 
0 8839

fn=(1606)
0 6
cob=(7)
cfi=(185)
cfn=(1610)
calls=3 0 
0 4458
cob=(1)
cfi=(186)
cfn=(642)
calls=1 71 
0 681
0 5

fn=(1607)
0 2
cob=(7)
cfi=(185)
cfn=(1611)
calls=1 0 
0 136

fn=(1612)
0 6
cob=(7)
cfi=(185)
cfn=(1616)
calls=3 0 
0 213
cob=(1)
cfi=(186)
cfn=(642)
calls=1 71 
0 709
0 5

fn=(1613)
0 2
cob=(7)
cfi=(185)
cfn=(1617)
calls=1 0 
0 22

fn=(1654)
0 6
cob=(7)
cfi=(185)
cfn=(1658)
calls=3 0 
0 213
cob=(1)
cfi=(186)
cfn=(642)
calls=1 71 
0 917
0 5

fn=(1655)
0 2
cob=(7)
cfi=(185)
cfn=(1659)
calls=1 0 
0 22

fn=(636)
0 2
cob=(7)
cfi=(185)
cfn=(648)
calls=1 0 
0 83471
cob=(1)
cfi=(186)
cfn=(642)
calls=1 71 
0 718
0 5

fn=(666)
0 2
cob=(7)
cfi=(185)
cfn=(670)
calls=1 0 
0 71802
cob=(1)
cfi=(186)
cfn=(642)
calls=1 71 
0 702
0 5

fn=(672)
0 14
cob=(7)
cfi=(185)
cfn=(676)
calls=7 0 
0 21
cob=(1)
cfi=(186)
cfn=(642)
calls=1 71 
0 812
0 5

fn=(744)
0 2
cob=(7)
cfi=(185)
cfn=(748)
calls=1 0 
0 114
cob=(1)
cfi=(186)
cfn=(642)
calls=1 71 
0 1066
0 5

fn=(780)
0 2
cob=(7)
cfi=(185)
cfn=(784)
calls=1 0 
0 25328
cob=(1)
cfi=(186)
cfn=(642)
calls=1 71 
0 794
0 5

fn=(1026)
0 16
cob=(7)
cfi=(185)
cfn=(1030)
calls=8 0 
0 736
cob=(1)
cfi=(186)
cfn=(642)
calls=1 71 
0 678
0 5

fn=(1092)
0 4
cob=(7)
cfi=(185)
cfn=(1096)
calls=2 0 
0 10
cob=(1)
cfi=(186)
cfn=(642)
calls=1 71 
0 744
0 5

fn=(1320)
0 2
cob=(1)
cfi=(48)
cfn=(1322)
calls=1 118 
0 5

fn=(1348)
0 50024
cob=(2)
cfi=(220)
cfn=(1350)
calls=25012 158 
0 193138132

fn=(1354)
0 40018
cob=(7)
cfi=(185)
cfn=(1342)
calls=20009 0 
0 1921416

fn=(1368)
0 80042
cob=(2)
cfi=(204)
cfn=(1372)
calls=40021 3359 
0 3797481
cob=(1)
cfi=(186)
cfn=(642)
calls=1 71 
0 818
0 5

fn=(1386)
0 20002
cob=(2)
cfi=(225)
cfn=(1388)
calls=10001 255 
0 110011

fn=(774)
0 2
cob=(7)
cfi=(185)
cfn=(778)
calls=1 0 
0 26175
cob=(1)
cfi=(186)
cfn=(642)
calls=1 71 
0 686
0 5

fn=(834)
0 2
cob=(7)
cfi=(185)
cfn=(838)
calls=1 0 
0 353
cob=(1)
cfi=(186)
cfn=(642)
calls=1 71 
0 978
0 5

fn=(992)
0 2
cob=(7)
cfi=(185)
cfn=(996)
calls=1 0 
0 51
cob=(1)
cfi=(186)
cfn=(642)
calls=1 71 
0 713
0 5

fn=(1062)
0 8
cob=(7)
cfi=(185)
cfn=(1066)
calls=4 0 
0 1722
cob=(1)
cfi=(186)
cfn=(642)
calls=1 71 
0 985
0 5

fn=(1358)
0 40018
cob=(7)
cfi=(185)
cfn=(1360)
calls=20009 0 
0 2257271

fn=(1458)
0 40024
cob=(7)
cfi=(185)
cfn=(1460)
calls=20012 0 
0 1861812

fn=(1596)
0 4
cob=(7)
cfi=(185)
cfn=(1600)
calls=2 0 
0 4
cob=(1)
cfi=(186)
cfn=(642)
calls=1 71 
0 760
0 5

fn=(684)
0 28
cob=(7)
cfi=(185)
cfn=(688)
calls=14 0 
0 3212
cob=(1)
cfi=(186)
cfn=(642)
calls=1 71 
0 826
0 5

fn=(690)
0 28
cob=(2)
cfi=(188)
cfn=(694)
calls=14 136 
0 1968
cob=(1)
cfi=(186)
cfn=(642)
calls=1 71 
0 1001
0 5

fn=(710)
0 2
cob=(2)
cfi=(190)
cfn=(714)
calls=1 43 
0 40
cob=(1)
cfi=(186)
cfn=(642)
calls=1 71 
0 771
0 5

fn=(858)
0 2
cob=(7)
cfi=(185)
cfn=(862)
calls=1 0 
0 154
cob=(1)
cfi=(186)
cfn=(642)
calls=1 71 
0 986
0 5

fn=(902)
0 2
cob=(7)
cfi=(185)
cfn=(906)
calls=1 0 
0 115
cob=(1)
cfi=(186)
cfn=(642)
calls=1 71 
0 1018
0 5

fn=(968)
0 2
cob=(7)
cfi=(185)
cfn=(972)
calls=1 0 
0 109
cob=(1)
cfi=(186)
cfn=(642)
calls=1 71 
0 1010
0 5

fn=(1118)
0 2
cob=(2)
cfi=(201)
cfn=(1122)
calls=1 28 
0 948
cob=(1)
cfi=(186)
cfn=(642)
calls=1 71 
0 913
0 5

fn=(1338)
0 40024
cob=(7)
cfi=(185)
cfn=(1342)
calls=20012 0 
0 1263296
cob=(1)
cfi=(186)
cfn=(642)
calls=1 71 
0 654
0 5

fn=(1530)
0 2
cob=(2)
cfi=(242)
cfn=(1532)
calls=1 30 
0 132

fn=(1700)
0 4

fn=(1310)
0 7

fn=(726)
0 172
cob=(7)
cfi=(185)
cfn=(730)
calls=86 0 
0 948
cob=(1)
cfi=(186)
cfn=(642)
calls=1 71 
0 714
0 5

fn=(750)
0 2
cob=(7)
cfi=(185)
cfn=(754)
calls=1 0 
0 115
cob=(1)
cfi=(186)
cfn=(642)
calls=1 71 
0 1066
0 5

ob=(3)
fl=(183)
fn=(612)
0 2

fn=(1712) 0x0000000000010430
0 5

fn=(1702)
0 9
cob=(4)
cfi=(175)
cfn=(1708)
calls=1 0 
0 134

ob=(4)
fl=(175)
fn=(824)
0 98
cob=(2)
cfi=(199)
cfn=(826)
calls=49 73 
0 1048

fn=(840)
0 2
cob=(7)
cfi=(185)
cfn=(844)
calls=1 0 
0 109
cob=(1)
cfi=(186)
cfn=(642)
calls=1 71 
0 1082
0 5

ob=(3)
fl=(183)
fn=(1702)
0 1
cfn=(1712)
calls=1 0 
0 5

ob=(4)
fl=(175)
fn=(1038)
0 16
cob=(7)
cfi=(185)
cfn=(1042)
calls=8 0 
0 2202
cob=(1)
cfi=(186)
cfn=(642)
calls=1 71 
0 722
0 5

fn=(1050)
0 16
cob=(7)
cfi=(185)
cfn=(1054)
calls=8 0 
0 96
cob=(1)
cfi=(186)
cfn=(642)
calls=1 71 
0 706
0 5

fn=(1334)
0 40024
cob=(7)
cfi=(185)
cfn=(1336)
calls=20012 0 
0 1344003

ob=(3)
fl=(183)
fn=(1702)
0 3

ob=(4)
fl=(175)
fn=(1566)
0 4

fn=(1620)
0 20
cob=(2)
cfi=(245)
cfn=(1624)
calls=10 32 
0 660
cob=(1)
cfi=(186)
cfn=(642)
calls=1 71 
0 730
0 5

fn=(1636)
0 4
cob=(7)
cfi=(185)
cfn=(1640)
calls=2 0 
0 960
cob=(1)
cfi=(186)
cfn=(642)
calls=1 71 
0 690
0 5

ob=(3)
fl=(147)
fn=(456)
27 1
fi=(142)
+2 4
+1 3
fe=(147)
-3 1

totals: 5044661547
