# callgrind format
version: 1
creator: callgrind-3.22.0
pid: 65863
cmd:  ./perf_plain
part: 1


desc: I1 cache: 32768 B, 64 B, 8-way associative
desc: D1 cache: 32768 B, 64 B, 8-way associative
desc: LL cache: 8388608 B, 64 B, direct-mapped

desc: Timerange: Basic block 0 - 384972880
desc: Trigger: Program termination

positions: line
events: Ir Dr Dw I1mr D1mr D1mw ILmr DLmr DLmw Bc Bcm Bi Bim
summary: 1155274724 384803590 96686645 1990 6808241 6776929 1908 7222 7168 336895506 19497 5256 1127


ob=(2) /usr/lib/x86_64-linux-gnu/libc.so.6
fl=(189) ./nptl/./nptl/cleanup_compat.c
fn=(716) _pthread_cleanup_pop@@GLIBC_2.34
40 1 0 0 1 0 0 1
+3 2 1 1
+4 2 0 0 0 0 0 0 0 0 1 1
+2 1 1

fn=(698) _pthread_cleanup_push@@GLIBC_2.34
25 1 0 0 1 0 0 1
+3 1 0 1
+1 1 0 1
+1 2 1 1 0 1
+2 1 0 1
+1 1 1

fl=(128) ./string/../sysdeps/x86_64/multiarch/strncpy.c
fn=(398) strncpy
29 1 0 0 1 0 0 1
fi=(109) ./string/../sysdeps/x86_64/multiarch/ifunc-strncpy.h
+6 5 2 0 0 0 0 0 0 0 1
+1 3 1 0 0 0 0 0 0 0 1 1
+3 2 0 0 0 0 0 0 0 0 1
+4 3 0 0 1 0 0 1 0 0 1 1
+3 4
fe=(128)
-17 1 1

fl=(232) ./nptl/./nptl/pthread_mutex_unlock.c
fn=(1424) pthread_mutex_unlock@@GLIBC_2.2.5
367 1 0 0 1 0 0 1
51 3 1
+1 2 0 0 0 0 0 0 0 0 1
367 3 0 1
57 2 0 0 0 0 0 0 0 0 1 1
+8 1 0 1
-3 1 0 1
-23 1 1
+1 4 1 0 1 0 0 1 0 0 2
+1 1 0 1
+29 1
+2 1
369 2 2
74 2 0 0 1 0 0 1 0 0 1 1
+6 4 1 0 0 0 0 0 0 0 1 1
+4 3 2 0 0 0 0 0 0 0 1 1
+3 2 0 1 1 0 0 1 0 0 1 1

fl=(115) ./string/../sysdeps/x86_64/multiarch/strcspn.c
fn=(358) strcspn
29 1 0 0 1 0 0 1
fi=(244) ./string/../sysdeps/x86_64/multiarch/ifunc-sse4_2.h
+7 5 2
fe=(115)
-7 1 1

fl=(134) ./string/../sysdeps/x86_64/multiarch/memchr.c
fn=(418) memchr
29 1 0 0 1 0 0 1
fi=(135) ./string/../sysdeps/x86_64/multiarch/ifunc-evex.h
+9 3 2 0 1 0 0 1
-1 4 0 0 0 0 0 0 0 0 1 1
+2 3 1 0 0 0 0 0 0 0 1
+6 2
-3 2 0 0 0 0 0 0 0 0 1
+9 3 0 0 0 0 0 0 0 0 1
+3 4
fe=(134)
-25 1 1

fl=(174) ./nptl/./nptl/pthread_mutex_conf.c
fn=(562) __pthread_tunables_init
55 2 0 1 1 0 0 1
+1 2 0 0 1 0 0 1
-1 2 0 1
+1 2
-1 4 1 1
+1 1 0 1
cob=(4) ???
cfi=(175) ???
cfn=(564) 0x0000000004b34720
calls=1 -56 
* 26 5 1 1 3 0 1 1 0 3 2 1 1
+2 4 0 1
cob=(4)
cfi=(175)
cfn=(564)
calls=1 -58 
* 25 5 1 0 2 0 0 1 0 3 0 1
+2 4 0 1 1 0 0 1
cob=(4)
cfi=(175)
cfn=(564)
calls=1 -60 
* 26 5 1 0 1 0 0 0 0 3 2 1
+2 6 5 0 0 0 0 0 0 0 1

fl=(242) ./nptl/./nptl/libc-cleanup.c
fn=(1628) __libc_cleanup_push_defer
24 2 0 0 1 0 0 1
+1 2 2
+2 4 2 2 1 0 0 1
+2 4 2 0 0 1
+3 4 0 0 0 0 0 0 0 0 2
+14 6 0 2
+2 2 0 2
+1 2 2

fn=(1630) __libc_cleanup_pop_restore
54 2 0 0 1 0 0 1
+1 2 2
+2 4 2 2
+2 2 2
+1 6 2 0 0 0 0 0 0 0 2 2
+11 2 2 0 1 0 0 1

fl=(87) ./wcsmbs/../sysdeps/x86_64/multiarch/wcsnlen.c
fn=(292) wcsnlen
30 1 0 0 1 0 0 1
fi=(88) ./wcsmbs/../sysdeps/x86_64/multiarch/ifunc-wcslen.h
+11 2 2 0 1 0 0 1
-1 4 0 0 0 0 0 0 0 0 1 1
+2 3 1 0 0 0 0 0 0 0 1
+3 2 0 0 1 0 0 1 0 0 1
+4 3 0 0 0 0 0 0 0 0 1
+3 3 0 0 0 0 0 0 0 0 1
fe=(87)
-22 1 1

fl=(98) ./string/../sysdeps/x86_64/multiarch/memcmpeq.c
fn=(320) memcpy@@GLIBC_2.14
29 1 0 0 1 0 0 1
fi=(99) ./string/../sysdeps/x86_64/multiarch/ifunc-memmove.h
+28 3 2
-1 2 0 0 0 0 0 0 0 0 1
+4 3 1 0 1 0 0 1 0 0 1
+14 2 0 0 0 0 0 0 0 0 1
+3 2 0 0 0 0 0 0 0 0 1
+8 2 0 0 0 0 0 0 0 0 1 1
+8 2 0 0 1 0 0 1 0 0 1 1
+3 5 1 0 1 0 0 1
fe=(98)

fl=(126) ./string/../sysdeps/x86_64/multiarch/strcasecmp_l.c
fn=(386) strcasecmp_l
31 1
fi=(114) ./string/../sysdeps/x86_64/multiarch/ifunc-strcasecmp.h
+6 2 2 0 1 0 0 1
-1 4 0 0 0 0 0 0 0 0 1 1
fe=(126)
-5 2 1
fi=(114)
+7 3 1 0 1 0 0 1 0 0 1
+3 2 0 0 0 0 0 0 0 0 1
+4 3 0 0 0 0 0 0 0 0 1
+3 4 0 0 0 0 0 0 0 0 1
fe=(126)

fl=(171) ./ctype/./ctype/ctype-info.c
fn=(556) __ctype_init
29 1 0 0 1 0 0 1
+2 7 5 1 1 4 0 1
+2 4 2 1 0 1
+2 4 2 1
+1 1 1

fl=(96) ./wcsmbs/../sysdeps/x86_64/multiarch/wcsncpy.c
fn=(316) wcsncpy
31 1 0 0 1 0 0 1
fi=(97) ./wcsmbs/../sysdeps/x86_64/multiarch/ifunc-wcs.h
+9 3 2
-1 4 0 0 0 0 0 0 0 0 1 1
+2 3 1 0 0 0 0 0 0 0 1
+3 2 0 0 0 0 0 0 0 0 1
+4 4
fe=(96)
-17 1 1

fl=(138) ./string/../sysdeps/x86_64/multiarch/mempcpy.c
fn=(428) mempcpy
33 1
fi=(99)
+24 3 2
-1 2 0 0 0 0 0 0 0 0 1
+4 3 1 0 1 0 0 1 0 0 1
+14 2 0 0 0 0 0 0 0 0 1
+3 2 0 0 0 0 0 0 0 0 1
+8 2 0 0 0 0 0 0 0 0 1 1
+8 2 0 0 1 0 0 1 0 0 1 1
+3 5 1 0 1 0 0 1
fe=(138)

fl=(181) ./string/../sysdeps/x86_64/multiarch/strrchr-avx2.S
fn=(604) __strrchr_avx2
53 1 0 0 1 0 0 1
+1 1
+1 1
+2 1
+1 1 0 0 1 0 0 1
+4 1
+1 1
+1 1 0 0 0 0 0 0 0 0 1
+3 1 1 0 0 1 0 0 1
+2 1
+1 1
+1 1
+1 1 0 0 0 0 0 0 0 0 1
+3 1
+1 1
+2 1
+1 1
+1 1 0 0 0 0 0 0 0 0 1 1
+1 1
+1 1
+9 2 1

fl=(208) ./misc/./misc/sbrk.c
fn=(1156) sbrk
37 32 0 16 1 0 1 1
+3 4 4 0 0 1
+3 4 4 0 1 1 0 1
-3 4 4 0 0 1
+3 4 0 0 0 0 0 0 0 0 4 3
+35 7 5
-20 8 0 0 0 0 0 0 0 0 4 1
+4 8 0 0 0 0 0 0 0 0 4 2
+4 12 0 0 1 0 0 1 0 0 6 4
+8 3 0 3
cfi=(209) ./misc/../sysdeps/unix/sysv/linux/brk.c
cfn=(1158) brk
calls=3 -38 
* 27 6 3 0 0 0 0 0 0 3
* 6 0 0 0 0 0 0 0 0 3 1
+4 21 15
-19 2 0 1 1 0 0 1
cfi=(209)
cfn=(1158)
calls=1 -23 
* 9 2 1 1 0 0 1 0 0 1
* 2 0 0 0 0 0 0 0 0 1
+4 2 1

fl=(113) ./string/../sysdeps/x86_64/multiarch/strcasecmp.c
fn=(354) strcasecmp
31 1 0 0 1 0 0 1
fi=(114)
+6 2 2
-1 4 0 0 0 0 0 0 0 0 1 1
fe=(113)
-5 2 1
fi=(114)
+7 3 1 0 1 0 0 1 0 0 1
+3 2 0 0 0 0 0 0 0 0 1
+4 3 0 0 0 0 0 0 0 0 1
+3 4 0 0 1 0 0 1 0 0 1
fe=(113)

fl=(129) ./wcsmbs/../sysdeps/x86_64/multiarch/wmemcmp.c
fn=(402) wmemcmp
29 1
fi=(130) ./wcsmbs/../sysdeps/x86_64/multiarch/ifunc-memcmp.h
+5 5 2 0 1 0 0 1 0 0 1
+1 2 1 0 0 0 0 0 0 0 1
+1 2 0 0 0 0 0 0 0 0 1
+1 3 1 0 0 0 0 0 0 0 1
+3 2 0 0 0 0 0 0 0 0 1
+4 3 0 0 0 0 0 0 0 0 1
+3 4 0 0 1 0 0 1
fe=(129)
-18 2 1

fl=(137) ./wcsmbs/../sysdeps/x86_64/multiarch/wcpcpy.c
fn=(424) wcpncpy
31 1 0 0 1 0 0 1
fi=(97)
+9 3 2
-1 4 0 0 1 0 0 1 0 0 1 1
+2 3 1 0 0 0 0 0 0 0 1
+3 2 0 0 0 0 0 0 0 0 1
+4 4
fi=(245) ./wcsmbs/../sysdeps/x86_64/multiarch/wcpncpy.c
-17 1 1
fe=(137)

fl=(234) ./stdlib/./stdlib/cxa_finalize.c
fn=(1436) __cxa_finalize
30 10 0 5 1 0 0 1
+3 10
-3 40 0 25
+3 25 0 5 0 0 0 0 0 0 10
+3 20 5 0 1 0 0 1 0 0 5
+4 162 5 0 0 0 0 0 0 0 49 8
+1 132 66 0 1 5 0 1 0 0 66 13
+2 11 11
+2 11 11
+36 11
-5 11 0 11
-33 11 0 11
+35 33 22
+3 33 11 11 0 0 0 0 0 0 22
+1 33 0 11 0 0 0 0 0 0 0 0 11 11
cob=(7) /usr/lib/x86_64-linux-gnu/libstdc++.so.6.0.33
cfi=(185) ???
cfn=(1508) std::ios_base::Init::~Init()
calls=1 -82 
* 7653 2682 1284 47 134 0 43 39 0 1018 84 69 31
cob=(7)
cfi=(185)
cfn=(1506) 0x00000000000b8da0
calls=1 -82 
* 8 2 1 1 0 0 1 0 0 0 0 1 1
cob=(7)
cfi=(185)
cfn=(1498) 0x00000000000b8d50
calls=1 -82 
* 773 254 130 4 11 3 2 4 0 101 7 3 2
cob=(7)
cfi=(185)
cfn=(1496) 0x00000000000e75a0
calls=1 -82 
* 2 1 0 1 0 0 1
cob=(7)
cfi=(185)
cfn=(1494) 0x00000000000e8920
calls=1 -82 
* 2 1 0 1 0 0 1
cob=(7)
cfi=(185)
cfn=(1492) 0x00000000000eca30
calls=1 -82 
* 2 1 0 1 0 0 1
cob=(7)
cfi=(185)
cfn=(1490) 0x00000000000eca40
calls=1 -82 
* 2 1 0 1 0 0 1
cob=(7)
cfi=(185)
cfn=(1488) 0x00000000001b4e80
calls=1 -82 
* 2 1
cob=(7)
cfi=(185)
cfn=(1486) 0x00000000001b4e90
calls=1 -82 
* 2 1
cob=(7)
cfi=(185)
cfn=(1484) 0x00000000001b4ea0
calls=1 -82 
* 2 1 0 1 0 0 1
cob=(7)
cfi=(185)
cfn=(1480) 0x00000000001d0060
calls=1 -82 
* 5 2 0 1 1 0 1 1 0 1
+1 44 0 11 0 0 0 0 0 0 11
+4 33 22 0 0 0 0 0 0 0 11
-47 34 0 0 0 0 0 0 0 0 11 4
-4 15 5 0 1 0 0 1 0 0 5 2
+57 20 5 0 1 1 0 1 0 0 5 1
+4 30 5 0 0 1 0 0 0 0 5 3
-4 15 5 0 1 0 0 1 0 0 5
+12 10 0 5
cfi=(235) ./posix/./posix/register-atfork.c
cfn=(1438) __unregister_atfork
calls=5 -23 
* 100 25 20 3 2 1 3 1 1 20 6
+1 20 5 5 0 0 0 0 0 0 10 2
+1 40 35

fl=(201) ./stdlib/./stdlib/secure-getenv.c
fn=(1122) secure_getenv
28 1 0 0 1 0 0 1
+1 5 2 0 0 2 0 0 0 0 1
cfi=(202) ./stdlib/./stdlib/getenv.c
cfn=(1124) getenv
calls=1 -5 
* 975 262 18 12 66 0 11 36 0 245 42 12 2

fl=(203) ./string/../sysdeps/x86_64/multiarch/strcmp-avx2.S
fn=(1128) __strncmp_avx2
206 11 0 0 1 0 0 1
+24 11
+5 11 0 0 0 0 0 0 0 0 11
+14 11
+25 11
+1 11
+1 11
+2 11
+1 11 0 0 1 0 0 1 0 0 11 1
+4 10 10
+4 10 10 0 0 5 0 0 5
+2 10
+2 10
+3 10
+2 10
+1 10 0 0 0 0 0 0 0 0 10 4
+11 10
+10 10 10
+1 10 10
+3 10
+4 20 10
+5 10
+1 10
+1 10 0 0 0 0 0 0 0 0 10 4
957 1 0 0 1 0 0 1
+1 1
+1 1
+1 1
+2 1
+3 1
+1 1 0 0 0 0 0 0 0 0 1 1
+27 1 1 0 1 0 0 1
+1 1 1
+1 1
+1 1
+1 1
+1 1
+2 1 0 0 0 0 0 0 0 0 1 1
+47 1 1 0 1 0 0 1
+1 1 1
+3 1
+1 1
+1 1
+3 2 1
+7 1
+1 1
+1 1
+1 1 0 0 0 0 0 0 0 0 1 1
+10 1 0 0 1 0 0 1
+1 1 0 0 0 0 0 0 0 0 1
+3 1
+1 1
+1 1
+1 1
+6 1 0 0 1 0 0 1
+2 1
+3 1
+1 1 0 0 0 0 0 0 0 0 1 1

fl=(231) ./nptl/./nptl/pthread_mutex_lock.c
fn=(1422) pthread_mutex_lock@@GLIBC_2.2.5
77 1 0 0 1 0 0 1
+3 3 1
+2 1
+2 2 0 0 0 0 0 0 0 0 1
-7 4 0 2
+11 2 0 0 0 0 0 0 0 0 1 1
+91 1 1 0 1 0 0 1
+3 1 0 1 1 0 0 1
+2 1 0 1
+3 1
-63 1
+66 3 3
-93 2 0 0 1 0 0 1 0 0 1 1
+11 4 1 0 0 0 0 0 0 0 1
+4 1 1 0 0 1
+3 2 1 0 0 0 0 0 0 0 1 1
-71 1 1 0 1 0 0 1
+1 7 2 0 1 0 0 1 0 0 3
+1 1 0 1
+84 3 1 0 0 0 0 0 0 0 1
+1 2 0 1

fl=(241) ./libio/./libio/genops.c
fn=(1626) _IO_flush_all
686 5 0 3 1 0 0 1
+5 1
-5 1 0 1
+5 1
-5 6 1 3 1 0 0 1
+5 4 0 3
cfi=(242)
cfn=(1628)
calls=1 24 
* 13 4 3 2 1 0 2 0 0 1
+1 6 3 0 1 1 0 1 1 0 2
-5 1 0 0 1 0 0 1
fi=(239) ./libio/./libio/libioP.h
1025 2
fe=(241)
708 33 12 6 1 0 0 1 0 0 9 1
+1 3 0 3
-14 9 3 0 0 1 0 0 0 0 3 1
+2 3 0 3 1 0 0 1
+1 27 15 0 1 2 0 1 0 0 9 4
+2 21 9 0 1 2 0 1 1 0 6
+13 7 2 2 1 0 0 1 0 0 2
+1 2 0 1
cfi=(242)
cfn=(1630)
calls=1 54 
* 9 5 1 2 0 0 2 0 0 1 1
+4 12 9 0 0 0 0 0 0 0 1 1
-20 9 0 6 1 0 0 1
-6 2 1 1 1 0 0 1
-5 2
+8 1 1
-3 1 0 1
+3 2 0 0 0 0 0 0 0 0 1 1

fn=(1624) _IO_cleanup
842 6 0 4 1 0 0 1
-66 1
+66 6 1 3
+1 1 0 1
cfn=(1626)
calls=1 686 
* 183 65 37 15 7 0 15 2 0 35 9
-67 2 0 1
+67 1
-67 3 0 2 1 0 0 1
cfi=(242)
cfn=(1628)
calls=1 24 
* 13 4 3 0 0 0 0 0 0 1
+1 6 3 0 0 0 0 0 0 0 2 1
fi=(239)
1025 1 0 0 1 0 0 1
fe=(241)
785 1 1
-1 1 0 1
+1 4 2 0 0 0 0 0 0 0 1
-1 2 0 2
+1 25 12 0 1 0 0 1 0 0 8 3
+9 6 2 0 1 0 0 1 0 0 2 2
+20 2 0 2 1 0 0 1
+2 4 0 0 0 0 0 0 0 0 2 2
+1 3 0 3 1 0 0 1
-37 9 3 0 0 0 0 0 0 0 3 2
+41 7 2 2 1 0 0 1 0 0 2
+1 2 0 1
cfi=(242)
cfn=(1630)
calls=1 54 
* 9 5 1 0 0 0 0 0 0 1 1
+33 12 9 0 0 0 0 0 0 0 1
-78 2 2
+39 24 6 6 1 0 0 1 0 0 6
-2 1 0 1 1 0 0 1
+2 1
-31 6 0 6 1 0 0 1
+7 7 0 0 0 0 0 0 0 0 3 2
-15 1 0 1 1 0 0 1
+3 2 1 0 1 0 0 1
-3 1 0 1
+3 2 0 0 0 0 0 0 0 0 1 1

fl=(176) ./nptl/../sysdeps/unix/sysv/linux/x86/elision-conf.c
fn=(566) __lll_elision_init
92 2 0 1 1 0 0 1
+4 1
-4 2 0 1
+4 2 0 0 1 0 0 1
-4 1
+4 1
-4 3 1 1
+4 1 0 1
cob=(4)
cfi=(175)
cfn=(564)
calls=1 -96 
* 26 5 1 0 2 0 0 1 0 3 2 1
+2 4 0 1
cob=(4)
cfi=(175)
cfn=(564)
calls=1 -98 
* 26 5 1 0 2 0 0 1 0 3 2 1
+2 4 0 1 1 0 0 1
cob=(4)
cfi=(175)
cfn=(564)
calls=1 0 
* 26 5 1 0 2 0 0 1 0 3 2 1
+2 4 0 1
cob=(4)
cfi=(175)
cfn=(564)
calls=1 0 
* 26 5 1 0 2 0 0 1 0 3 2 1
+2 4 0 1
cob=(4)
cfi=(175)
cfn=(564)
calls=1 0 
* 26 5 1 0 1 0 0 0 0 3 0 1
+3 3 1 0 0 1 0 0 1 0 1
+1 1 0 1 1 0 1 1 0 1
+1 6 5 0 0 0 0 0 0 0 1

fl=(192) ./locale/./locale/uselocale.c
fn=(790) uselocale
30 2 0 0 1 0 0 1
+1 6 4 0 1 1 0 1
+2 4 0 0 0 0 0 0 0 0 2 2
+3 4
+1 2 0 2
+28 6 4 2 0 1
+1 6 4 2
+2 6 4 2 1 1 0 1
+4 6
+1 2 2

fl=(237) ./libio/./libio/iofflush.c
fn=(1528) fflush
32 10 0 0 1 0 0 1
+1 20 0 0 0 0 0 0 0 0 10 3
-1 50 0 30
+7 20 10 0 0 2 0 0 1 0 10 8
+1 10 10 0 0 2
fi=(239)
1025 30 0 0 1 0 0 1
+1 20 0 0 0 0 0 0 0 0 10
fe=(237)
40 20 10 10 0 1 0 0 0 0 0 0 10 1
cfi=(238) ./libio/./libio/fileops.c
cfn=(1530) _IO_file_sync@@GLIBC_2.2.5
calls=10 793 
* 210 80 40 4 1 0 4 1 0 20 5
* 20
fi=(239)
979 20 10 0 0 0 0 0 0 0 10
+1 80 30 20 0 0 0 0 0 0 20
fe=(237)
44 50 40
-5 100 40 20 2 3 0 2 0 0 20 5

fl=(91) ./wcsmbs/../sysdeps/x86_64/multiarch/wcslen.c
fn=(300) wcslen
29 1 0 0 1 0 0 1
fi=(88)
+12 2 2
-1 4 0 0 0 0 0 0 0 0 1 1
+2 3 1 0 1 0 0 1 0 0 1
+3 2 0 0 0 0 0 0 0 0 1
+4 3 0 0 0 0 0 0 0 0 1
+3 3 0 0 1 0 0 1 0 0 1
fe=(91)
-23 1 1

fl=(199) ./string/../sysdeps/x86_64/multiarch/memcmp-avx2-movbe.S
fn=(826) __memcmp_avx2_movbe
73 49 0 0 1 0 0 1
+7 49
+1 49 0 0 0 0 0 0 0 0 49 11
+75 39 0 0 1 0 0 1
+10 39 39
+1 39 39
+1 39
+3 78 39
401 49 0 0 1 0 0 1
+1 49 0 0 0 0 0 0 0 0 49
+5 49
+1 49
+1 49
+1 49
+1 49 0 0 0 0 0 0 0 0 49
+3 49 49
+1 49 49
+1 49
+1 49
+3 49
+1 49 0 0 0 0 0 0 0 0 49 13
+1 10
+1 20 10

fl=(172) ./resource/../sysdeps/unix/sysv/linux/getrlimit64.c
fn=(558) getrlimit
38 2 0 0 1 0 0 1
+1 7 0 0 0 0 0 0 0 0 1
+1 1 1

fl=(131) ./debug/../sysdeps/x86_64/multiarch/memmove_chk.c
fn=(406) __memmove_chk
29 1
fi=(93) ./debug/../sysdeps/x86_64/multiarch/ifunc-memmove.h
+28 3 2
-1 2 0 0 0 0 0 0 0 0 1
+4 3 1 0 0 0 0 0 0 0 1
+14 2 0 0 0 0 0 0 0 0 1
+3 2 0 0 1 0 0 1 0 0 1
+8 2 0 0 0 0 0 0 0 0 1 1
+8 2 0 0 0 0 0 0 0 0 1
+3 5 1
fe=(131)

fl=(170) ./elf/./elf/libc_early_init.c
fn=(554) __libc_early_init
33 9 1 3 1 0 0 1
+2 1 0 1 1 0 0 1
cfi=(171)
cfn=(556)
calls=1 -6 
* 17 10 3 2 5 0 2
+3 1 1 0 0 1
fi=(173) ./elf/../sysdeps/nptl/pthread_early_init.h
-5 2
fe=(170)
+8 1 0 1 0 0 1 0 0 1
-3 1 0 1
+3 1 0 1 0 0 1
fi=(173)
-8 1 0 1
cfi=(172)
cfn=(558)
calls=1 +5 
* 10 1 0 1 0 0 1 0 0 1
* 3 0 0 0 0 0 0 0 0 1
+1 1 1
+4 5 0 0 1 0 0 1
+7 1 1
fi=(246) ./elf/../nptl/nptl-stack.h
+16 3 2 0 0 1
fi=(173)
-16 1 1
fi=(246)
+16 2
fi=(173)
-7 1 0 1 0 0 1 0 0 1
fi=(246)
+7 3
fi=(173)
-9 1
-6 1 0 0 1 0 0 1
+2 2
+4 4 0 1
+1 1 0 1 0 0 1 0 0 1
+3 1 0 1
cfi=(174)
cfn=(562)
calls=1 -1 
* 104 21 9 4 6 0 4 2 0 10 4 3 1
fe=(170)
-9 3 2 0 0 0 0 0 0 0 1
+2 2 2
-2 1
cfi=(176)
cfn=(566)
calls=1 +45 
* 169 32 14 4 10 1 4 5 1 17 8 5

fl=(179) ./csu/./csu/init-first.c
fn=(598) _init_first
46 6 0 2 1 0 0 1
+5 2 1 0 0 0 0 0 0 0 1
+4 5 4 0 1 2 0 1 1 0 1
+8 1 1 0 0 1
-2 1 0 1 0 0 1
+10 1
-9 1 0 1
+1 1 0 1 0 0 1 0 0 1
+9 3 2
-1 1
cfi=(180) ./misc/./misc/init-misc.c
cfn=(600) __init_misc
calls=1 -41 
* 50 11 6 5 2 1 5 1 0 5 2 1 1

fl=(182) ./libio/./libio/vtables.c
fn=(606) check_stdfiles_vtables
545 1 0 0 1 0 0 1
+1 4 2 0 0 2 0 0 0 0 1 1
+1 3 2 0 1 1 0 1 0 0 1 1
+1 3 2 0 0 1 0 0 0 0 1
+2 1 1

fl=(202)
fn=(1124)
24 9 0 6 2 0 0 2
+1 8 3 0 0 3 0 0 1 0 2
+3 1 0 1
cob=(4)
cfi=(175)
cfn=(820) 0x0000000004b34500
calls=1 -28 
* 16 3 0 1 2 0 0 1 0 2 0 1 1
+1 1 1 0 0 1
-1 1
+1 366 91 0 0 11 0 0 0 0 92 2
+2 182 91 0 1 43 0 1 29 0 91 24
+1 44 0 11
cob=(4)
cfi=(175)
cfn=(1126) 0x0000000004b34600
calls=11 -32 
* 316 66 0 8 6 0 8 5 0 47 13 11 1
* 22 0 0 0 0 0 0 0 0 11 3
+5 9 7

fl=(119) ./string/../sysdeps/x86_64/multiarch/strncase_l.c
fn=(366) strncasecmp_l
31 1 0 0 1 0 0 1
fi=(114)
+6 2 2 0 1 0 0 1
-1 4 0 0 0 0 0 0 0 0 1 1
fe=(119)
-5 2 1
fi=(114)
+7 3 1 0 1 0 0 1 0 0 1
+3 2 0 0 0 0 0 0 0 0 1
+4 3 0 0 0 0 0 0 0 0 1
+3 4 0 0 0 0 0 0 0 0 1
fe=(119)

fl=(112) ./string/../sysdeps/x86_64/multiarch/strncmp.c
fn=(352) strncmp
67 1 0 0 1 0 0 1
-23 2 2 0 1 0 0 1
-1 4 0 0 0 0 0 0 0 0 1 1
+24 2 1
-22 3 1 0 1 0 0 1 0 0 1
+3 2 0 0 0 0 0 0 0 0 1
+4 3 0 0 0 0 0 0 0 0 1
+3 4 0 0 0 0 0 0 0 0 1

fl=(121) ./string/../sysdeps/x86_64/multiarch/memcmp.c
fn=(374) bcmp
29 1 0 0 1 0 0 1
fi=(122) ./string/../sysdeps/x86_64/multiarch/ifunc-memcmp.h
+5 5 2 0 1 0 0 1 0 0 1
+1 2 1 0 0 0 0 0 0 0 1
+1 2 0 0 0 0 0 0 0 0 1
+1 3 1 0 0 0 0 0 0 0 1
+3 2 0 0 0 0 0 0 0 0 1
+4 3 0 0 0 0 0 0 0 0 1
+3 4 0 0 1 0 0 1
fe=(121)
-18 2 1

fl=(196) ./iconv/./iconv/gconv_simple.c
fn=(806) __gconv_btwoc_ascii
49 128 0 0 1 0 0 1
+2 512
+3 128 128

fl=(81) ./string/../sysdeps/x86/cacheinfo.c
fn=(280) __x86_cacheinfo
86 1 0 0 1 0 0 1
fi=(82) ./string/../sysdeps/x86/cacheinfo.h
-27 1 1 0 0 1
+3 3 1 0 1 1 0 1 0 0 1
+2 1
+1 1 0 1 0 0 1 0 0 1
-1 2 0 1
+7 3 1 0 0 0 0 0 0 0 1
+2 1
+1 1 0 1
-1 2 0 1 1 0 0 1
+5 2 1 1 0 0 1 0 0 1
+2 2 1 1
+1 2 1 1
+1 2 1 1
+2 2 1 0 1 1 0 1 0 0 1 1
+2 2 1
fe=(81)

fl=(207) ./malloc/./malloc/morecore.c
fn=(1154) __glibc_morecore
25 4 0 0 1 0 0 1
+1 8 4 0 0 0 0 0 0 0 4
-1 8 0 4 1 0 0 1
+4 4 0 4
cfi=(208)
cfn=(1156)
calls=4 +8 
* 155 41 24 5 3 1 5 0 0 26 11
+1 8 0 0 0 0 0 0 0 0 4
+4 8 8

fl=(180)
fn=(600)
30 1 0 0 1 0 0 1
+1 2 0 0 0 0 0 0 0 0 1 1
-1 4 0 3
+1 4 1 0 0 0 0 0 0 0 1
+2 3 0 1 1 0 0 1
cob=(4)
cfi=(175)
cfn=(602) 0x0000000004b34660
calls=1 -33 
* 24 3 0 3 2 0 3 1 0 3 1 1 1
+4 5 1 1 0 0 1
+1 3 2 1
+2 4 4

fl=(209)
fn=(1158)
36 4 0 0 1 0 0 1
fi=(247) ./misc/../sysdeps/unix/sysv/linux/brk_call.h
-12 8
fe=(209)
+13 8 4 4
+1 8 0 0 0 0 0 0 0 0 4
+6 4
+1 4 4

fl=(85) ./string/../sysdeps/x86_64/multiarch/strpbrk.c
fn=(288) strpbrk
29 1 0 0 1 0 0 1
fi=(244)
+7 5 2 0 1 1 0 1
fe=(85)
-7 1 1

fl=(213) ./csu/../sysdeps/nptl/libc_start_call_main.h
fn=(1324) (below main)
29 4 0 2 1 0 0 1
+15 1
-15 5 1 3
+15 1 0 1 1 0 0 1
cfi=(214) ./setjmp/../sysdeps/x86_64/bsd-_setjmp.S
cfn=(1326) _setjmp
calls=1 -16 
* 38 8 11 4 1 0 4 0 0 2 1
* 1
+2 2 0 0 0 0 0 0 0 0 1
+5 2 1 1 0 1
+1 2 1 1 0 1
+3 2 0 1
+3 6 5 1 1 0 0 1 0 0 0 0 1 1
cob=(8) /home/konrad/Documents/ast2ast/development/perf_plain
cfi=(217) /home/konrad/Documents/ast2ast/development/perf_plain.cpp
cfn=(1332) main
calls=1 -51 
* 1153363213 384301522 96510997 77 6795215 6774313 75 13 5413 336585558 5182 73 16
+16 2 0 1
cfi=(228) ./stdlib/./stdlib/exit.c
cfn=(1414) exit
calls=1 +63 
* 11390 3757 1892 177 228 13 140 49 1 1720 248 103 64

fl=(198) ./string/../sysdeps/x86_64/multiarch/strlen-avx2.S
fn=(822) __strlen_avx2
52 69 0 0 1 0 0 1
+13 69
+1 69
+1 69
+3 69
+2 69
+1 69 0 0 0 0 0 0 0 0 69 3
+3 69 69 0 0 6 0 0 6
+1 69
+8 69
+1 69 0 0 0 0 0 0 0 0 69
+1 69
+5 138 69

fl=(103) ./string/../sysdeps/x86_64/multiarch/strchr.c
fn=(330) index
65 1 0 0 1 0 0 1
-22 2 2
+1 1 1
-2 4 0 0 0 0 0 0 0 0 1 1
+2 2 0 0 1 0 0 1 0 0 1
+3 2 0 0 0 0 0 0 0 0 1
+4 3 0 0 0 0 0 0 0 0 1
+3 3 0 0 0 0 0 0 0 0 1
+11 1 1

fl=(89) ./string/../sysdeps/x86_64/multiarch/memset.c
fn=(296) memset
29 2 0 0 1 0 0 1
fi=(90) ./string/../sysdeps/x86_64/multiarch/ifunc-memset.h
+25 10 4 0 0 2 0 0 0 0 2
+3 6 2 0 0 1 0 0 0 0 2
+7 4 0 0 1 0 0 1
+9 4 0 0 0 0 0 0 0 0 2
+2 4 0 0 0 0 0 0 0 0 2
+10 4 0 0 0 0 0 0 0 0 2
+8 4 0 0 0 0 0 0 0 0 2
+3 10 2
fe=(89)

fl=(104) ./debug/../sysdeps/x86_64/multiarch/memset_chk.c
fn=(332) __memset_chk
29 1
fi=(105) ./debug/../sysdeps/x86_64/multiarch/ifunc-memset.h
+25 5 2 0 0 0 0 0 0 0 1
+3 3 1 0 0 0 0 0 0 0 1
+7 2 0 0 1 0 0 1
+9 2 0 0 0 0 0 0 0 0 1
+2 2 0 0 0 0 0 0 0 0 1
+10 2 0 0 0 0 0 0 0 0 1
+8 2 0 0 0 0 0 0 0 0 1
+3 5 1
fe=(104)

fl=(132) ./string/../sysdeps/x86_64/multiarch/stpcpy.c
fn=(410) stpcpy
33 1 0 0 1 0 0 1
fi=(118) ./string/../sysdeps/x86_64/multiarch/ifunc-strcpy.h
+5 2 2
+1 1 1
-1 2 0 0 0 0 0 0 0 0 1
+1 2 0 0 0 0 0 0 0 0 1
+3 2 0 0 0 0 0 0 0 0 1
+4 3 0 0 0 0 0 0 0 0 1
+3 3 0 0 0 0 0 0 0 0 1 1
fe=(132)
-16 1 1

fl=(204) ./malloc/./malloc/malloc.c
fn=(1412) unlink_chunk.isra.0
1608 6 0 6 1 0 0 1
+2 18 6
-2 6
+2 12 6 0 1 0 0 1 0 0 6
+3 6 6
+1 12 6
+2 24 12 0 0 0 0 0 0 0 12
-3 6 6
+6 6 0 6
+1 6 0 6
+1 30 6 0 1 0 0 1 0 0 12 4
+24 12 12

fn=(1160) alloc_perturb
1985 36 12 0 1 0 0 1 0 0 12
+2 12 12

fn=(1400) _int_free
4495 70 0 40 1 0 0 1
+4 30 10
+6 40 0 0 0 0 0 0 0 0 10
+1 20 0 0 1 0 0 1 0 0 10
+4 50 0 0 0 0 0 0 0 0 20
+8 40 20 0 0 0 0 0 0 0 10 2
-1 20
+1 20 10 0 0 1 0 0 0 0 10 3
+29 2 2 0 1 0 0 1
-20 2 2 0 0 1 0 0 1
-6 2
+6 4 2 0 0 0 0 0 0 0 2
+20 8 2 0 0 1 0 0 1 0 2 2
1792 8 8 0 0 1
4561 16 0 0 0 0 0 0 0 0 8 2
+97 12 10 0 1 0 0 1
-21 16 8 0 0 0 0 0 0 0 8
+3 16 8 0 0 1 0 0 0 0 8 2
+18 8
-12 8
+12 32 32
-12 8
cfn=(1408) _int_free_merge_chunk
calls=8 +19 
* 1034 316 182 14 8 2 14 0 0 170 31
3163 2 2 0 1 0 0 1
+4 2
-4 2 0 2
+2 8 2 2 1 1 0 1
+1 2 0 2
+1 2 0 2
4550 2

fn=(1140) malloc
3294 88 0 44 1 0 0 1
+7 22 11 0 0 6 0 0 1 0 11 1
1326 20 0 0 0 0 0 0 0 0 10
+19 53 0 0 1 0 0 1 0 0 11 2
3311 18
+2 44 22 0 0 10 0 0 0 0 11 1
+3 20 10 0 0 5 0 0 0 0 10 4
+10 22 11 0 1 6 0 1 0 0 11 6
+28 66 55
3248 4 2 1 1 0 0 1 0 0 1
cfn=(1150) tcache_init.part.0
calls=1 -6 
* 473 88 137 47 3 11 47 1 11 142 32
+68 2 1 0 1 0 0 1 0 0 1 1
+2 6 2 0 0 2 0 0 0 0 2 2
+10 44 0 11 1 0 5 1
cfn=(1152) _int_malloc
calls=11 3846 
* 1800 341 187 3 44 21 3 0 10 274 52
+1 55 11 0 1 0 0 1 0 0 22 1
fi=(205) ./malloc/./malloc/arena.c
153 22 0 0 0 0 0 0 0 0 11 4
264 1 0 1 1 0 0 1
cfn=(1144) ptmalloc_init.part.0
calls=1 -2 
* 1151 70 160 11 26 35 9 11 33 167 21 12 1
fe=(204)
1326 2 0 0 0 0 0 0 0 0 1 1

fn=(1408)
4665 40 0 32 1 0 0 1
+1 8
-1 24 0 16 1 0 0 1
+5 48 8 0 0 1 0 0 0 0 8
+3 16 8 0 0 1 0 0 0 0 8 2
+5 24 8 0 0 4 0 0 0 0 8
+3 16
+1 16 0 0 1 0 0 1 0 0 8
+1 16 8 0 0 1 0 0 0 0 8
1992 24 8 0 0 0 0 0 0 0 8
4689 16 8 0 0 0 0 0 0 0 8 4
+2 4 4
+2 4
-1 4
+2 16 4 0 0 0 0 0 0 0 4 2
+2 8 0 4
cfn=(1412)
calls=4 1608 
* 96 40 12 3 0 0 3 0 0 20 2
+18 16 8 0 1 0 0 1 0 0 8
+6 16 8 0 0 0 0 0 0 0 8 2
+4 6 0 6
+9 6 6
-1 6
+1 18
+1 12 6 0 0 0 0 0 0 0 6
-1 2 2
-1 2
+1 6
+1 4 2 0 0 0 0 0 0 0 2
+2 8 0 8 1 0 0 1
+2 16 0 0 0 0 0 0 0 0 8 4
+5 8 0 8
+1 8 0 8
+2 24 0 8
+1 8 0 8
-45 8
-1 16
+1 48 48
-1 8
cfn=(1410) _int_free_maybe_consolidate
calls=8 +69 
* 288 112 56 4 1 0 4 0 0 40 11
+39 24 0 8 1 0 2 1
-19 2
+1 2
-1 2 0 2
cfn=(1412)
calls=2 1608 
* 48 20 6 0 0 0 0 0 0 10 2
+1 2
-47 24 8 0 1 0 0 1
-2 16 0 0 0 0 0 0 0 0 8 2

fn=(1410)
4770 88 8 56 1 0 0 1
+6 16 0 0 1 0 0 1 0 0 8 3
+22 88 72 0 0 0 0 0 0 0 8
-20 32 8 0 0 0 0 0 0 0 8
+3 24 0 0 1 0 0 1 0 0 8 4
+3 40 24 0 1 1 0 1 0 0 8 4

fn=(1152)
3846 132 12 84 1 5 5 1
1326 24 0 0 0 0 0 0 0 0 12
+19 70 0 0 1 0 0 1 0 0 12 2
3887 20 0 0 0 0 0 0 0 0 10
1794 10 10
3914 20 0 0 0 0 0 0 0 0 10 4
+63 20 0 0 2 0 0 2 0 0 10 1
+62 160 0 0 0 0 0 0 0 0 32 6
+1 27 9 0 0 3 0 0 0 0 9
+20 12 12 0 1 0 0 1
-1 12
-1 12
+1 24 0 12
+1 24 12 0 0 0 0 0 0 0 12 1
-2 22 11
+12 60 12 12 0 5 0 0 0 0 12 7
3887 4 0 0 0 0 0 0 0 0 2
+27 4 2 0 0 0 0 0 0 0 2 2
+66 3 0 0 1 0 0 1
+2 3 3 0 0 2
-2 3
+2 6 0 0 0 0 0 0 0 0 3 3
-68 6 0 0 1 0 0 1
1345 2 0 0 1 0 0 1
3919 4 2 0 0 2
+2 4 0 0 0 0 0 0 0 0 2
+9 6
4487 144 108 0 1 0 0 1 0 0 12
4257 36 0 0 2 0 0 2 0 0 12 3
+2 27
+3 9 9 0 0 6
-3 9
+3 18 0 0 0 0 0 0 0 0 9 1
+1 12
+71 36
-4 12
+1 12
+1 12
-1 12 0 0 1 0 0 1
+1 12
+1 24 12 0 0 5
+1 36
+5 48 0 0 0 0 0 0 0 0 12 2
+4 36 0 0 2 0 0 2 0 0 12 2
+3 12 3 0 0 0 0 0 0 0 3
-3 9 0 0 0 0 0 0 0 0 3
+3 12 3 0 0 0 0 0 0 0 3
-3 9 0 0 0 0 0 0 0 0 3 2
+3 8 2 0 0 0 0 0 0 0 2
-3 4 0 0 0 0 0 0 0 0 2 2
4443 12 12 0 1 0 0 1
+1 24 12 0 0 5
+2 24 12 0 0 6 0 0 0 0 12
+3 36 0 0 1 0 0 1 0 0 12 6
+17 12 3 3 0 0 0 0 0 0 3 2
4070 1 0 0 1 0 0 1
-91 6
2552 3 3 0 1 2 0 1
+12 3 3 0 0 1
-12 15 3 6 0 1 1
+12 3 0 0 0 0 0 0 0 0 3 3
4460 36 0 12 1 0 4 1
cfn=(1160)
calls=12 1985 
* 48 24 0 1 0 0 1 0 0 12
+1 12 0 0 1 0 0 1
-9 18
+2 18
-1 9 0 9
+1 9
-3 9
+3 9
+2 9
-2 36 0 9
+2 9 0 9 0 0 8 0 0 8
+3 18 0 0 1 0 0 1
2553 3 0 3 1 0 0 1
+36 9 3
+1 3
-1 3 0 3
+1 3 0 3
+9 24 6 0 0 0 0 0 0 0 10 3
+6 6 4 0 0 0 0 0 0 0 2
+3 9 0 0 1 0 0 1 0 0 3 3
2921 9 6 0 1 0 0 1 0 0 3
+1 3 0 3 1 0 0 1
+4 3 3
+4 15 6 0 0 0 0 0 0 0 3
+5 3
-2 3
+5 3
-3 6
-3 3
+2 3 0 3
+1 3
+1 3 0 0 1 0 0 1
-1 9 0 3
+1 3 0 3 0 0 3 0 0 3
4482 3
2669 9 3 3 1 0 0 1
+8 6 3 0 1 0 0 1 0 0 3
+1 9 3 3
+13 3 3
+2 3 3
-2 6 0 0 0 0 0 0 0 0 3
+8 15 3 3
+8 6 0 0 1 0 0 1 0 0 3 3
+48 4 2 0 2 0 0 2 0 0 2 1
+40 3 0 0 0 0 0 0 0 0 1 1
+19 2 1 0 1 0 0 1
+3 2
+1 6 1
+2 1 0 0 0 0 0 0 0 0 1
+1 5 0 4 1 0 0 1
cfi=(207)
cfn=(1154)
calls=1 25 
* 33 11 6 0 0 0 0 0 0 5 2
+12 4 3
-12 1
+12 1 0 0 0 0 0 0 0 0 1
2008 4 1 0 0 0 0 0 0 0 1
3882 1
2873 1
+3 1
-1 1 0 1
+1 4 0 1 1 0 1 1 0 1
+12 1 1
-11 1 0 1
+11 2 0 0 0 0 0 0 0 0 1 1
2783 1 0 0 1 0 0 1
-1 2
2017 2 2 0 1 0 0 1
2745 1 0 1
+1 1
+6 3 1
-6 1 0 1
+6 3 0 0 1 0 0 1 0 0 1 1
-6 2
+6 6 2
-6 2 0 2
+6 10 0 0 0 0 0 0 0 0 4
+1 12 2 2
-44 9 0 6 1 0 0 1
cfi=(207)
cfn=(1154)
calls=3 25 
* 162 42 26 7 3 1 7 0 0 29 9
+1 6 3
-1 3
+1 3 0 0 0 0 0 0 0 0 3
2008 3 3
2711 3
2008 9 0 0 0 0 0 0 0 0 3
2712 3
+3 6 0 0 0 0 0 0 0 0 3
+29 17 7 0 1 1 0 1 1 0 3 1

fn=(1150)
3242 4 0 2 1 0 0 1
+9 8 2 1 1 0 0 1 0 0 2
+1 3 0 1
cfn=(1152)
calls=1 3846 
* 359 81 50 44 3 2 44 1 2 57 22
+1 2 0 0 0 0 0 0 0 0 1
+8 4 1 1 0 0 0 0 0 0 2 1
+9 1 1 0 1 0 0 1
fi=(210) ./malloc/../string/bits/string_fortified.h
59 2
fe=(204)
3270 1 0 1
fi=(210)
59 86 0 81 0 0 9 0 0 9 80 9
fe=(204)
3274 3 3

fn=(1396) free
3359 10 0 0 1 0 0 1
+4 20 0 0 0 0 0 0 0 0 10
-4 30 0 20 1 0 0 1
+14 10
-14 30 0 20
+12 10 10 0 0 1
+4 10 10 0 0 3
-4 10 10 0 0 1
+4 20 0 0 0 0 0 0 0 0 10
+17 30 20 0 0 2 0 0 0 0 10
fi=(205)
153 30 0 0 0 0 0 0 0 0 10 4
fe=(204)
3398 30 0 10 1 0 0 1
cfn=(1400)
calls=10 4495 
* 1486 434 230 20 14 2 20 2 0 258 42
+3 10 0 10
+1 60 50

fl=(123) ./wcsmbs/../sysdeps/x86_64/multiarch/wmemset.c
fn=(378) wmemset
31 2 0 0 1 0 0 1
fi=(124) ./wcsmbs/../sysdeps/x86_64/multiarch/ifunc-wmemset.h
+5 10 4 0 0 0 0 0 0 0 2
+1 6 2 0 1 0 0 1 0 0 2 2
fe=(123)
-6 2 2

fl=(193) ./wcsmbs/./wcsmbs/wctob.c
fn=(796) wctob
30 1280 128 640 1 0 0 1
+9 384 0 0 0 0 0 0 0 0 128
+6 128
-1 256 0 0 0 0 0 0 0 0 128
+35 1152 896 0 1 0 0 1 0 0 128

fl=(120) ./string/../sysdeps/x86_64/multiarch/strchrnul.c
fn=(370) strchrnul
31 1 0 0 1 0 0 1
fi=(84) ./string/../sysdeps/x86_64/multiarch/ifunc-avx2.h
+9 3 2
-2 4 0 0 0 0 0 0 0 0 1
fe=(120)
-7 2 1
fi=(84)
+10 2 1 0 1 0 0 1 0 0 1
+1 3 1 0 0 0 0 0 0 0 1
+3 2 0 0 0 0 0 0 0 0 1
+4 3 0 0 0 0 0 0 0 0 1
+3 5
fe=(120)

fl=(195) ./elf/./elf/libc-dl-profstub.c
fn=(804) _dl_mcount_wrapper_check
36 128 0 0 1 0 0 1
+1 384 256 0 0 0 0 0 0 0 128 2
+1 128 128

fl=(228)
fn=(1414)
137 2 0 1 1 0 0 1
+1 3
-1 1
+1 1 0 1
cfn=(1416) __run_exit_handlers
calls=1 38 
* 11383 3757 1890 176 228 13 139 49 1 1720 248 103 64

fn=(1416)
38 12 0 8 1 0 0 1
+2 2 0 0 0 0 0 0 0 0 1 1
+3 5 0 1 1 0 1 1 0 0 1
+11 2 2 0 0 1
+2 2 0 0 0 0 0 0 0 0 1
+38 2
-30 39 13 0 0 1 0 0 0 0 13 1
+2 12
+1 12 12
-1 12 0 12 1 0 0 1
+3 106 12 0 0 1 0 0 0 0 35 4
+44 3 1 0 1 0 0 1 0 0 1 1
+13 1 0 0 1 0 0 1
-66 1 0 1 0 0 1
+66 3 1 1 0 0 0 0 0 0 2
+2 2 1 0 0 0 0 0 0 0 1 1
+3 2 0 1
cfi=(243) ./posix/../sysdeps/unix/sysv/linux/_exit.c
cfn=(1634) _Exit
calls=1 27 
* 6 1 0 1 1 0 1
-29 1 1 0 1 0 0 1
+1 1 1 0 0 1
-2 1 0 1
+3 1
+3 1
-3 2 1
+3 3 1 1 0 0 0 0 0 0 2
+1 3 0 1 0 0 0 0 0 0 0 0 1 1
cob=(1) /usr/lib/x86_64-linux-gnu/ld-linux-x86-64.so.2
cfi=(230) ./elf/./elf/dl-fini.c
cfn=(1420) _dl_fini
calls=1 -82 
* 10763 3584 1778 135 216 11 98 47 1 1592 214 102 63
+1 4 0 1 1 0 0 1 0 0 1 1
+10 3 2 1 1 0 0 1
+1 2 0 0 0 0 0 0 0 0 1 1
-79 1 0 1 1 0 0 1
cfi=(229) ./stdlib/./stdlib/cxa_thread_atexit_impl.c
cfn=(1418) __call_tls_dtors
calls=1 148 
* 13 6 3 3 0 0 3 0 0 1 1
* 1
+88 1 0 1
cfi=(241)
cfn=(1624)
calls=1 842 
* 357 118 78 28 7 0 28 2 0 68 23
* 1

fl=(190) ./locale/./locale/newlocale.c
fn=(714) newlocale
43 15 1 8 2 0 0 2
+12 2 0 0 0 0 0 0 0 0 1 1
277 12 9 0 1 0 0 1 0 0 1
63 2 0 0 1 0 0 1 0 0 1
+3 1
-10 1 0 1
+10 2 0 0 0 0 0 0 0 0 1
+7 3 2 0 1 0 0 1 0 0 1
+2 1
-2 1 0 0 1 0 0 1 0 0 1 1

fl=(197) ./wctype/./wctype/wctype_l.c
fn=(818) wctype_l
26 80 0 50 1 0 0 1
+7 10
-7 30 0 10
+3 10 0 10 1 0 0 1
cob=(4)
cfi=(175)
cfn=(820)
calls=10 -29 
* 160 30 0 2 4 0 2 3 0 20 0 10 10
* 10
+3 30 20 10 0 1
+1 10
+7 48
+1 96 48 0 0 0 0 0 0 0 48
-8 48
+2 96 0 48
cob=(4)
cfi=(175)
cfn=(820)
calls=48 -35 
* 768 144 0 0 1 0 0 1 0 96 1 48
* 20 0 10
cob=(4)
cfi=(175)
cfn=(820)
calls=10 -35 
* 160 30 0 0 1 0 0 1 0 20 2 10
* 58
+2 312 0 49 1 0 0 1 0 0 58 10
cob=(4)
cfi=(175)
cfn=(824) 0x0000000004b34580
calls=49 -37 
* 1146 274 0 4 1 0 4 0 0 196 24 49 10
* 98 0 0 0 0 0 0 0 0 49 2
+8 20 20 0 0 1
+1 10 10 0 0 2
+1 80 70

fl=(83) ./string/../sysdeps/x86_64/multiarch/strnlen.c
fn=(284) strnlen
31 2 0 0 1 0 0 1
fi=(84)
+9 6 4 0 0 1
-2 8 0 0 0 0 0 0 0 0 2 2
fe=(83)
-7 4 2
fi=(84)
+10 4 2 0 1 0 0 1 0 0 2
+1 6 2 0 0 0 0 0 0 0 2
+3 4 0 0 0 0 0 0 0 0 2
+4 6 0 0 0 0 0 0 0 0 2
+3 10
fe=(83)

fl=(106) ./string/../sysdeps/x86_64/multiarch/strrchr.c
fn=(336) rindex
28 1
fi=(84)
+12 3 2
-2 4 0 0 0 0 0 0 0 0 1 1
fe=(106)
-10 2 1
fi=(84)
+13 2 1 0 1 0 0 1 0 0 1
+1 3 1 0 0 0 0 0 0 0 1
+3 2 0 0 0 0 0 0 0 0 1
+4 3 0 0 0 0 0 0 0 0 1
+3 5
fe=(106)

fl=(133) ./string/../sysdeps/x86_64/multiarch/memmove.c
fn=(414) memmove
29 2 0 0 1 0 0 1
fi=(99)
+28 6 4
-1 4 0 0 0 0 0 0 0 0 2
+4 6 2 0 0 0 0 0 0 0 2
+14 4 0 0 0 0 0 0 0 0 2
+3 4 0 0 0 0 0 0 0 0 2 1
+8 4 0 0 0 0 0 0 0 0 2 2
+8 4 0 0 1 0 0 1 0 0 2 2
+3 10 2 0 2 0 0 2
fe=(133)

fl=(214)
fn=(1326)
28 1 0 0 1 0 0 1
+2 1
+2 1
cfi=(215) ./setjmp/../sysdeps/x86_64/setjmp.S
cfn=(1328) __sigsetjmp
calls=1 -1 
* 35 8 11 3 1 0 3 0 0 2 1

fl=(229)
fn=(1418)
148 4 0 2 1 0 0 1
+1 1 1 0 1 0 0 1
-1 1 0 1
+1 3 1 0 0 0 0 0 0 0 1 1
+16 4 4 0 1 0 0 1

fl=(92) ./debug/../sysdeps/x86_64/multiarch/mempcpy_chk.c
fn=(304) __mempcpy_chk
29 1 0 0 1 0 0 1
fi=(93)
+28 3 2 0 1 0 0 1
-1 2 0 0 0 0 0 0 0 0 1
+4 3 1 0 0 0 0 0 0 0 1
+14 2 0 0 0 0 0 0 0 0 1
+3 2 0 0 0 0 0 0 0 0 1
+8 2 0 0 0 0 0 0 0 0 1 1
+8 2 0 0 1 0 0 1 0 0 1 1
+3 5 1 0 2 0 0 2
fe=(92)

fl=(200) ./stdlib/./stdlib/cxa_atexit.c
fn=(1080) __cxa_atexit
67 84 0 60 1 0 0 1
-26 24 0 0 1 0 0 1 0 0 12
+2 96 0 12 0 0 1 0 0 0 12
+1 24 0 12
cfn=(1082) __new_exitfn
calls=12 +36 
* 440 96 73 4 3 0 4 1 0 59 15
+2 24 0 0 0 0 0 0 0 0 12
+8 12 0 12 0 0 6 0 0 6
-2 12
+3 12 0 12 1 0 0 1
+1 12 0 12
-4 24 12
+1 12 0 12
+4 48 12 12 0 0 0 0 0 0 24
+1 12
+11 72 72

fn=(1082)
80 12 0 0 1 0 0 1
+6 24 12 0 0 1 0 0 1 0 12
-6 48 0 36
+11 24 12 0 0 1
-10 12
+10 48 0 0 0 0 0 0 0 0 12 4
+2 24 12 0 0 1
+1 55 11 0 0 0 0 0 0 0 11 5
-1 24 0 0 1 0 0 1 0 0 12 5
-2 1 1
+10 1 0 1
-10 3 0 0 0 0 0 0 0 0 1 1
+13 22 0 0 0 0 0 0 0 0 11
+25 11
+1 22 0 11
-1 22
+7 11 0 11
+5 33 22
-4 11 0 11
+4 22 22
-5 1 0 1 1 0 0 1
+5 3 2
-4 1 0 1
+4 2 2
-18 1 0 1 1 0 0 1
-1 1
+12 1

fl=(238)
fn=(1530)
793 70 0 30 2 0 0 2
+5 40 20 0 0 1 0 0 1 0 10 3
+2 10 10
+1 20 10 0 1 0 0 1 0 0 10 2
+11 20 0 10 1 0 0 1
+4 50 40

fl=(107) ./wcsmbs/../sysdeps/x86_64/multiarch/wcscmp.c
fn=(340) wcscmp
30 1 0 0 1 0 0 1
fi=(101) ./wcsmbs/../sysdeps/x86_64/multiarch/ifunc-avx2.h
+10 3 2
-2 4 0 0 0 0 0 0 0 0 1 1
fe=(107)
-8 2 1
fi=(101)
+11 2 1 0 1 0 0 1 0 0 1
+1 3 1 0 0 0 0 0 0 0 1
+3 2 0 0 0 0 0 0 0 0 1
+4 3 0 0 0 0 0 0 0 0 1
+3 5
fe=(107)

fl=(125) ./string/../sysdeps/x86_64/multiarch/strcpy.c
fn=(382) strcpy
29 1 0 0 1 0 0 1
fi=(118)
+9 2 2
+1 1 1
-1 2 0 0 0 0 0 0 0 0 1
+1 2 0 0 1 0 0 1 0 0 1
+3 2 0 0 0 0 0 0 0 0 1
+4 3 0 0 0 0 0 0 0 0 1
+3 3 0 0 0 0 0 0 0 0 1 1
fe=(125)
-20 1 1

fl=(205)
fn=(1144)
262 1 0 1 1 0 0 1
fi=(206) ./malloc/../sysdeps/unix/sysv/linux/not-cancel.h
97 3
fe=(205)
262 7 1 3
+5 1 0 1 1 0 0 1
fi=(206)
97 3
fi=(204)
3143 2 0 0 0 0 0 0 0 0 1 1
fe=(205)
292 2 1 0 1 1 0 1 0 0 1 1
+4 3 1 1 1 1 1 1
fi=(204)
1946 4
+3 1
-3 1
+3 2 0 1 0 0 1 0 0 1
-3 2 0 0 0 0 0 0 0 0 1 1
+3 126
-3 126
+3 252 0 126 0 0 32 0 0 31
-3 252 0 0 0 0 0 0 0 0 126 6
+11 1 0 1
fe=(205)
300 3 0 0 1 0 0 1
fi=(204)
1958 1 0 1 0 0 1 0 0 1
+2 1 0 1
fe=(205)
300 1 0 1
cob=(4)
cfi=(175)
cfn=(564)
calls=1 0 
* 25 5 1 2 3 0 0 1 0 3 1 1 1
+1 4 0 1
cob=(4)
cfi=(175)
cfn=(564)
calls=1 0 
* 26 5 1 0 1 0 0 0 0 3 2 1
+1 4 0 1 1 0 0 1
cob=(4)
cfi=(175)
cfn=(564)
calls=1 0 
* 25 5 1 0 2 0 0 1 0 3 1 1
+1 4 0 1
cob=(4)
cfi=(175)
cfn=(564)
calls=1 0 
* 25 5 1 0 2 0 0 1 0 3 2 1
+1 4 0 1
cob=(4)
cfi=(175)
cfn=(564)
calls=1 0 
* 26 5 1 0 2 0 0 1 0 3 2 1
+1 4 0 1
cob=(4)
cfi=(175)
cfn=(564)
calls=1 0 
* 25 5 1 0 2 0 0 1 0 3 1 1
+1 4 0 1 1 0 0 1
cob=(4)
cfi=(175)
cfn=(564)
calls=1 0 
* 25 5 1 0 2 0 0 1 0 3 1 1
+2 4 0 1
cob=(4)
cfi=(175)
cfn=(564)
calls=1 0 
* 25 5 1 0 1 0 0 0 0 3 1 1
+1 4 0 1
cob=(4)
cfi=(175)
cfn=(564)
calls=1 0 
* 25 5 1 0 2 0 0 1 0 3 1 1
+1 4 0 1 1 0 0 1
cob=(4)
cfi=(175)
cfn=(564)
calls=1 0 
* 25 5 1 0 2 0 0 1 0 3 0 1
+3 4 0 1
cob=(4)
cfi=(175)
cfn=(564)
calls=1 0 
* 25 5 1 0 2 0 0 1 0 3 0 1
+1 4 0 1
cob=(4)
cfi=(175)
cfn=(564)
calls=1 0 
* 25 5 1 0 2 0 0 1 0 3 0 1
+2 2 1 0 0 1 0 0 1 0 1
+10 8 6 0 1 0 0 1 0 0 1

fl=(212) ./csu/../csu/libc-start.c
fn=(1308) __libc_start_main@@GLIBC_2.34
242 13 0 7 1 0 0 1
+69 3 0 0 0 0 0 0 0 0 1
+1 3 0 1
cfi=(200)
cfn=(1080)
calls=1 67 
* 76 16 18 0 0 1 0 0 1 10 1
+25 6 2 1 1 0 0 1 0 0 1
+6 2 2
-3 2 0 0 0 0 0 0 0 0 1 1
+10 2 1 1
cob=(4)
cfi=(175)
cfn=(1320) 0x0000000004b347b0
calls=1 0 
* 7 3 0 2 2 0 2 0 0 1 0 1 1
+2 2 0 0 0 0 0 0 0 0 1
+8 4 1 1
cfi=(213)
cfn=(1324)
calls=1 29 
* 1153374669 384305295 96512911 261 6795446 6774326 222 62 5414 336587281 5431 177 81
128 2 2 0 1 1 0 1
+6 3 1 0 0 1 0 0 0 0 1
+1 6 2 2 0 1 0 0 0 0 0 0 1 1
cob=(4)
cfi=(175)
cfn=(1310) 0x0000000000109000
calls=1 0 
* 7 2 0 1 0 0 1 0 0 1 1
* 1 1
+3 1 1 0 0 1
+1 2 0 0 1 0 0 1 0 0 1
+3 2 2 0 0 1
+1 2 2
-1 1
+2 7 0 1 0 0 0 0 0 0 1
+1 4 1 2 1 1 0 1 0 0 0 0 1 1
cob=(8)
cfi=(211) ???
cfn=(1314) 0x0000000000002150
calls=1 0 
* 12 1 0 3 0 0 3 0 0 1 1
-1 4 1 0 0 0 0 0 0 0 1

fl=(243)
fn=(1634)
27 2 1 0 1 1 0 1
+3 2

fl=(86) ./string/../sysdeps/x86_64/multiarch/strcmp.c
fn=(290) strcmp
79 1 0 0 1 0 0 1
-31 2 2
+1 1 1
-2 4 0 0 1 0 0 1 0 0 1 1
+2 2 0 0 0 0 0 0 0 0 1
+3 2 0 0 0 0 0 0 0 0 1
+4 3 0 0 1 0 0 1 0 0 1
+3 3 0 0 0 0 0 0 0 0 1
+20 1 1

fl=(116) ./wcsmbs/../sysdeps/x86_64/multiarch/wcscpy.c
fn=(360) wcscpy
60 1 0 0 1 0 0 1
-17 2 2 0 1 0 0 1
-1 4 0 0 0 0 0 0 0 0 1 1
+2 3 1 0 0 0 0 0 0 0 1
+2 2 0 0 1 0 0 1 0 0 1
+4 3 0 0 0 0 0 0 0 0 1
+10 1 1

fl=(136) ./string/../sysdeps/x86_64/multiarch/strspn.c
fn=(422) strspn
29 1 0 0 1 0 0 1
fi=(244)
+7 5 2 0 1 0 0 1
fe=(136)
-7 1 1

fl=(194) ./wcsmbs/./wcsmbs/btowc.c
fn=(802) btowc
32 512 0 256 1 0 0 1
+5 256
-5 2048 256 1024
+5 1536 0 0 1 0 0 1 0 0 512 1
+5 512 0 0 0 0 0 0 0 0 256 3
+4 384 384 0 0 1
fi=(248) ./wcsmbs/./wcsmbsload.h
+23 128 128 0 0 1
+1 384 128 0 0 1 0 0 0 0 128
fe=(194)
-23 128 128 0 0 1
+1 128 128 0 0 1
-1 128 128 0 1 1 0 1
+1 128 0 0 0 0 0 0 0 0 128 2
+4 512 128 0 0 0 0 0 0 0 256
+3 256 0 128
cfi=(195)
cfn=(804)
calls=128 -19 
* 640 384 0 1 0 0 1 0 0 128 2
* 512 384 0 0 0 0 0 0 0 128 1
+39 128
-39 256
+39 512 512
-39 128 0 0 0 0 0 0 0 0 0 0 128 1
cfi=(196)
cfn=(806)
calls=128 -6 
* 768 128 0 1 0 0 1
+39 1152 896 0 1 0 0 1 0 0 128

fl=(222) ./string/../sysdeps/x86_64/multiarch/memset-vec-unaligned-erms.S
fn=(1356) __memset_avx2_unaligned_erms
158 8 0 0 1 0 0 1
+1 16
+5 8
+1 8 0 0 0 0 0 0 0 0 8
+1 8
+1 8
+1 8 0 0 0 0 0 0 0 0 8 3
+69 8 8 0 1 6 0 1
+1 8 0 0 0 0 0 0 0 0 8 4
+87 8 0 0 1 0 0 1
+1 8
+1 8
+1 345752 0 345744 0 0 5406 0 0 5404 345752 16
+1 8
+1 16 8 0 0 4

fl=(127) ./string/../sysdeps/x86_64/multiarch/strlen.c
fn=(394) strlen
29 1 0 0 1 0 0 1
fi=(84)
+11 3 2
-2 4 0 0 0 0 0 0 0 0 1 1
fe=(127)
-9 2 1
fi=(84)
+12 2 1 0 0 0 0 0 0 0 1
+1 3 1 0 1 0 0 1 0 0 1
+3 2 0 0 0 0 0 0 0 0 1
+4 3 0 0 0 0 0 0 0 0 1
+3 5
fe=(127)

fl=(94) ./debug/../sysdeps/x86_64/multiarch/memcpy_chk.c
fn=(308) __memcpy_chk
29 1 0 0 1 0 0 1
fi=(93)
+28 3 2 0 1 0 0 1
-1 2 0 0 0 0 0 0 0 0 1
+4 3 1 0 0 0 0 0 0 0 1
+14 2 0 0 0 0 0 0 0 0 1
+3 2 0 0 0 0 0 0 0 0 1
+8 2 0 0 0 0 0 0 0 0 1 1
+8 2 0 0 1 0 0 1 0 0 1
+3 5 1 0 2 0 0 2
fe=(94)

fl=(216) ./setjmp/./setjmp/sigjmp.c
fn=(1330) __sigjmp_save
28 6 0 2
+2 2 0 0 0 0 0 0 0 0 1
-1 1 0 1
+5 4 3

fl=(100) ./wcsmbs/../sysdeps/x86_64/multiarch/wcscat.c
fn=(324) wcschr
31 2 0 0 1 0 0 1
fi=(101)
+9 6 4
-2 8 0 0 1 0 0 1 0 0 2 2
fi=(102) ./wcsmbs/../sysdeps/x86_64/multiarch/wcschr.c
-7 4 2
fi=(101)
+10 4 2 0 0 0 0 0 0 0 2
+1 6 2 0 0 0 0 0 0 0 2
+3 4 0 0 0 0 0 0 0 0 2
+4 6 0 0 0 0 0 0 0 0 2
+3 10 0 0 1 0 0 1
fe=(100)

fn=(390) wcscat
31 1 0 0 1 0 0 1
fi=(97)
+9 3 2
-1 4 0 0 0 0 0 0 0 0 1 1
+2 3 1 0 0 0 0 0 0 0 1
+3 2 0 0 0 0 0 0 0 0 1
+4 4
fe=(100)
-17 1 1

fl=(108) ./string/../sysdeps/x86_64/multiarch/stpncpy.c
fn=(344) stpncpy
31 1 0 0 1 0 0 1
fi=(109)
+4 5 2 0 1 0 0 1 0 0 1
+1 3 1 0 0 0 0 0 0 0 1
+3 2 0 0 0 0 0 0 0 0 1
+4 3 0 0 0 0 0 0 0 0 1
+3 4
fe=(108)
-15 1 1

fl=(235)
fn=(1438)
82 10 0 5 1 0 0 1
+1 10
-1 20 0 5
+1 10 0 5 0 0 1 0 0 1 5 3
fi=(236) ./posix/../malloc/dynarray-skeleton.c
243 5 5 0 0 2 0 0 1
fe=(235)
71 10 0 0 1 0 0 1 0 0 5 3
+38 20 5 5 1 0 0 1 0 0 10
+1 15 15

fl=(117) ./string/../sysdeps/x86_64/multiarch/strcat.c
fn=(362) strcat
29 1 0 0 1 0 0 1
fi=(118)
+9 2 2
+1 1 1
-1 2 0 0 0 0 0 0 0 0 1
+1 2 0 0 1 0 0 1 0 0 1
+3 2 0 0 0 0 0 0 0 0 1
+4 3 0 0 0 0 0 0 0 0 1
+3 3 0 0 0 0 0 0 0 0 1 1
fe=(117)
-20 1 1

fl=(215)
fn=(1328)
31 1 0 0 1 0 0 1
+2 1 0 1
+9 1
+1 2 1
+1 1 0 1
+4 1 0 1
+1 1 0 1
+1 1 0 1
+1 1 0 1
+1 1
+2 2 1 0 1 0 0 1
+2 1 0 1
+1 1 1
+1 1
+2 2 1
+2 1 0 1
+5 1 1 0 0 1
+1 1 0 0 0 0 0 0 0 0 1 1
+17 1 0 0 1 0 0 1
cfi=(216)
cfn=(1330)
calls=1 -57 
* 13 3 3 0 0 0 0 0 0 1

fl=(139) ./string/../sysdeps/x86_64/multiarch/strncase.c
fn=(432) strncasecmp
31 1 0 0 1 0 0 1
fi=(114)
+6 2 2
-1 4 0 0 0 0 0 0 0 0 1 1
fe=(139)
-5 2 1
fi=(114)
+7 3 1 0 1 0 0 1 0 0 1
+3 2 0 0 0 0 0 0 0 0 1
+4 3 0 0 0 0 0 0 0 0 1
+3 4 0 0 0 0 0 0 0 0 1
fe=(139)

fl=(110) ./wcsmbs/../sysdeps/x86_64/multiarch/wmemchr.c
fn=(348) wmemchr
31 2 0 0 1 0 0 1
fi=(111) ./wcsmbs/../sysdeps/x86_64/multiarch/ifunc-evex.h
+7 6 4 0 1 0 0 1
-1 8 0 0 0 0 0 0 0 0 2 2
+2 6 2 0 0 0 0 0 0 0 2
+6 4
-3 4 0 0 0 0 0 0 0 0 2
+9 6 0 0 0 0 0 0 0 0 2
+3 8 0 0 1 0 0 1
fe=(110)
-23 2 2

fl=(95) ./string/../sysdeps/x86_64/multiarch/memrchr.c
fn=(312) memrchr
29 1 0 0 1 0 0 1
fi=(84)
+11 3 2
-2 4 0 0 0 0 0 0 0 0 1 1
fe=(95)
-9 2 1
fi=(84)
+12 2 1 0 0 0 0 0 0 0 1 1
+1 3 1 0 1 0 0 1 0 0 1
+3 2 0 0 0 0 0 0 0 0 1
+4 3 0 0 0 0 0 0 0 0 1
+3 5
fe=(95)

fl=(188) ./nptl/./nptl/pthread_once.c
fn=(694) pthread_once@@GLIBC_2.34
136 14 0 0 1 0 0 1
+3 14 14 0 0 1 0 0 1
+1 28 0 0 0 0 0 0 0 0 14 1
+4 26 13
-1 1
cfn=(696) __pthread_once_slow
calls=1 -75 
* 1885 604 297 19 25 3 19 8 0 259 24 7 5

fn=(696)
68 11 1 5 1 0 0 1
+8 1 1
+4 2 0 0 0 0 0 0 0 0 1 1
+52 10 7 0 0 0 0 0 0 0 1
-44 2 1 0 1 1 0 1 1
+4 2 0 1 0 0 0 0 0 0 1
+9 2 0 0 0 0 0 0 0 0 1 1
+13 13 0 7 2 0 0 2
cfi=(189)
cfn=(698)
calls=1 -89 
* 7 2 4 1 1 0 1
+2 1 0 1 0 0 0 0 0 0 0 0 1 1
cob=(7)
cfi=(185)
cfn=(700) 0x00000000000d0450
calls=1 0 
* 1816 590 276 12 23 3 12 7 0 253 20 6 4
+2 3 0 1
cfi=(189)
cfn=(716)
calls=1 -78 
* 6 2 1 1 0 0 1 0 0 1 1
fi=(191) ./nptl/../sysdeps/nptl/futex-internal.h
+91 3 0 0 1 0 0 1
fe=(188)
-85 1 0 1
fi=(191)
+85 5 0 0 0 0 0 0 0 0 1 1
fe=(188)

ob=(3) /usr/lib/x86_64-linux-gnu/libm.so.6
fl=(160) ./math/../sysdeps/x86_64/fpu/multiarch/e_exp2f.c
fn=(506) exp2f@@GLIBC_2.27
27 1 0 0 1 0 0 1
fi=(142) ./math/../sysdeps/x86_64/fpu/multiarch/ifunc-fma.h
+2 4 2 0 0 0 0 0 0 0 1
+1 3 1
fe=(160)
-3 1 1

fl=(146) ./math/../sysdeps/x86_64/fpu/multiarch/s_sin.c
fn=(452) cos
34 1 0 0 1 0 0 1
fi=(144) ./math/../sysdeps/x86_64/fpu/multiarch/ifunc-avx-fma4.h
-2 5 2 0 1 0 0 1 0 0 1
+1 2 1 0 0 0 0 0 0 0 1 1
fe=(146)
+1 1 1

fn=(514) sin
27 1 0 0 1 0 0 1
fi=(144)
+5 5 2 0 0 0 0 0 0 0 1
+1 2 1 0 0 0 0 0 0 0 1 1
fe=(146)
-6 1 1

fl=(162) ./math/../sysdeps/x86_64/fpu/multiarch/s_sincos.c
fn=(518) sincos
26 1 0 0 1 0 0 1
fi=(152) ./math/../sysdeps/x86_64/fpu/multiarch/ifunc-fma4.h
+5 4 2 0 1 0 0 1 0 0 1
+1 2 1 0 0 0 0 0 0 0 1 1
fe=(162)
-6 1 1

fl=(155) ./math/../sysdeps/x86_64/fpu/multiarch/e_log.c
fn=(484) __log_finite@GLIBC_2.15
27 1 0 0 1 0 0 1
fi=(144)
+5 5 2 0 0 0 0 0 0 0 1
+1 2 1 0 0 0 0 0 0 0 1 1
fe=(155)
-6 1 1 0 1 0 0 1

fl=(145) ./math/../sysdeps/x86_64/fpu/multiarch/e_expf.c
fn=(448) expf@@GLIBC_2.27
27 1 0 0 1 0 0 1
fi=(142)
+2 4 2 0 1 0 0 1 0 0 1
+1 3 1
fe=(145)
-3 1 1

fl=(143) ./math/../sysdeps/x86_64/fpu/multiarch/e_exp.c
fn=(444) __exp_finite@GLIBC_2.15
27 1 0 0 1 0 0 1
fi=(144)
+5 5 2 0 0 0 0 0 0 0 1
+1 2 1 0 0 0 0 0 0 0 1 1
fe=(143)
-6 1 1 0 1 0 0 1

fl=(153) ./math/../sysdeps/x86_64/fpu/multiarch/e_log2f.c
fn=(476) log2f@@GLIBC_2.27
27 1 0 0 1 0 0 1
fi=(142)
+2 4 2 0 0 0 0 0 0 0 1
+1 3 1 0 1 0 0 1
fe=(153)
-3 1 1

fl=(158) ./math/../sysdeps/x86_64/fpu/multiarch/s_fma.c
fn=(496) fma
49 6 3 0 2 0 0 2 0 0 1 1

fl=(151) ./math/../sysdeps/x86_64/fpu/multiarch/e_pow.c
fn=(472) __pow_finite@GLIBC_2.15
27 1 0 0 1 0 0 1
fi=(152)
+4 4 2 0 1 0 0 1 0 0 1
+1 2 1 0 0 0 0 0 0 0 1 1
fe=(151)
-5 1 1

fl=(183) ???
fn=(1616) 0x0000000000010430
0 5 1 0 2 0 0 1 0 0 1 1

fn=(1606) 0x00000000000104a0
0 9 3 2 2 2 0 0 0 0 2
cob=(4)
cfi=(175)
cfn=(1612) 0x0000000004d2e220
calls=1 0 
0 134 31 13 1 0 0 1 0 0 36 3 1 1
0 1 0 1
cfn=(1616)
calls=1 0 
0 5 1 0 2 0 0 1 0 0 1 1
0 3 2 1

fn=(612) 0x00000000000104e0
0 12 1 0 3 0 0 3 0 0 1 1

fl=(141) ./math/../sysdeps/x86_64/fpu/multiarch/s_cosf.c
fn=(440) cosf
26 1 0 0 1 0 0 1
fi=(142)
+3 4 2 0 0 0 0 0 0 0 1
+1 3 1
fe=(141)
-4 1 1

fl=(157) ./math/../sysdeps/x86_64/fpu/multiarch/s_sinf.c
fn=(492) sinf
26 1 0 0 1 0 0 1
fi=(142)
+3 4 2 0 0 0 0 0 0 0 1
+1 3 1
fe=(157)
-4 1 1

fl=(149) ./math/../sysdeps/x86_64/fpu/multiarch/s_sincosf.c
fn=(464) sincosf
26 1 0 0 1 0 0 1
fi=(142)
+3 4 2 0 1 0 0 1 0 0 1
+1 3 1
fe=(149)
-4 1 1

fl=(148) ./math/../sysdeps/x86_64/fpu/multiarch/e_log2.c
fn=(460) log2@@GLIBC_2.29
27 1 0 0 1 0 0 1
fi=(142)
+2 4 2 0 0 0 0 0 0 0 1
+1 3 1
fe=(148)
-3 1 1

fl=(147) ./math/../sysdeps/x86_64/fpu/multiarch/e_logf.c
fn=(456) logf@@GLIBC_2.27
27 1 0 0 1 0 0 1
fi=(142)
+2 4 2 0 0 0 0 0 0 0 1
+1 3 1
fe=(147)
-3 1 1

fl=(150) ./math/../sysdeps/x86_64/fpu/multiarch/e_powf.c
fn=(468) powf@@GLIBC_2.27
30 1 0 0 1 0 0 1
fi=(142)
-1 4 2 0 0 0 0 0 0 0 1
+1 4 2
fe=(150)

fl=(161) ./math/../sysdeps/x86_64/fpu/multiarch/e_atan2.c
fn=(510) __atan2_finite@GLIBC_2.15
26 1 0 0 1 0 0 1
fi=(144)
+6 5 2 0 0 0 0 0 0 0 1
+1 2 1 0 1 0 0 1 0 0 1 1
fe=(161)
-7 1 1

fl=(156) ./math/../sysdeps/x86_64/fpu/multiarch/e_asin.c
fn=(498) __asin_finite@GLIBC_2.15
27 1 0 0 1 0 0 1
fi=(152)
+4 4 2 0 0 0 0 0 0 0 1
+1 2 1 0 0 0 0 0 0 0 1 1
fe=(156)
-5 1 1

fn=(488) __acos_finite@GLIBC_2.15
35 1 0 0 1 0 0 1
fi=(152)
-4 4 2 0 0 0 0 0 0 0 1
+1 2 1 0 1 0 0 1 0 0 1 1
+3 1 1
fe=(156)

fl=(159) ./math/../sysdeps/x86_64/fpu/multiarch/s_expm1.c
fn=(502) expm1
26 1 0 0 1 0 0 1
fi=(142)
+3 4 2 0 0 0 0 0 0 0 1
+1 3 1 0 1 0 0 1
fe=(159)
-4 1 1

fl=(154) ./math/../sysdeps/x86_64/fpu/multiarch/s_log1p.c
fn=(480) __log1p
26 1 0 0 1 0 0 1
fi=(142)
+3 4 2 0 0 0 0 0 0 0 1
+1 3 1
fe=(154)
-4 1 1

ob=(7)
fl=(185)
fn=(676) std::locale::facet::_S_get_c_name()
0 21 7 0 1 0 0 1

fn=(838) std::__cxx11::numpunct<wchar_t>::_M_initialize_numpunct(__locale_struct*)
0 353 75 75 5 1 3 5 1 3 64 15

fn=(850) std::__cxx11::moneypunct<wchar_t, true>::_M_initialize_moneypunct(__locale_struct*, char const*)
0 109 30 31 6 0 0 6 0 0 14 10

fn=(870) 0x00000000000ed260
0 25 4 12 3 0 2 3 0 2
cob=(4)
cfi=(175)
cfn=(872) 0x0000000004902750
calls=1 0 
0 1354 424 205 7 9 1 7 1 0 194 19 3 2
0 8 4 3 0 0 0 0 0 0 1
cob=(4)
cfi=(175)
cfn=(726) 0x0000000004902800
calls=1 0 
0 17 6 2 0 0 0 0 0 0 2 0 1
0 7 2 4 1 0 0 1
cob=(4)
cfi=(175)
cfn=(684) 0x00000000049043c0
calls=1 0 
0 25 8 3 0 0 0 0 0 0 2 0 2
0 7 3 3 1 0 0 1 0 0 1
cob=(4)
cfi=(175)
cfn=(726)
calls=1 0 
0 17 6 2 0 0 0 0 0 0 2 0 1
0 13 2 5 1 0 1 1 0 1
cob=(4)
cfi=(175)
cfn=(890) 0x0000000004901a50
calls=1 0 
0 1123 336 160 6 10 1 6 3 0 155 11 3 2
0 7 3 3 0 0 0 0 0 0 1
cob=(4)
cfi=(175)
cfn=(726)
calls=1 0 
0 17 6 2 0 0 0 0 0 0 2 0 1
0 13 3 5 1 1 0 1
cob=(4)
cfi=(175)
cfn=(902) 0x0000000004905050
calls=1 0 
0 1140 338 160 8 10 1 8 1 0 159 13 3 2
0 7 3 3 1 0 0 1 0 0 1
cob=(4)
cfi=(175)
cfn=(726)
calls=1 0 
0 17 6 2 0 0 0 0 0 0 2 0 1
0 12 5 5 1 0 0 1 0 0 1 1
cob=(4)
cfi=(175)
cfn=(726)
calls=1 0 
0 17 6 2 0 0 0 0 0 0 2 0 1
0 12 4 5 1 1 0 1 0 0 1
cob=(4)
cfi=(175)
cfn=(726)
calls=1 0 
0 17 6 2 0 0 0 0 0 0 2 0 1
0 12 4 5 1 0 0 1 0 0 1
cob=(4)
cfi=(175)
cfn=(726)
calls=1 0 
0 17 6 2 0 0 0 0 0 0 2 0 1
0 6 0 2 1 0 0 1
cob=(4)
cfi=(175)
cfn=(926) 0x0000000004905510
calls=1 0 
0 771 265 141 4 8 1 4 1 1 96 6 6 2
0 7 3 3 0 0 0 0 0 0 1 1
cob=(4)
cfi=(175)
cfn=(726)
calls=1 0 
0 17 6 2 0 0 0 0 0 0 2 0 1
0 16 5 7 2 0 1 2 0 1
cob=(4)
cfi=(175)
cfn=(938) 0x00000000049030a0
calls=1 0 
0 1298 362 204 7 6 0 7 0 0 196 23 3 2
0 7 3 3 0 1 0 0 0 0 1
cob=(4)
cfi=(175)
cfn=(726)
calls=1 0 
0 17 6 2 0 0 0 0 0 0 2 0 1
0 7 2 4 1 0 0 1
cob=(4)
cfi=(175)
cfn=(684)
calls=1 0 
0 25 8 3 0 0 0 0 0 0 2 0 2
0 7 3 3 1 1 0 1 0 0 1
cob=(4)
cfi=(175)
cfn=(726)
calls=1 0 
0 17 6 2 0 0 0 0 0 0 2 0 1
0 13 2 5 1 0 1 1 0 1
cob=(4)
cfi=(175)
cfn=(956) 0x00000000049036f0
calls=1 0 
0 1150 332 160 7 10 0 7 2 0 164 7 3 2
0 7 3 3 0 1 0 0 0 0 1
cob=(4)
cfi=(175)
cfn=(726)
calls=1 0 
0 17 6 2 0 0 0 0 0 0 2 0 1
0 13 3 5 1 1 0 1
cob=(4)
cfi=(175)
cfn=(968) 0x0000000004904280
calls=1 0 
0 1126 329 160 8 9 0 8 0 0 158 13 3 2
0 7 3 3 1 0 0 1 0 0 1
cob=(4)
cfi=(175)
cfn=(726)
calls=1 0 
0 17 6 2 0 0 0 0 0 0 2 0 1
0 12 5 5 1 2 0 1 0 0 1
cob=(4)
cfi=(175)
cfn=(726)
calls=1 0 
0 17 6 2 0 0 0 0 0 0 2 0 1
0 12 4 5 1 0 2 1 0 1 1
cob=(4)
cfi=(175)
cfn=(726)
calls=1 0 
0 17 6 2 0 0 0 0 0 0 2 0 1
0 12 4 5 1 0 0 1 0 0 1 1
cob=(4)
cfi=(175)
cfn=(726)
calls=1 0 
0 17 6 2 0 0 0 0 0 0 2 0 1
0 6 0 2 1 0 0 1
cob=(4)
cfi=(175)
cfn=(992) 0x0000000004903c70
calls=1 0 
0 771 265 141 4 7 0 4 1 0 96 5 6 2
0 6 3 2 0 0 0 0 0 0 1
cob=(4)
cfi=(175)
cfn=(726)
calls=1 0 
0 17 6 2 0 0 0 0 0 0 2 0 1
0 4 2 2 1 0 0 1
cob=(4)
cfi=(175)
cfn=(726)
calls=1 0 
0 8 3 0 0 0 0 0 0 0 1 1 1
0 4 2 2
cob=(4)
cfi=(175)
cfn=(726)
calls=1 0 
0 8 3 0 0 0 0 0 0 0 1 1 1
0 5 3 2
cob=(4)
cfi=(175)
cfn=(726)
calls=1 0 
0 8 3 0 0 0 0 0 0 0 1 1 1
0 5 3 2 1 0 0 1
cob=(4)
cfi=(175)
cfn=(726)
calls=1 0 
0 8 3 0 0 0 0 0 0 0 1 1 1
0 4 2 2
cob=(4)
cfi=(175)
cfn=(726)
calls=1 0 
0 8 3 0 0 0 0 0 0 0 1 1 1
0 5 3 2
cob=(4)
cfi=(175)
cfn=(726)
calls=1 0 
0 8 3 0 0 0 0 0 0 0 1 1 1
0 10 8 1 1 0 0 1

fn=(1084) 0x00000000000b7ae0
0 12 1 0 3 0 0 3 0 0 1 1

fn=(1116) 0x00000000000b71e0
0 23 1 13 2 0 1 2
cob=(4)
cfi=(175)
cfn=(1118) 0x0000000004902cb0
calls=1 0 
0 1901 567 159 19 90 0 14 40 0 368 58 17 6
0 27 9 8 2 0 0 2 0 0 2
cob=(4)
cfi=(175)
cfn=(1136) 0x0000000004902210
calls=1 0 
0 2676 491 458 73 46 47 67 14 45 460 76 16 4
0 8 0 4 0 0 0 0 0 0 1

fn=(1406) operator delete[](void*)
0 16 0 0 1 0 0 1
cob=(4)
cfi=(175)
cfn=(1386) 0x0000000004902430
calls=8 0 
0 1674 500 262 14 13 2 14 0 0 274 42 16 2

fn=(1484)
0 2 1 0 1 0 0 1

fn=(1504) std::error_category::~error_category()
0 4 2

fn=(1544) __cxa_get_globals
0 10 0 4 1 0 0 1
cob=(4)
cfi=(175)
cfn=(1546) 0x0000000004903140
calls=2 0 
0 944 335 138 8 26 0 4 10 0 134 6 5 4
0 6 4

fn=(1556) std::basic_ostream<wchar_t, std::char_traits<wchar_t> >::flush()
0 51 12 15 2 7 0 2 0 0 3
cob=(4)
cfi=(175)
cfn=(1558) 0x0000000004903340
calls=3 0 
0 1141 368 172 3 9 0 3 3 0 152 9 10 4
0 21 18 3 1 3 0 1 0 0 3 0 3 1
cfn=(1564) __gnu_cxx::stdio_sync_filebuf<wchar_t, std::char_traits<wchar_t> >::sync()
calls=3 0 
0 213 75 36 1 2 0 1 0 0 30 3 6
0 52 30 1 1 0 0 1 0 0 9 3
cob=(4)
cfi=(175)
cfn=(1534) 0x0000000004902970
calls=1 0 
0 35 15 4 0 0 0 0 0 0 2 0 3 3
0 7 3 1 0 0 0 0 0 0 2 1 1 1
cfn=(1564)
calls=1 0 
0 71 25 12 0 0 0 0 0 0 10 1 2
0 2 0 0 0 0 0 0 0 0 1 1

fn=(1557) std::basic_ostream<wchar_t, std::char_traits<wchar_t> >::flush()'2
0 17 4 5 0 0 0 0 0 0 1
cob=(4)
cfi=(175)
cfn=(1559) 0x0000000004903340'2
calls=1 0 
0 24 9 6 0 0 0 0 0 0 2 1 1
0 7 6 1 0 0 0 0 0 0 1 0 1
cfn=(1564)
calls=1 0 
0 71 25 12 0 0 0 0 0 0 10 0 2
0 17 10 0 0 0 0 0 0 0 3 1

fn=(1564)
0 15 5 0 1 2 0 1
cob=(4)
cfi=(175)
cfn=(1524) 0x00000000049054b0
calls=5 0 
0 340 120 60 0 0 0 0 0 0 50 4 10

fn=(812) std::ctype<wchar_t>::_M_convert_to_wmask(unsigned short) const
0 88 1 0 1 0 0 1 0 0 45 11
cob=(4)
cfi=(175)
cfn=(814) 0x0000000004902580
calls=1 0 
0 505 97 25 0 0 0 0 0 0 77 2 19 3
0 24 1 0 2 0 0 2 0 0 12 3
cob=(4)
cfi=(175)
cfn=(814)
calls=1 0 
0 395 77 21 0 1 0 0 1 0 59 3 15 3
0 3 1
cob=(4)
cfi=(175)
cfn=(814)
calls=1 0 
0 560 107 27 0 0 0 0 0 0 86 3 21 3
0 9 1 0 1 0 0 1 0 0 3 1
cob=(4)
cfi=(175)
cfn=(814)
calls=1 0 
0 205 43 14 0 0 0 0 0 0 28 6 8 3
0 3 1
cob=(4)
cfi=(175)
cfn=(814)
calls=1 0 
0 150 33 12 1 1 0 1 1 0 19 4 6 3
0 3 1 0 1 0 0 1
cob=(4)
cfi=(175)
cfn=(814)
calls=1 0 
0 847 301 144 10 16 0 10 5 0 112 8 6 4
0 3 1
cob=(4)
cfi=(175)
cfn=(814)
calls=1 0 
0 260 53 16 0 0 0 0 0 0 37 3 10 3
0 7 3
cob=(4)
cfi=(175)
cfn=(814)
calls=1 0 
0 340 67 19 0 2 0 0 1 0 50 7 13 3
0 3 1 0 1 0 0 1
cob=(4)
cfi=(175)
cfn=(814)
calls=1 0 
0 195 39 14 0 0 0 0 0 0 26 8 8 3
0 3 1
cob=(4)
cfi=(175)
cfn=(814)
calls=1 0 
0 615 117 29 0 0 0 0 0 0 95 2 23 3

fn=(1096) std::error_category::error_category()
0 10 4 2 1 0 0 1

fn=(1198) 0x00000000000b7530
0 48 11 28 6 4 6 6 4 6

fn=(656) 0x00000000000e98b0
0 12 1 4 1 0 0 1 0 0 1 1
cob=(4)
cfi=(175)
cfn=(666) 0x0000000004902410
calls=1 0 
0 72511 21522 9773 326 448 108 323 92 95 11679 550 890 129
0 9 3 2
cob=(4)
cfi=(175)
cfn=(1018) 0x0000000004901780
calls=1 0 
0 744 254 130 2 7 1 2 2 0 98 3 3 2
0 176 87 0 2 1 0 2 1 0 44 3

fn=(700)
0 7 1 0 1 0 0 1 0 0 1 1
cob=(4)
cfi=(175)
cfn=(704) 0x0000000004902500
calls=1 0 
0 1809 589 276 11 23 3 11 7 0 252 19 6 4

fn=(748) std::__cxx11::moneypunct<char, false>::_M_initialize_moneypunct(__locale_struct*, char const*)
0 114 38 31 6 2 0 6 1 0 13 10

fn=(1036) std::basic_ios<char, std::char_traits<char> >::init(std::basic_streambuf<char, std::char_traits<char> >*)
0 32 0 16 1 0 0 1
cob=(4)
cfi=(175)
cfn=(1038) 0x0000000004904780
calls=4 0 
0 2541 885 475 12 26 0 12 5 0 311 27 22 9
0 12 0 4 1 0 0 1
cob=(4)
cfi=(175)
cfn=(1056) 0x0000000004904920
calls=4 0 
0 1222 398 165 5 10 0 5 3 0 152 13 18 3
0 52 16 20

fn=(1202) 0x00000000000b76c0
0 5 0 0 1 0 0 1
cob=(4)
cfi=(175)
cfn=(1076) 0x0000000004902620
calls=1 0 
0 78 17 18 0 0 0 0 0 0 10 2 1

fn=(1494)
0 2 1 0 1 0 0 1

fn=(1506)
0 4 0 1 1 0 0 1
cob=(4)
cfi=(175)
cfn=(1500) 0x0000000004903320
calls=1 0 
0 4 2 0 0 0 0 0 0 0 0 0 1 1

fn=(670) std::locale::_Impl::_Impl(unsigned long)
0 142 1 121 3 0 16 3 0 16 107 30
cob=(4)
cfi=(175)
cfn=(672) 0x00000000049023e0
calls=1 0 
0 822 263 129 2 11 3 2 2 0 109 6 3 2
0 7 1 2 0 1 0 0 1
cob=(4)
cfi=(175)
cfn=(678) 0x00000000049017a0
calls=1 0 
0 4576 1459 785 32 63 13 32 18 9 669 74 18 12
0 4 1 1 1 1 0 1
cob=(4)
cfi=(175)
cfn=(720) 0x00000000049030e0
calls=1 0 
0 2066 653 270 12 15 0 12 4 0 331 21 6 4
0 4 0 1
cob=(4)
cfi=(175)
cfn=(732) 0x00000000049029e0
calls=1 0 
0 833 274 139 4 8 1 4 1 1 108 5 5 4
0 4 1 1 0 1
cob=(4)
cfi=(175)
cfn=(720)
calls=1 0 
0 400 118 12 0 1 0 0 0 0 103 4 2 2
0 24 1 15 3 0 4 3 0 4
cob=(4)
cfi=(175)
cfn=(738) 0x0000000004904700
calls=1 0 
0 1426 435 205 7 15 0 7 5 0 208 24 3 2
0 4 1 1 0 1
cob=(4)
cfi=(175)
cfn=(720)
calls=1 0 
0 400 118 12 0 1 0 0 1 0 103 3 2
0 8 2 3 1 2 0 1
cob=(4)
cfi=(175)
cfn=(720)
calls=1 0 
0 400 118 12 0 1 0 0 1 0 103 3 2
0 8 2 3 1 2 0 1
cob=(4)
cfi=(175)
cfn=(720)
calls=1 0 
0 400 118 12 0 0 0 0 0 0 103 3 2
0 5 1 3 0 1
cob=(4)
cfi=(175)
cfn=(684)
calls=1 0 
0 25 8 3 0 0 0 0 0 0 2 0 2
0 5 1 2 1 1 0 1
cob=(4)
cfi=(175)
cfn=(720)
calls=1 0 
0 400 118 12 0 0 0 0 0 0 103 3 2
0 29 1 19 3 1 3 3 0 3
cob=(4)
cfi=(175)
cfn=(744) 0x0000000004902e30
calls=1 0 
0 1187 346 160 8 13 0 8 3 0 167 14 3 2
0 4 1 1 1 1 0 1
cob=(4)
cfi=(175)
cfn=(720)
calls=1 0 
0 400 118 12 0 0 0 0 0 0 103 3 2
0 29 1 19 3 1 2 3 0 2
cob=(4)
cfi=(175)
cfn=(750) 0x0000000004904530
calls=1 0 
0 1188 346 160 7 7 0 7 0 0 167 12 3 2
0 4 1 1
cob=(4)
cfi=(175)
cfn=(720)
calls=1 0 
0 400 118 12 0 0 0 0 0 0 103 1 2
0 8 2 3 1 2 0 1
cob=(4)
cfi=(175)
cfn=(720)
calls=1 0 
0 400 118 12 0 0 0 0 0 0 103 1 2
0 8 2 3 1 2 1 1 0 1
cob=(4)
cfi=(175)
cfn=(720)
calls=1 0 
0 400 118 12 0 0 0 0 0 0 103 1 2
0 35 0 28 4 0 7 4 0 7
cob=(4)
cfi=(175)
cfn=(756) 0x0000000004903a00
calls=1 0 
0 2039 611 301 19 20 0 19 3 0 260 9 9 5
0 4 1 1 0 1
cob=(4)
cfi=(175)
cfn=(720)
calls=1 0 
0 400 118 12 0 0 0 0 0 0 103 2 2 1
0 8 2 3 1 2 1 1 0 1
cob=(4)
cfi=(175)
cfn=(720)
calls=1 0 
0 400 118 12 0 0 0 0 0 0 103 1 2
0 8 2 3 0 1
cob=(4)
cfi=(175)
cfn=(720)
calls=1 0 
0 400 118 12 0 1 0 0 1 0 103 1 2
0 4 0 1 1 0 0 1
cob=(4)
cfi=(175)
cfn=(768) 0x0000000004901630
calls=1 0 
0 803 271 141 4 8 0 4 0 0 100 4 6 2
0 4 1 1
cob=(4)
cfi=(175)
cfn=(720)
calls=1 0 
0 400 118 12 0 0 0 0 0 0 103 2 2
0 4 0 1
cob=(4)
cfi=(175)
cfn=(774) 0x0000000004901b70
calls=1 0 
0 26868 7741 3995 50 96 21 47 26 21 3865 127 672 58
0 4 1 1 1 1 0 1
cob=(4)
cfi=(175)
cfn=(720)
calls=1 0 
0 400 118 12 0 1 0 0 1 0 103 2 2 1
0 4 0 1
cob=(4)
cfi=(175)
cfn=(828) 0x00000000049025a0
calls=1 0 
0 833 274 139 3 7 2 3 2 2 108 5 5 2
0 4 1 1
cob=(4)
cfi=(175)
cfn=(720)
calls=1 0 
0 400 118 12 0 0 0 0 0 0 103 1 2
0 23 1 15 3 1 3 3 0 3
cob=(4)
cfi=(175)
cfn=(834) 0x0000000004901c60
calls=1 0 
0 1338 369 204 7 10 3 7 3 3 202 20 3 2
0 4 1 1 0 1
cob=(4)
cfi=(175)
cfn=(720)
calls=1 0 
0 400 118 12 0 1 0 0 1 0 103 1 2
0 8 2 3 1 0 0 1
cob=(4)
cfi=(175)
cfn=(720)
calls=1 0 
0 400 118 12 0 1 0 0 1 0 103 1 2
0 8 2 3 1 1 0 1
cob=(4)
cfi=(175)
cfn=(720)
calls=1 0 
0 400 118 12 0 0 0 0 0 0 103 1 2
0 5 1 3
cob=(4)
cfi=(175)
cfn=(684)
calls=1 0 
0 25 8 3 0 0 0 0 0 0 2 0 2
0 18 4 5 2 2 1 2
cob=(4)
cfi=(175)
cfn=(720)
calls=1 0 
0 400 118 12 0 0 0 0 0 0 103 2 2
0 28 1 19 4 0 4 4 0 4
cob=(4)
cfi=(175)
cfn=(840) 0x0000000004903d70
calls=1 0 
0 1198 340 160 7 10 0 7 2 0 172 11 3 2
0 4 1 1 0 1
cob=(4)
cfi=(175)
cfn=(720)
calls=1 0 
0 400 118 12 0 0 0 0 0 0 103 1 2
0 27 1 19 3 1 2 3 0 2
cob=(4)
cfi=(175)
cfn=(846) 0x0000000004902060
calls=1 0 
0 1166 336 160 8 8 0 8 1 0 164 14 3 2
0 4 1 1 0 1
cob=(4)
cfi=(175)
cfn=(720)
calls=1 0 
0 400 118 12 0 0 0 0 0 0 103 1 2
0 8 2 3 1 2 0 1
cob=(4)
cfi=(175)
cfn=(720)
calls=1 0 
0 400 118 12 0 0 0 0 0 0 103 1 2
0 8 2 3 1 1 0 1
cob=(4)
cfi=(175)
cfn=(720)
calls=1 0 
0 400 118 12 0 0 0 0 0 0 103 1 2
0 35 0 28 4 0 6 4 0 6
cob=(4)
cfi=(175)
cfn=(852) 0x00000000049043b0
calls=1 0 
0 2068 614 300 18 19 1 18 3 1 268 9 9 4
0 4 1 1
cob=(4)
cfi=(175)
cfn=(720)
calls=1 0 
0 400 118 12 0 0 0 0 0 0 103 1 2
0 8 2 3 1 2 0 1
cob=(4)
cfi=(175)
cfn=(720)
calls=1 0 
0 400 118 12 0 0 0 0 0 0 103 1 2
0 8 2 3 1 1 0 1
cob=(4)
cfi=(175)
cfn=(720)
calls=1 0 
0 400 118 12 0 1 0 0 1 0 103 1 2
0 4 0 1
cob=(4)
cfi=(175)
cfn=(864) 0x0000000004901ca0
calls=1 0 
0 803 271 141 3 7 1 3 1 1 100 4 6 2
0 4 1 1
cob=(4)
cfi=(175)
cfn=(720)
calls=1 0 
0 400 118 12 0 0 0 0 0 0 103 1 2
0 8 2 3 1 1 0 1
cob=(4)
cfi=(175)
cfn=(720)
calls=1 0 
0 400 118 12 0 0 0 0 0 0 103 1 2
0 8 2 3 1 0 0 1
cob=(4)
cfi=(175)
cfn=(720)
calls=1 0 
0 400 118 12 0 0 0 0 0 0 103 1 2
0 8 2 3 1 0 0 1
cob=(4)
cfi=(175)
cfn=(720)
calls=1 0 
0 400 118 12 0 0 0 0 0 0 103 1 2
0 8 2 3
cob=(4)
cfi=(175)
cfn=(720)
calls=1 0 
0 400 118 12 0 0 0 0 0 0 103 1 2
0 9 3 4 1 0 1 1
cfn=(870)
calls=1 0 
0 9401 2884 1492 77 77 11 77 9 7 1276 106 56 16
0 3 2 1
cob=(4)
cfi=(175)
cfn=(726)
calls=1 0 
0 8 3 0 0 0 0 0 0 0 1 0 1
0 5 2 2 1 0 0 1
cob=(4)
cfi=(175)
cfn=(726)
calls=1 0 
0 8 3 0 0 0 0 0 0 0 1 0 1
0 4 2 2
cob=(4)
cfi=(175)
cfn=(726)
calls=1 0 
0 8 3 0 0 0 0 0 0 0 1 0 1
0 5 2 2 0 1
cob=(4)
cfi=(175)
cfn=(726)
calls=1 0 
0 8 3 0 0 0 0 0 0 0 1 0 1
0 5 2 2 1 0 0 1
cob=(4)
cfi=(175)
cfn=(726)
calls=1 0 
0 8 3 0 0 0 0 0 0 0 1 0 1
0 4 2 2
cob=(4)
cfi=(175)
cfn=(726)
calls=1 0 
0 8 3 0 0 0 0 0 0 0 1 0 1
0 5 2 2 1 0 0 1
cob=(4)
cfi=(175)
cfn=(726)
calls=1 0 
0 8 3 0 0 0 0 0 0 0 1 0 1
0 4 2 2
cob=(4)
cfi=(175)
cfn=(726)
calls=1 0 
0 8 3 0 0 0 0 0 0 0 1 0 1
0 13 9 1 1 1 0 1 0 0 1

fn=(730) std::locale::id::_M_id() const
0 948 316 96 2 8 0 2 7 0 134 18

fn=(832) std::codecvt<wchar_t, char, __mbstate_t>::codecvt(unsigned long)
0 14 1 6 2 0 1 2 0 1
cob=(4)
cfi=(175)
cfn=(684)
calls=1 0 
0 25 8 3 0 0 0 0 0 0 2 0 2
0 5 4 1 0 0 1 0 0 1

fn=(1200) 0x00000000000b76a0
0 5
cob=(4)
cfi=(175)
cfn=(1076)
calls=1 0 
0 78 17 18 0 0 1 0 0 1 10 2 1

fn=(1344) operator new[](unsigned long)
0 16 0 0 1 0 0 1
cob=(4)
cfi=(175)
cfn=(1346) 0x0000000004901cc0
calls=8 0 
0 2553 639 348 4 61 29 3 0 8 375 46 18 4

fn=(1490)
0 2 1 0 1 0 0 1

fn=(1514) std::ostream::flush()
0 51 12 15 1 7 0 1 0 0 3 2
cob=(4)
cfi=(175)
cfn=(1516) 0x0000000004905360
calls=3 0 
0 933 333 172 5 9 0 5 4 0 119 14 10 4
0 21 18 3 1 3 0 1 0 0 3 0 3 1
cfn=(1522) __gnu_cxx::stdio_sync_filebuf<char, std::char_traits<char> >::sync()
calls=3 0 
0 948 351 170 11 24 0 11 9 0 129 19 8 3
0 52 30 1 1 0 0 1 0 0 9 1
cob=(4)
cfi=(175)
cfn=(1534)
calls=1 0 
0 2373 828 400 13 45 0 9 15 0 318 17 10 7
0 7 3 1 0 0 0 0 0 0 2 1 1 1
cfn=(1522)
calls=1 0 
0 71 25 12 0 0 0 0 0 0 10 2 2
0 2 0 0 0 0 0 0 0 0 1 1

fn=(1515) std::ostream::flush()'2
0 17 4 5 0 0 0 0 0 0 1
cob=(4)
cfi=(175)
cfn=(1517) 0x0000000004905360'2
calls=1 0 
0 24 9 6 0 0 0 0 0 0 2 0 1
0 7 6 1 0 0 0 0 0 0 1 0 1
cfn=(1522)
calls=1 0 
0 71 25 12 0 0 0 0 0 0 10 5 2 1
0 17 10 0 0 0 0 0 0 0 3

fn=(1522)
0 15 5 0 1 2 0 1
cob=(4)
cfi=(175)
cfn=(1524)
calls=5 0 
0 1075 396 194 10 22 0 10 9 0 149 26 12 4

fn=(1568) 0x00000000000b7a30
0 5 1 0 0 0 0 0 0 0 1 1

fn=(648) std::ios_base::Init::Init()
0 40 7 17 5 5 3 5 1 0 2 1
cob=(4)
cfi=(175)
cfn=(650) 0x00000000049028d0
calls=1 0 
0 73987 22033 10045 336 464 111 333 97 95 11869 565 896 133
0 16 3 11 3 1 2 2
cob=(4)
cfi=(175)
cfn=(650)
calls=1 0 
0 32 12 7 0 1 0 0 0 0 3 1 1 1
0 14 2 11 2 0 2 2
cob=(4)
cfi=(175)
cfn=(650)
calls=1 0 
0 32 12 7 0 0 0 0 0 0 3 1 1
0 7 1 4 0 1
cob=(4)
cfi=(175)
cfn=(1026) 0x0000000004902300
calls=1 0 
0 777 257 160 5 8 4 5 1 4 99 14 4 2
0 11 1 6 1 1 1 1 0 1
cob=(4)
cfi=(175)
cfn=(1032) 0x00000000049046e0
calls=1 0 
0 4342 1402 686 21 45 0 20 9 0 582 35 19 10
0 4 1 1 1 0 0 1
cob=(4)
cfi=(175)
cfn=(1026)
calls=1 0 
0 94 14 31 0 0 3 0 0 3 11 4 2 1
0 15 1 8 1 0 0 1
cob=(4)
cfi=(175)
cfn=(1032)
calls=1 0 
0 185 67 41 0 0 0 0 0 0 10 7 9 5
0 4 1 1 0 1
cob=(4)
cfi=(175)
cfn=(1026)
calls=1 0 
0 94 14 31 0 0 4 0 0 4 11 3 2
0 11 1 6 1 0 1 1 0 1
cob=(4)
cfi=(175)
cfn=(1032)
calls=1 0 
0 185 67 41 0 0 0 0 0 0 10 6 9
0 4 1 2 1 0 0 1
cob=(4)
cfi=(175)
cfn=(1026)
calls=1 0 
0 94 14 31 0 0 4 0 0 4 11 3 2
0 11 2 6 1 0 0 1
cob=(4)
cfi=(175)
cfn=(1032)
calls=1 0 
0 185 67 41 0 0 0 0 0 0 10 0 9
0 23 4 12 2 2 1 2
cob=(4)
cfi=(175)
cfn=(650)
calls=1 0 
0 32 12 7 0 0 0 0 0 0 3 1 1
0 16 3 11 2 0 3 2
cob=(4)
cfi=(175)
cfn=(650)
calls=1 0 
0 32 12 7 0 0 0 0 0 0 3 1 1
0 14 2 11 2 0 1 2
cob=(4)
cfi=(175)
cfn=(650)
calls=1 0 
0 32 12 7 0 0 0 0 0 0 3 1 1
0 7 1 4 1 0 0 1
cob=(4)
cfi=(175)
cfn=(1026)
calls=1 0 
0 94 14 31 0 0 4 0 0 4 11 6 2
0 11 1 7 1 0 1 1 0 1
cob=(4)
cfi=(175)
cfn=(1062) 0x0000000004903b50
calls=1 0 
0 2165 656 300 8 17 0 8 6 0 289 19 13 4
0 4 1 1
cob=(4)
cfi=(175)
cfn=(1026)
calls=1 0 
0 94 14 31 0 0 4 0 0 4 11 1 2
0 15 1 9 2 0 0 2
cob=(4)
cfi=(175)
cfn=(1062)
calls=1 0 
0 185 67 42 0 0 0 0 0 0 10 0 9 2
0 4 1 1
cob=(4)
cfi=(175)
cfn=(1026)
calls=1 0 
0 94 14 31 0 0 4 0 0 3 11 1 2
0 11 1 7 1 0 1 1 0 1
cob=(4)
cfi=(175)
cfn=(1062)
calls=1 0 
0 185 67 42 0 0 0 0 0 0 10 0 9
0 4 1 2 1 0 0 1
cob=(4)
cfi=(175)
cfn=(1026)
calls=1 0 
0 94 14 31 0 0 4 0 0 0 11 1 2
0 11 2 7 1 0 0 1
cob=(4)
cfi=(175)
cfn=(1062)
calls=1 0 
0 185 67 42 0 0 0 0 0 0 10 0 9
0 15 9 4 1 1 0 1 0 0 1

fn=(654) std::locale::locale()
0 220 0 132 1 0 1 1 0 1
cfn=(656)
calls=22 0 
0 73452 21867 9909 331 456 109 328 95 95 11822 557 893 131
0 264 154 22 2 1 1 2 0 0 22 11

fn=(708) std::locale::facet::_S_create_c_locale(__locale_struct*&, char const*, __locale_struct*)
0 8 0 3 1 0 0 1
cob=(4)
cfi=(175)
cfn=(710) 0x0000000004903490
calls=1 0 
0 818 294 143 8 14 1 8 5 0 113 10 3 2
0 6 3 1 0 0 0 0 0 0 1

fn=(724) std::locale::_Impl::_M_install_facet(std::locale::id const*, std::locale::facet const*)
0 480 0 224 1 0 0 1 0 0 32
cob=(4)
cfi=(175)
cfn=(726)
calls=32 0 
0 1263 441 193 4 15 0 4 8 0 158 8 34 5
0 11712 3552 96 5 0 0 5 0 0 3200 53

fn=(766) std::__timepunct<char>::_M_initialize_timepunct(__locale_struct*)
0 13 2 5 2 0 0 2 0 0 2 1
cob=(4)
cfi=(175)
cfn=(684)
calls=1 0 
0 25 8 3 0 0 0 0 0 0 2 0 2
0 119 25 25 11 3 0 11

fn=(772) std::__cxx11::messages<char>::messages(unsigned long)
0 14 1 6 2 1 0 2
cob=(4)
cfi=(175)
cfn=(684)
calls=1 0 
0 25 8 3 0 0 0 0 0 0 2 0 2
0 2 0 2
cob=(4)
cfi=(175)
cfn=(672)
calls=1 0 
0 5 2 0 0 0 0 0 0 0 0 0 1
0 5 4 1

fn=(784) std::ctype<wchar_t>::_M_initialize_ctype()
0 11 1 6 1 0 0 1
cob=(4)
cfi=(175)
cfn=(786) 0x0000000004904000
calls=1 0 
0 800 291 138 5 18 0 5 6 0 108 7 3 2
0 770 0 256 1 0 2 1 0 2 128 2
cob=(4)
cfi=(175)
cfn=(792) 0x0000000004903040
calls=128 0 
0 4320 1447 781 7 18 0 4 4 0 504 11 131 4
0 262 0 2 1 0 0 1 0 0 128 2
cob=(4)
cfi=(175)
cfn=(798) 0x0000000004904b80
calls=1 0 
0 769 285 139 5 8 0 5 1 0 104 7 3 2
0 510 0 255
cob=(4)
cfi=(175)
cfn=(798)
calls=255 0 
0 11618 3959 1403 3 6 0 3 0 0 1660 7 383 2
0 1086 0 272 1 0 16 1 0 16 260 8
cob=(4)
cfi=(175)
cfn=(808) 0x0000000004902f00
calls=8 0 
0 3316 894 369 19 29 0 19 11 0 478 57 76 31
0 72 0 16 0 0 1 0 0 1 8 2
cob=(4)
cfi=(175)
cfn=(808)
calls=4 0 
0 1745 329 81 0 0 0 0 0 0 283 12 67 12
0 23 5 4 0 0 1 0 0 1 4 2
cob=(4)
cfi=(175)
cfn=(786)
calls=1 0 
0 24 10 4 0 1 0 0 0 0 1 1 1 1
0 2 0 0 1 0 0 1

fn=(856) std::__timepunct<wchar_t>::__timepunct(std::__timepunct_cache<wchar_t>*, unsigned long)
0 16 1 8 1 1 1 1 0 1
cob=(4)
cfi=(175)
cfn=(672)
calls=1 0 
0 5 2 0 0 0 0 0 0 0 0 0 1
0 4 0 2 1 0 0 1
cob=(4)
cfi=(175)
cfn=(858) 0x0000000004903300
calls=1 0 
0 1147 328 161 15 11 0 15 3 0 145 4 5 2
0 4 4

fn=(868) std::__cxx11::messages<wchar_t>::messages(unsigned long)
0 14 1 6 1 1 1 1 0 1
cob=(4)
cfi=(175)
cfn=(684)
calls=1 0 
0 25 8 3 0 0 0 0 0 0 2 0 2
0 2 0 2
cob=(4)
cfi=(175)
cfn=(672)
calls=1 0 
0 5 2 0 0 0 0 0 0 0 0 0 1
0 5 4 1

fn=(906) std::moneypunct<char, true>::_M_initialize_moneypunct(__locale_struct*, char const*)
0 115 38 31 6 0 1 6 0 0 13 7

fn=(960) std::moneypunct<wchar_t, false>::_M_initialize_moneypunct(__locale_struct*, char const*)
0 109 30 31 5 0 0 5 0 0 14 2

fn=(1042) std::ios_base::_M_init()
0 120 16 56 2 1 0 2 1
cob=(4)
cfi=(175)
cfn=(650)
calls=8 0 
0 256 96 56 0 0 0 0 0 0 24 6 8
0 24 0 8
cob=(4)
cfi=(175)
cfn=(1044) 0x00000000049039c0
calls=8 0 
0 899 317 161 4 8 0 4 1 0 107 11 10 3
0 16 0 8 1 0 0 1
cob=(4)
cfi=(175)
cfn=(1050) 0x0000000004903ea0
calls=8 0 
0 823 294 145 3 9 0 3 1 0 104 11 10 3
0 64 48 0 0 0 0 0 0 0 8

fn=(1244) 0x00000000000b7830
0 50 25 12 3 10 0 3 1 0 12

fn=(1472) 0x00000000000b7aa0
0 9 3 2 0 3 0 0 0 0 2
cob=(4)
cfi=(175)
cfn=(1478) 0x00000000049012b0
calls=1 0 
0 8841 3066 1483 60 147 3 54 44 0 1211 100 85 46
0 1 0 1
cfn=(1568)
calls=1 0 
0 5 1 0 0 0 0 0 0 0 1 1
0 3 2 1

fn=(1480)
0 5 2 0 1 1 0 1 1 0 1

fn=(1486)
0 2 1

fn=(1498)
0 4 0 1 1 0 1 1
cob=(4)
cfi=(175)
cfn=(1500)
calls=1 0 
0 769 254 129 3 11 2 1 4 0 101 7 3 2

fn=(736) std::codecvt<char, char, __mbstate_t>::codecvt(unsigned long)
0 14 1 6 1 1 1 1 0 1
cob=(4)
cfi=(175)
cfn=(684)
calls=1 0 
0 25 8 3 0 0 0 0 0 0 2 0 2 2
0 5 4 1 1 0 0 1

fn=(754) std::__cxx11::moneypunct<char, true>::_M_initialize_moneypunct(__locale_struct*, char const*)
0 115 38 31 5 0 0 5 0 0 13 8

fn=(930) std::messages<char>::messages(unsigned long)
0 14 1 6 2 0 1 2 0 1
cob=(4)
cfi=(175)
cfn=(684)
calls=1 0 
0 25 8 3 0 0 0 0 0 0 2 0 2
0 2 0 2
cob=(4)
cfi=(175)
cfn=(672)
calls=1 0 
0 5 2 0 0 0 0 0 0 0 0 0 1
0 5 4 1

fn=(1030) std::ios_base::ios_base()
0 480 8 192 3 0 30 3 0 25 64 25
cob=(4)
cfi=(175)
cfn=(650)
calls=8 0 
0 256 96 56 0 0 1 0 0 1 24 2 8

fn=(1226) 0x00000000000b77b0
0 34 17 8 2 5 0 2 1 0 8

fn=(1270) 0x00000000000b78f0
0 50 25 12 3 5 0 3 1 0 12 1

fn=(1508)
0 14 4 3 2 3 0 2 0 0 2 1
cob=(4)
cfi=(175)
cfn=(1510) 0x00000000049038a0
calls=1 0 
0 2273 822 416 21 41 0 21 16 0 301 25 11 8
0 2 1 1 0 1
cob=(4)
cfi=(175)
cfn=(1510)
calls=1 0 
0 2739 969 463 13 54 0 9 16 0 366 32 23 11
0 2 1 1 0 1
cob=(4)
cfi=(175)
cfn=(1510)
calls=1 0 
0 138 55 24 0 2 0 0 0 0 17 5 5
0 2 1 1 0 1
cob=(4)
cfi=(175)
cfn=(1552) 0x0000000004904980
calls=1 0 
0 1938 614 282 10 22 0 10 7 0 265 10 9 5
0 2 1 1 1 1 0 1
cob=(4)
cfi=(175)
cfn=(1552)
calls=1 0 
0 401 156 67 0 5 0 0 0 0 50 8 16 6
0 2 1 1 0 1
cob=(4)
cfi=(175)
cfn=(1552)
calls=1 0 
0 138 55 24 0 2 0 0 0 0 17 3 5 1
0 2 2

fn=(634) 0x00000000000b74f0
0 8 0 3 2 0 0 2
cob=(4)
cfi=(175)
cfn=(636) 0x0000000004904040
calls=1 0 
0 84196 25206 11970 414 563 165 409 114 125 13089 679 1008 161
0 7 3 0 1
cob=(4)
cfi=(175)
cfn=(1076)
calls=1 0 
0 981 320 160 11 25 1 9 6 0 138 13 4 3

fn=(760) std::__timepunct<char>::__timepunct(std::__timepunct_cache<char>*, unsigned long)
0 16 1 8 1 0 0 1
cob=(4)
cfi=(175)
cfn=(672)
calls=1 0 
0 5 2 0 0 0 0 0 0 0 0 0 1 1
0 4 0 2 1 0 0 1
cob=(4)
cfi=(175)
cfn=(762) 0x0000000004903ec0
calls=1 0 
0 1126 326 162 15 11 0 15 2 0 139 4 5 2
0 4 4

fn=(942) std::numpunct<wchar_t>::_M_initialize_numpunct(__locale_struct*)
0 353 75 75 5 0 0 5 0 0 64 19

fn=(1022) std::locale::locale(std::locale::_Impl*)
0 3 1 1 1 0 1 1

fn=(1072) std::basic_ios<wchar_t, std::char_traits<wchar_t> >::_M_cache_locale(std::locale const&)
0 36 4 16 1 0 0 1
cob=(4)
cfi=(175)
cfn=(726)
calls=4 0 
0 32 12 0 0 0 0 0 0 0 4 1 4
0 28 16 8
cob=(4)
cfi=(175)
cfn=(726)
calls=4 0 
0 32 12 0 0 0 0 0 0 0 4 1 4
0 28 16 8 1 0 0 1
cob=(4)
cfi=(175)
cfn=(726)
calls=4 0 
0 32 12 0 0 0 0 0 0 0 4 1 4
0 36 28 4

fn=(1106) 0x00000000000b71c0
0 4 0 2 1 0 0 1
cob=(4)
cfi=(175)
cfn=(1108) 0x0000000004902560
calls=1 0 
0 750 251 129 3 6 0 2 0 0 98 6 3 2
0 4 3 1

fn=(1112) std::future_category()
0 3 1 0 1 0 0 1

fn=(1204) 0x00000000000b76e0
0 10 0 3 1 0 0 1
cob=(4)
cfi=(175)
cfn=(1076)
calls=1 0 
0 78 17 18 0 0 1 0 0 1 10 2 1
0 7 2
cob=(4)
cfi=(175)
cfn=(1076)
calls=1 0 
0 78 17 18 0 0 0 0 0 0 10 1 1

fn=(1208) 0x00000000000b7730
0 34 17 8 2 5 0 2 1 0 8 1

fn=(1296) 0x00000000000b79b0
0 10 0 3 1 0 0 1
cob=(4)
cfi=(175)
cfn=(1076)
calls=1 0 
0 78 17 18 0 0 1 0 0 1 10 0 1
0 4 0 1
cob=(4)
cfi=(175)
cfn=(1076)
calls=1 0 
0 78 17 18 0 0 0 0 0 0 10 0 1
0 7 2 0 1 0 0 1
cob=(4)
cfi=(175)
cfn=(1076)
calls=1 0 
0 78 17 18 0 0 1 0 0 1 10 0 1

fn=(1350) operator new(unsigned long)
0 110 0 30 2 0 5 2
cob=(4)
cfi=(175)
cfn=(1136)
calls=10 0 
0 2122 440 224 2 76 25 2 0 9 346 62 10 1
0 50 30 0 0 0 0 0 0 0 10

fn=(1384) operator delete(void*, unsigned long)
0 4 0 0 1 0 0 1
cob=(4)
cfi=(175)
cfn=(1386)
calls=2 0 
0 1616 575 298 13 83 24 12 12 0 214 23 9 5

fn=(1390) operator delete(void*)
0 20
cob=(4)
cfi=(175)
cfn=(1392) 0x0000000004902c60
calls=10 0 
0 2639 834 431 25 56 2 25 6 0 412 58 13 4

fn=(1496)
0 2 1 0 1 0 0 1

fn=(1538) std::uncaught_exception()
0 8 0 4 1 0 0 1
cob=(4)
cfi=(175)
cfn=(1540) 0x0000000004903e80
calls=2 0 
0 1659 585 271 10 36 0 6 13 0 225 11 9 7
0 10 6 0 0 1

fn=(688) std::locale::facet::_S_get_c_locale()
0 112 0 42 1 0 0 1
cob=(4)
cfi=(175)
cfn=(690) 0x0000000004902790
calls=14 0 
0 3002 970 444 22 45 3 22 16 0 409 40 25 9
0 98 56 0 0 0 0 0 0 0 14

fn=(742) std::__cxx11::numpunct<char>::_M_initialize_numpunct(__locale_struct*)
0 417 138 76 5 5 0 5 3 0 64 18

fn=(778) std::ctype<wchar_t>::ctype(unsigned long)
0 14 1 6 1 0 1 1 0 1
cob=(4)
cfi=(175)
cfn=(684)
calls=1 0 
0 25 8 3 0 0 0 0 0 0 2 0 2
0 7 3 2 1 0 0 1
cob=(4)
cfi=(175)
cfn=(780) 0x0000000004902a90
calls=1 0 
0 26129 7484 3855 46 88 20 43 24 20 3773 123 667 56

fn=(862) std::__timepunct<wchar_t>::_M_initialize_timepunct(__locale_struct*)
0 12 2 4 2 0 0 2 0 0 2 1
cob=(4)
cfi=(175)
cfn=(684)
calls=1 0 
0 25 8 3 0 0 0 0 0 0 2 0 2
0 117 24 25 11 2 0 11

fn=(876) std::numpunct<char>::_M_initialize_numpunct(__locale_struct*)
0 417 138 76 5 0 0 5 0 0 64 15

fn=(894) std::moneypunct<char, false>::_M_initialize_moneypunct(__locale_struct*, char const*)
0 114 38 31 4 0 1 4 0 0 13 7

fn=(972) std::moneypunct<wchar_t, true>::_M_initialize_moneypunct(__locale_struct*, char const*)
0 109 30 31 6 0 0 6 0 0 14 8

fn=(996) std::messages<wchar_t>::messages(unsigned long)
0 14 1 6 1 0 0 1
cob=(4)
cfi=(175)
cfn=(684)
calls=1 0 
0 25 8 3 0 0 0 0 0 0 2 0 2
0 2 0 2 1 0 0 1
cob=(4)
cfi=(175)
cfn=(672)
calls=1 0 
0 5 2 0 0 0 0 0 0 0 0 0 1
0 5 4 1

fn=(1048) std::locale::operator=(std::locale const&)
0 184 64 32 2 0 0 2 0 0 16 8

fn=(1060) std::basic_ios<char, std::char_traits<char> >::_M_cache_locale(std::locale const&)
0 36 4 16 1 0 0 1
cob=(4)
cfi=(175)
cfn=(726)
calls=4 0 
0 32 12 0 0 0 0 0 0 0 4 3 4
0 28 16 8 1 0 0 1
cob=(4)
cfi=(175)
cfn=(726)
calls=4 0 
0 32 12 0 0 0 0 0 0 0 4 2 4
0 28 16 8 1 1 0 1
cob=(4)
cfi=(175)
cfn=(726)
calls=4 0 
0 32 12 0 0 0 0 0 0 0 4 3 4
0 36 28 4

fn=(1066) std::basic_ios<wchar_t, std::char_traits<wchar_t> >::init(std::basic_streambuf<wchar_t, std::char_traits<wchar_t> >*)
0 32 0 16 1 0 0 1
cob=(4)
cfi=(175)
cfn=(1038)
calls=4 0 
0 404 144 88 0 0 0 0 0 0 28 5 16
0 12 0 4
cob=(4)
cfi=(175)
cfn=(1068) 0x0000000004905270
calls=4 0 
0 1222 398 165 4 8 0 4 2 0 152 8 18 3
0 52 16 24 1 0 0 1

fn=(1090) 0x00000000000b7120
0 10 0 5 2 0 1 2
cob=(4)
cfi=(175)
cfn=(1092) 0x00000000049030c0
calls=1 0 
0 756 253 130 2 10 0 1 2 0 97 6 3 2
0 7 0 2
cob=(4)
cfi=(175)
cfn=(1076)
calls=1 0 
0 78 17 18 0 0 1 0 0 1 10 3 1 1
0 3 0 2 1 0 0 1
cob=(4)
cfi=(175)
cfn=(1092)
calls=1 0 
0 7 3 1 0 0 0 0 0 0 0 0 1 1
0 9 3 1
cob=(4)
cfi=(175)
cfn=(1076)
calls=1 0 
0 78 17 18 0 0 0 0 0 0 10 2 1

fn=(1492)
0 2 1 0 1 0 0 1

fn=(1520) std::ostream::sentry::sentry(std::ostream&)
0 48 10 16 2 1 0 2 0 0 4 3
cob=(4)
cfi=(175)
cfn=(1511) 0x00000000049038a0'2
calls=1 0 
0 138 55 24 0 0 0 0 0 0 17 5 5 1
0 27 17 3 1 0 0 1 0 0 3 1

fn=(1521) std::ostream::sentry::sentry(std::ostream&)'2
0 22 8 6 0 0 0 0 0 0 2

fn=(1562) std::basic_ostream<wchar_t, std::char_traits<wchar_t> >::sentry::sentry(std::basic_ostream<wchar_t, std::char_traits<wchar_t> >&)
0 48 10 16 1 1 0 1 0 0 4 3
cob=(4)
cfi=(175)
cfn=(1553) 0x0000000004904980'2
calls=1 0 
0 138 55 24 0 0 0 0 0 0 17 2 5
0 27 17 3 1 0 0 1 0 0 3

fn=(1563) std::basic_ostream<wchar_t, std::char_traits<wchar_t> >::sentry::sentry(std::basic_ostream<wchar_t, std::char_traits<wchar_t> >&)'2
0 22 8 6 0 0 0 0 0 0 2 1

fn=(682) std::ctype<char>::ctype(unsigned short const*, bool, unsigned long)
0 18 1 7 2 1 1 2 0 1
cob=(4)
cfi=(175)
cfn=(684)
calls=1 0 
0 3746 1202 576 25 53 4 25 18 0 512 47 15 10
0 103 8 73 3 1 8 3 0 8 65 20

fn=(844) std::__cxx11::moneypunct<wchar_t, false>::_M_initialize_moneypunct(__locale_struct*, char const*)
0 109 30 31 5 0 0 5 0 0 14 6

fn=(1054) std::locale::~locale()
0 96 40 16 2 0 0 2 0 0 8 4

fn=(1104) 0x00000000000b71b0
0 3 1 1 0 0 1

fn=(1172) 0x00000000000b7400
0 78 7 36 4 1 4 3 0 0 26 17

fn=(1302) 0x00000000000b7a10
0 5
cob=(4)
cfi=(175)
cfn=(1076)
calls=1 0 
0 78 17 18 0 0 0 0 0 0 10 0 1

fn=(1488)
0 2 1

ob=(1)
fl=(11) ./elf/./elf/dl-tunables.c
fn=(58) __GI___tunable_set_val
153 15 0 0 1 0 0 1
-81 40 5 0 1 0 0 1 0 0 5
+81 15 0 10
-81 10 0 0 0 0 0 0 0 0 5
+10 5 5
fi=(249) ./elf/./dl-tunable-types.h
+2 5
fe=(11)
+9 40 10 0 1 0 0 1 0 0 5
+1 25 10 0 0 0 0 0 0 0 5
fi=(12) ./elf/./elf/dl-tunables.h
+47 10 0 0 0 0 0 0 0 0 5 3
fe=(11)
-26 25 0 5 1 0 0 1
+1 5 0 5
+1 5 0 5
+1 5 0 5
+39 15 15
fi=(12)
-15 10 0 0 1 0 0 1
fe=(11)
-45 10 0 0 0 0 0 0 0 0 5 2
+3 5
fi=(12)
+51 5
fe=(11)
-51 5
+4 10 0 0 0 0 0 0 0 0 5 2
+7 10 0 0 0 0 0 0 0 0 5
+1 10 0 0 0 0 0 0 0 0 5 2
-12 25

fn=(22) __GI___tunables_init
261 8 0 5 2 0 0 2
+22 1
-22 1 0 1
128 1
283 1
-22 1
+6 4 1 0 0 0 0 0 0 0 1
42 460 92 0 1 0 0 1 0 0 184 1
+6 91 91 0 0 26 0 0 26
-3 91
+3 9282 1248 0 0 23 0 0 23 0 2678 107
+4 182 0 0 0 0 0 0 0 0 91
+4 182 0 0 1 0 0 1
fi=(12)
160 91
fe=(11)
56 182
fi=(12)
161 38 0 0 0 0 0 0 0 0 19
-1 205 129 0 0 1 0 0 1 0 19
+1 311 0 0 0 0 0 0 0 0 110 19
-1 182
fe=(11)
281 14924 0 0 0 0 0 0 0 0 3731 91
+6 27027 7462 0 1 41 0 1 41 0 7462 1005
fi=(12)
160 910 910
+1 1820 0 0 0 0 0 0 0 0 910 38
-1 43 43
+1 172 0 0 0 0 0 0 0 0 86 9
-1 215 43 0 1 0 0 1 0 0 43 6
fe=(11)
304 8 7 0 1 0 0 1

fn=(28) __tunable_get_val
387 39 0 0 1 0 0 1
+3 78
-3 39
+3 312 39 0 0 35 0 0 31 0 39 3
+9 36 36 0 0 15
-9 72 0 0 2 0 0 1 0 0 36 14
+19 25 0 25
+7 234 39 0 0 4 0 0 0 0 39 31
+2 39 39
-19 14 0 14
+1 14
+9 6 0 0 1 0 0 1

fl=(76) ./elf/../sysdeps/x86_64/dl-cet.c
fn=(580) _dl_cet_setup_features
331 1 0 0 1 0 0 1
+3 2 0 0 0 0 0 0 0 0 1
+16 1 1

fn=(260) _dl_cet_check
361 8 0 4 1 0 0 1
-76 1 1
-10 2 0 0 0 0 0 0 0 0 1
+2 2 1
-1 1 0 1
+6 1 1
+3 1 0 1
+8 1 0 0 1 0 0 1
-11 1
+1 1
-1 1
+1 1
-1 1 0 1
+1 1 0 1
+10 4 1 0 0 0 0 0 0 0 2
+3 1 0 1
+4 2 0 0 0 0 0 0 0 0 1
+2 2
-1 1 0 1
+2 2 0 0 1 0 0 1 0 0 1
+2 2
-1 2 0 1
+4 1 0 1
+2 1 0 1
+3 2 0 0 0 0 0 0 0 0 1
145 2 1 0 0 1 0 0 0 0 1
+12 2 1 0 0 0 0 0 0 0 1 1
+16 1 0 0 1 0 0 1
+6 1 0 1
363 6 5

fl=(64) ./elf/./elf/dl-deps.c
fn=(206) openaux
61 72 0 24
+7 12 12 0 1 0 0 1
-4 36 36
+1 12 12
-1 84 12 12 0 0 1 0 0 1
cfi=(30) ./elf/./elf/dl-load.c
cfn=(166) _dl_map_object
calls=12 1967 
* 28430 5869 2987 104 185 193 103 182 193 4913 764 63 20
* 12 0 12
+5 36 36

fn=(202) _dl_map_object_deps
143 4 0 1 1 0 0 1
+1 2
-1 1
+1 1
-1 2 0 2
+1 1
-1 1 0 1
+1 1
-1 4 0 3 0 0 1 0 0 1
+1 3 0 0 1 0 0 1
-1 1 0 1
+1 7 0 0 0 0 0 0 0 0 2 2
-8 1 1 0 1 0 0 1
+8 2
-8 1
-6 1
-2 1 0 1 0 0 1 0 0 1
+16 1
-8 1
-7 1 0 1
+1 1 0 1
+6 1 0 1
+24 4 0 0 1 0 0 1 0 0 1
-28 3 0 1
-2 1
+31 1 1
-33 2 0 1
+2 2
+30 2
-30 1
-1 4 0 1 1 0 0 1
+7 4 1 1
+24 3 0 0 0 0 0 0 0 0 1
+28 3 1 1
-6 1 1
+46 1
fi=(72) ./elf/../include/scratch_buffer.h
77 1
fe=(64)
+87 1 0 1 1 0 0 1
fi=(72)
-87 1 0 1 0 0 1 0 0 1
+1 1 0 1
fe=(64)
184 1 0 1
+44 4 0 4
-31 1 1 0 1 0 0 1
-4 1 0 1
+4 8 6 0 0 2 0 0 0 0 1 1
-4 6 0 6
+4 12 0 0 0 0 0 0 0 0 6 5
+11 18 9 0 0 2 0 0 1 0 9 3
-18 2
+18 4 2 0 0 0 0 0 0 0 2 1
417 14 0 0 1 0 0 1 0 0 7 2
+2 5
+3 5
-3 15 0 10
+3 5
-3 5 0 5
fi=(28) ./elf/../include/rtld-malloc.h
56 5 5 5 0 0 0 0 0 0 0 0 5 2
cfi=(27) ./elf/./elf/dl-minimal-malloc.c
cfn=(78) __minimal_malloc
calls=5 -20 
* 150 35 35 0 0 0 0 0 0 15
fe=(64)
423 15 10 0 1 0 0 1
fi=(28)
56 5
fe=(64)
423 5 0 0 0 0 0 0 0 0 5
+6 5 0 5 0 0 1 0 0 1
+1 25 0 10
cfi=(29) ./string/../sysdeps/x86_64/multiarch/memmove-vec-unaligned-erms.S
cfn=(82) memcpy
calls=5 210 
* 63 17 12 0 0 1 0 0 1 12 2
+1 25 0 5
cfi=(29)
cfn=(82)
calls=5 210 
* 63 17 12 0 0 2 0 0 2 12 6
+3 5 0 5
+1 10 5 5
+4 21 7 0 1 0 0 1 0 0 7 6
188 12 6
442 18 6 0 0 0 0 0 0 0 6 5
-1 7 7
+1 14 0 0 0 0 0 0 0 0 7 6
183 6 4
+27 20 15 0 1 0 0 1 0 0 5 3
+7 5 5
+4 5 5
-6 5 0 5 1 0 0 1
+1 5 0 5 0 0 1 0 0 1
+1 5 0 5
+1 10 5 5
+3 15 5 0 0 0 0 0 0 0 5
-2 5 0 5
-29 25 0 15 1 0 0 1
+32 298 0 0 0 0 0 0 0 0 149 11
+6 48 24 12
cfi=(30)
cfn=(204) _dl_dst_count
calls=12 +10 
* 660 132 84 2 7 2 2 7 2 40 8
* 36 0 0 0 0 0 0 0 0 12 11
+4 24 0 0 1 0 0 1
-2 12 0 12
+2 24 0 12
cfi=(50) ./elf/./elf/dl-catch.c
cfn=(160) _dl_catch_exception
calls=12 -28 
* 29486 6157 3311 105 185 197 104 182 197 4961 770 75 21
+1 24 12 0 0 0 0 0 0 0 12
+9 12 12
+2 24 12 0 1 0 0 1 0 0 12 5
+5 25 0 5 0 0 0 0 0 0 5 5
+6 5 5
+2 5 0 5
-8 10 0 0 1 0 0 1
+3 5 0 5
+1 5 0 5
+1 5 0 5
+1 5 0 5
+4 5 5
-3 5 0 5
+3 15 0 5
+4 36 12 0 0 0 0 0 0 0 12 3
+1 27 0 9 0 0 1 0 0 1
-43 611 159 0 0 7 0 0 0 0 149 19
+7 24 0 0 1 0 0 1
+38 411 0 0 1 0 0 1 0 0 137 7
fi=(72)
85 3 1 0 1 0 0 1 0 0 1 1
fe=(64)
448 5 1 0 1 0 0 1 0 0 2
+1 1 0 1
+3 4 1 1 0 0 0 0 0 0 1 1
+11 5 1 2 1 0 0 1
fi=(28)
56 1 1 1 0 0 0 0 0 0 0 0 1 1
cfi=(27)
cfn=(78)
calls=1 -20 
* 30 7 7 0 0 0 0 0 0 3
fe=(64)
465 3 2
fi=(28)
56 1
fe=(64)
465 1 0 0 0 0 0 0 0 0 1
+5 2 1 0 1 0 0 1
+1 1 0 1
-1 3 1 1
+4 3 0 0 0 0 0 0 0 0 1
-2 2
+13 6 0 6
+5 6 0 6
-16 18 6 0 0 0 0 0 0 0 6 1
+11 6
-7 6 6
+7 6
-2 12 0 0 0 0 0 0 0 0 6 6
-5 1 1 0 1 0 0 1
+7 1
-2 2 0 0 0 0 0 0 0 0 1
+2 1
-11 1
+11 1 0 1 0 0 1 0 0 1
+5 1 0 1
-16 3 1 0 0 0 0 0 0 0 1 1
+21 3 1 0 0 0 0 0 0 0 1 1
+37 2 0 0 1 0 0 1 0 0 1
+15 2 0 0 1 0 0 1
-14 2 0 0 0 0 0 0 0 0 1 1
+20 1 1 0 1 0 0 1
-1 4 0 1
+1 4 1 1
-1 5 1 1 1 0 0 1
cfi=(13) ./elf/./elf/dl-sort-maps.c
cfn=(232) _dl_sort_maps
calls=1 298 
* 489 134 86 14 1 0 14 0 0 85 36
+5 1 0 1
+2 1 1
+1 1 0 1
+1 2 1
-2 1 0 1
+2 1 0 0 0 0 0 0 0 0 1 1
+7 3 1 0 1 0 0 1 0 0 1 1
+3 2 0 0 0 0 0 0 0 0 1
+3 8 7 0 0 1
198 46 20 0 1 0 0 1 0 0 20 2
+3 5
fi=(72)
-70 20 0 10 1 0 0 1
cfi=(71) ./malloc/./malloc/scratch_buffer_set_array_size.c
cfn=(228) __libc_scratch_buffer_set_array_size
calls=5 30 
* 125 30 20 2 0 0 2 0 0 10 4
fe=(64)
+70 15 5 0 0 0 0 0 0 0 5
+4 10 5
547 4 0 3
cfi=(29)
cfn=(82)
calls=1 210 
* 19 5 4 0 0 1 0 0 1 4 2
* 3 2
-53 2 0 0 1 0 0 1
144 2 0 1 1 0 1 1 0 1

fl=(30)
fn=(132) fillin_rpath.isra.0
468 9 0 6 2 0 0 2
+4 1
-4 8 0 6
+6 3 2 1
cfi=(7) ./elf/./elf/dl-minimal.c
cfn=(134) strsep
calls=1 239 
* 20 5 2 2 1 0 2 1 0 4
* 12 8 4
cfi=(7)
cfn=(134)
calls=4 239 
* 992 307 5 0 0 0 0 0 0 303 22
* 15 0 0 1 0 0 1 0 0 5 2
+7 8 4 0 0 0 0 0 0 0 4 1
+2 9 3 3
cfn=(140) expand_dynamic_string_token
calls=3 -98 
* 459 87 63 6 0 2 6 0 2 37 10 3 1
* 3
+4 6 0 0 0 0 0 0 0 0 3
+5 6 0 3
cfi=(22) ./string/../sysdeps/x86_64/multiarch/../multiarch/strlen-sse2.S
cfn=(62) strlen
calls=3 57 
* 87 12 0 0 2 0 0 2 0 8 3
* 3
+1 6 0 0 0 0 0 0 0 0 3 3
+7 15 3 0 1 0 0 1 0 0 6 6
+9 75 25 0 0 0 0 0 0 0 25 8
+1 48 23 1 1 0 0 1 0 0 22 16
cfi=(42) ./string/../sysdeps/x86_64/multiarch/../multiarch/memcmp-sse2.S
cfn=(122) bcmp
calls=1 59 
* 15 5 0 2 0 0 2 0 0 2 2
* 2 0 0 0 0 0 0 0 0 1 1
fi=(28)
50 8 8 4 0 0 0 0 0 0 0 0 4 1
cfi=(27)
cfn=(138) __minimal_free
calls=4 +47 
* 20 8 0 1 0 0 1 0 0 4
+1 4
fe=(30)
509 1 1 0 1 0 0 1
-32 1 0 1
+1 1
+31 2 0 0 0 0 0 0 0 0 1 1
+19 16 4 4 1 0 0 1 0 0 4 2
+4 16 8
fi=(28)
56 4 4 4 0 0 0 0 0 0 0 0 4 1
cfi=(27)
cfn=(78)
calls=4 -20 
* 120 28 28 0 0 0 0 0 0 12
* 4
fe=(30)
534 8 0 0 1 0 0 1 0 0 4
+5 4 4
+1 8
-1 4
-1 4 0 4 0 0 1 0 0 1
+2 4 0 4
cfi=(29)
cfn=(126) mempcpy
calls=4 197 
* 52 10 6 0 0 2 0 0 2 10 4
+3 4 4
-3 4 0 4 0 0 1 0 0 1
+1 4 0 4
+2 4 0 0 0 0 0 0 0 0 4 4
+6 4
+1 4 4 0 1 0 0 1
-1 12 4
+1 20 0 0 0 0 0 0 0 0 8 4
+1 4 0 0 1 0 0 1
-1 4
+1 4 0 4
-1 12 0 0 0 0 0 0 0 0 4
+1 4 0 4
-1 8 0 0 0 0 0 0 0 0 4
+1 4 0 4
+2 8 4 4
+1 12 4 0 1 0 0 1 0 0 4 4
+1 4 0 4
+6 8 4 4
+1 4 0 4
+3 12 0 4
-60 6 0 3
-22 6 0 3
+88 1 0 1
+3 8 7
-24 8 0 0 1 0 0 1

fn=(170) open_verify.constprop.0
1572 350 0 210 1 0 1 1 0 1
+32 35 35
-32 70 0 70
+32 70 0 0 0 0 0 0 0 0 35
+19 140 0 35 0 0 2 0 0 2
cfi=(53) ./io/../sysdeps/unix/sysv/linux/open64_nocancel.c
cfn=(172) __open_nocancel
calls=35 28 
* 790 70 100 2 0 1 2 0 1 105 4
* 35
+2 70 0 0 1 0 0 1 0 0 35 2
+8 5 0 5
+1 10
+5 5
-5 5 0 5 0 0 1 0 0 1
+5 25 0 5
cfi=(54) ./io/../sysdeps/unix/sysv/linux/read_nocancel.c
cfn=(174) __read_nocancel
calls=5 25 
* 30 5 0 1 0 0 1 0 0 5
+2 10 0 0 1 0 0 1 0 0 5
+2 10 5 5
+2 10 0 0 0 0 0 0 0 0 5
+6 10 0 0 0 0 0 0 0 0 5
+17 65 20 0 2 1 0 2 1 0 20 7
+81 10 5 0 0 0 0 0 0 0 5 2
+5 10 5 0 1 0 0 1 0 0 5
+6 20 5 0 0 0 0 0 0 0 5 2
+6 10 5 0 0 0 0 0 0 0 5
+6 5 5 0 0 1 0 0 1
+1 5 5
-1 15
+1 15 0 0 1 0 0 1 0 0 5 1
+26 315 245
-22 13 0 0 1 0 0 1 0 0 2 2
+1 2
-1 1 0 0 1 0 0 1
+1 1 0 1
cfi=(70) ./io/../sysdeps/unix/sysv/linux/pread64_nocancel.c
cfn=(226) __pread64_nocancel
calls=1 25 
* 7 1 0 0 0 0 0 0 0 1
* 2 0 0 0 0 0 0 0 0 1 1
1668 9 3 0 2 0 0 2 0 0 3 2
-59 60 0 0 1 0 0 1
1777 2 0 1 1 0 0 1

fn=(106) _dl_init_paths
706 11 0 7 2 0 0 2
+14 1
-14 2 0 1
+14 2 0 1
cfi=(37) ./elf/./elf/dl-hwcaps.c
cfn=(108) _dl_important_hwcaps
calls=1 172 
* 1244 255 222 34 1 7 34 1 7 136 46 2 2
fi=(28)
56 1
fe=(30)
720 1 0 1 0 0 1 0 0 1
fi=(28)
56 1 1 1 0 0 0 0 0 0 0 0 1 1
cfi=(27)
cfn=(78)
calls=1 -20 
* 30 7 7 0 0 0 0 0 0 3
fe=(30)
725 1 0 1
+2 3 0 0 1 0 0 1 0 0 1
+8 2 1
-1 3
+5 3
fi=(28)
56 1 1 1 0 0 0 0 0 0 0 0 1 1
cfi=(27)
cfn=(78)
calls=1 -20 
* 30 7 7 0 0 0 0 0 0 3
fe=(30)
739 1 0 1 0 0 1 0 0 1
+2 4 2 0 1 0 0 1 0 0 1
+7 1 0 1
+8 1
+2 1
+12 2
-23 1 0 1
+9 1 0 1 1 0 0 1
+11 1 1
-4 1
-5 1 0 1
+3 2 0 1 0 0 1 0 0 1
+7 2 0 1
+2 2
-11 1 0 1
+11 3 0 1 1 0 0 1
-8 1 0 1
+4 1
+1 3 0 1 0 0 0 0 0 0 1
+1 16 4 4
cfi=(43) ./string/../sysdeps/x86_64/multiarch/../multiarch/memset-vec-unaligned-erms.S
cfn=(130) memset
calls=4 132 
* 56 4 8 3 0 1 3 0 1 8 7
+2 15 3 0 0 0 0 0 0 0 4 1
-14 3
+10 3
+4 9 3 3 1 0 0 1
-12 3
-2 3 0 3
+2 3 0 3 0 0 2 0 0 2
+4 3 3 0 0 1 0 0 1
-3 3 0 3
+3 3 0 3 0 0 1 0 0 1
+1 3
-2 3 0 3
+5 9 3 0 0 1 0 0 1 0 3
+1 6 0 0 1 0 0 1 0 0 3 3
+3 1 0 1
+15 1
-8 1 0 1
+5 1 1
-6 1 0 1
+9 2
+2 4 1 0 1 0 0 1 0 0 1
+2 3 1 0 0 0 0 0 0 0 1 1
+36 5 2 0 1 0 0 1 0 0 2 1
+2 2 0 1 1 0 0 1
cfi=(22)
cfn=(62)
calls=1 57 
* 61 13 0 5 0 0 5 0 0 4 3
* 9 0 0 0 0 0 0 0 0 1 1
-19 1 1 0 1 0 0 1
-2 1 0 1
+2 2 0 0 0 0 0 0 0 0 1 1
+19 9 1 1 2 0 0 2 0 0 1 1
cfi=(29)
cfn=(82)
calls=1 210 
* 19 5 4 1 0 0 1 0 0 4 2
* 1
+5 4 1 0 0 0 0 0 0 0 1
-1 2
+2 1
+1 2
-2 4 1 0 1 0 0 1 0 0 1 1
+1 60
+1 120
-2 240 60 0 0 0 0 0 0 0 60 9
+5 1
fi=(28)
56 1 1 1 0 0 0 0 0 0 0 0 1 1
cfi=(27)
cfn=(78)
calls=1 -20 
* 30 7 7 0 0 0 0 0 0 3
fe=(30)
836 1 0 1
fi=(28)
56 1
fe=(30)
838 2 0 0 0 0 0 0 0 0 1
+6 6 1 1
cfn=(132)
calls=1 468 
* 2256 590 196 23 3 6 23 3 6 482 93 11 3
+3 3 2 0 0 0 0 0 0 0 1
+6 1 0 1
+4 8 7
-35 2 0 1 1 0 0 1
+5 2 0 1 1 0 0 1

fn=(88) _dl_process_pt_gnu_property
868 6 0 0 1 0 0 1
+8 6 6
-8 12
+8 6 0 0 0 0 0 0 0 0 6
-6 6 6
+12 12 0 0 0 0 0 0 0 0 6
-13 6 6
+13 6
-13 6 6
+13 12
+3 18 6 0 1 5 0 1 5 0 6
+1 12 6 0 0 1 0 0 1 0 6
+1 12 6 0 0 0 0 0 0 0 6
+3 18 6 0 0 0 0 0 0 0 6
+1 18 0 0 1 0 0 1 0 0 6
+4 6
+1 12
+22 6
+2 6
-2 12
+2 18 0 0 0 0 0 0 0 0 6 4
-20 18 9 0 1 0 0 1
+1 9 9
+3 18 0 0 0 0 0 0 0 0 9
+3 9
+1 36 0 0 0 0 0 0 0 0 9
fi=(31) ./elf/../sysdeps/x86/dl-prop.h
95 36 0 0 2 0 0 1 0 0 9
+7 18 0 0 0 0 0 0 0 0 9
+16 9 9 0 0 2 0 0 2
-3 18 0 0 0 0 0 0 0 0 9 4
254 12 0 0 0 0 0 0 0 0 6
+1 6 0 6
+2 24 6 6
+3 6
-8 6 0 0 1 0 0 1 0 0 3
+5 3 3
-4 3 0 3
+4 9 0 3
+3 3 3
-2 3 3
fe=(30)

fn=(140)
385 36 0 24 1 0 0 1
241 8
385 4
241 4 0 4 0 0 1 0 0 1
cfi=(41) ./string/../sysdeps/x86_64/multiarch/../multiarch/strchr-sse2.S
cfn=(118) index
calls=4 32 
* 168 21 0 2 0 0 2 0 0 11 6
+3 8 0 0 0 0 0 0 0 0 4 1
410 4
-11 4
+11 24 24 0 1 0 0 1
-11 4
cfi=(44) ./string/./string/strdup.c
cfn=(142) strdup
calls=4 40 
* 370 75 58 2 0 2 2 0 2 37 8 4 1

fn=(176) _dl_map_object_from_fd
944 50 0 30 1 0 0 1
+15 5 5
-15 10 0 10 1 0 1 1 0 1
+15 5
-15 10 0 10 0 0 1 0 0 1
+15 10 0 5 0 0 0 0 0 0 5 4
+77 20 5 5 1 0 0 1 0 0 5
+10 10 5 0 0 0 0 0 0 0 5
+7 35 25 5
cfi=(26) ./elf/./elf/dl-object.c
cfn=(72) _dl_new_object
calls=5 59 
* 1914 396 291 11 5 40 10 5 40 255 71 15 1
* 5 0 0 1 0 0 1
+1 10 0 0 0 0 0 0 0 0 5
+11 5 5
+5 5 5
-4 5 5
-1 5 0 5 0 0 4 0 0 4
+2 5 5
+2 5
-2 5 0 5
+2 10
+1 15 5 0 1 0 0 1 0 0 5 1
+1 8 0 4
+19 8 4
-2 4 0 4
+2 42 1 0 1 0 0 1 0 0 4 2
-2 1 0 1
+2 55 0 10 1 0 0 1 0 0 6 1
+10 5 5
-10 5
+10 15 0 0 0 0 0 0 0 0 5
+27 5 5
-33 5
-3 5
+2 5 0 5
-1 5 0 5
+35 5
+9 5 0 0 1 0 0 1
-50 5 0 5
+41 5 0 5
+9 5
-36 5 5
+63 25 0 20
-62 200 0 0 1 0 0 1 0 0 100 19
+26 140 60 0 0 4 0 0 4 0 20
+8 40 20 0 1 0 0 1
+1 20
-1 20
+1 80
+1 20 20 0 0 2 0 0 2
-1 20 0 20 0 0 3 0 0 3
+1 20
+2 20 20
-2 20
+2 20 0 20
+2 20 20
-4 20
+1 20 0 20
+3 20
-4 20 0 20 1 0 0 1
+4 100
+2 40 0 20 0 0 4 0 0 4
+13 40 0 0 0 0 0 0 0 0 20 5
+1 75 30 15
+5 15
+1 135 30 15 0 0 2 0 0 2
-28 30
-35 45 0 0 0 0 0 0 0 0 15
+62 5
+1 45 10 5
-28 10
-35 120 0 0 0 0 0 0 0 0 40
+1 307 60 0 2 11 0 2 11 0 152 38
1213 5 5 0 0 2 0 0 2
1100 5
1213 10 5 5 0 0 1 0 0 1
1100 15 0 0 0 0 0 0 0 0 5 3
1218 35 25 0 1 0 0 1 0 0 5
+10 15
+1 5
-1 5
+1 5 0 5
-1 15 0 0 1 0 0 1 0 0 5 2
+1 15
-1 15
+1 15 0 15
-1 45 0 0 0 0 0 0 0 0 15 7
1066 10 0 5
1235 10 0 0 0 0 0 0 0 0 5
+10 20 10 0 0 0 0 0 0 0 10
+7 20 10 0 1 0 0 1
fi=(59) ./elf/./dl-map-segments.h
28 5 5
fe=(30)
1252 15 5 5
fi=(59)
28 10 0 0 0 0 0 0 0 0 5
+1 40 15 10 1 0 1 1 0 1
cfi=(57) ./misc/../sysdeps/unix/sysv/linux/mmap64.c
cfn=(182) mmap
calls=5 +18 
* 140 25 15 0 0 1 0 0 1 25 4
+73 10 5
-1 5 0 5
-72 5
+73 5 0 0 0 0 0 0 0 0 5
+3 10 5
+1 5
+2 5 5 0 1 0 0 1
-3 5 0 5
+1 5 0 5
+2 5 0 0 0 0 0 0 0 0 5 2
+17 5 0 5 1 0 0 1
-44 5 5
fi=(60) ./elf/./dl-load.h
+10 40 20 0 0 0 0 0 0 0 20 3
fi=(59)
+58 80 40 0 0 0 0 0 0 0 20 11
+6 5 5 0 1 0 0 1
+2 5 5
-2 5
+1 5
+2 10
-1 10
+3 10
+5 10 0 0 0 0 0 0 0 0 5
+3 15 5 0 0 0 0 0 0 0 5
+8 30 0 10
cfi=(43)
cfn=(130)
calls=5 -44 
* 763 5 400 1 0 101 1 0 101 109 24
* 5 5
+6 10 0 0 0 0 0 0 0 0 5 2
+12 20 0 0 1 0 0 1
-59 120 20 0 1 0 0 1 0 0 20 5
+2 60 30 0 0 0 0 0 0 0 15
+2 120 60 15
cfi=(57)
cfn=(182)
calls=15 -92 
* 315 60 45 0 0 0 0 0 0 45
* 30 0 0 0 0 0 0 0 0 15 2
fe=(30)
1264 5 0 0 1 0 0 1
fi=(56) ./elf/../sysdeps/posix/dl-fileid.h
37 10 0 5 0 0 1 0 0 1
cfi=(55) ./io/../sysdeps/unix/sysv/linux/fstat64.c
cfn=(178) fstat
calls=5 -7 
* 30 5 0 2 0 0 2 0 0 5 1
* 10 0 0 0 0 0 0 0 0 5
fe=(30)
989 10 5 0 1 0 0 1
fi=(56)
40 15 15
fe=(30)
989 5
fi=(56)
40 5 0 5
fe=(30)
989 80 25 0 0 0 0 0 0 0 25 9
+1 40 20 0 1 0 0 1 0 0 20
fi=(56)
49 60 30 0 0 1 0 0 1 0 30 9
fe=(30)
1519 45 35 0 1 0 0 1
1074 13 0 0 1 0 0 1 0 0 2 2
+1 2 1
-1 1
+1 1
-1 1 0 1
+1 1 0 1 0 0 1 0 0 1
cfi=(70)
cfn=(226)
calls=1 25 
* 7 1 0 0 0 0 0 0 0 1
* 2 0 0 0 0 0 0 0 0 1 1
+46 2 1 1
+1 1
-15 10 5 0 1 1 0 1 1 0 5
+7 5 5
+2 5 5 0 1 0 0 1
-2 5 0 5
+1 5 5 0 0 1 0 0 1
+1 5
-1 10 0 5
+1 40 5 5
+60 9 3 0 1 1 0 1 1 0 3
+5 3 3
-1 6
+5 3
-5 6 0 3 0 0 3 0 0 3
-66 3 3
+71 12 0 3 0 0 1 0 0 1
+1 3 3 0 1 0 0 1
+3 3 0 3 0 0 2 0 0 2
-3 3 0 3
+8 12 3 0 0 0 0 0 0 0 3 2
+15 10 5 5 1 0 0 1
+1 5
1008 10 5 0 1 0 0 1 0 0 5 3
1268 20 10 0 1 0 0 1 0 0 5
+1 15 5 5
fi=(61) ./elf/./elf/get-dynamic-info.h
39 10 0 0 0 0 0 0 0 0 5
+6 5 5 0 0 5 0 0 5
-2 5
+11 5 0 0 1 0 0 1
+1 5
-10 10 0 0 0 0 0 0 0 0 5 5
+8 6
+15 6 0 6 0 0 2 0 0 2
-23 24 6 0 0 1 0 0 1 0 6
+23 132 0 132 0 0 31 0 0 31
-23 528 132 0 0 33 0 0 33 0 132 5
+4 276 0 0 0 0 0 0 0 0 138 40
+3 37
-1 74 0 0 1 0 0 1 0 0 37 4
+3 124 0 0 0 0 0 0 0 0 31 10
+1 104
+1 25 0 0 1 0 0 1 0 0 5 2
+16 20 5 0 0 0 0 0 0 0 10
+12 17 5 2 1 0 0 1 0 0 5 2
+1 20 5 5 0 0 0 0 0 0 5
+1 20 5 5 0 0 0 0 0 0 5
+1 20 5 5 0 0 0 0 0 0 5 1
+1 17 5 2 0 3 0 0 3 0 5 2
+1 19 5 4 1 1 0 1 1 0 5 1
+1 19 5 4 0 1 0 0 1 0 5 1
+1 20 5 5 0 0 0 0 0 0 5
+12 5 5
+7 5 5
-7 35 5 5 1 0 0 1 0 0 10
+7 11 0 0 0 0 0 0 0 0 5 3
+5 8 4 0 0 0 0 0 0 0 4
+7 8 4 0 0 0 0 0 0 0 4
+1 15 10 0 1 0 0 1 0 0 5
+6 15 5 0 0 0 0 0 0 0 5 4
+1 6 4 0 0 0 0 0 0 0 2
+17 15 5 0 0 0 0 0 0 0 5 3
+5 4 2 2 0 0 1 0 0 1
+2 4 0 0 0 0 0 0 0 0 2 2
+2 4 0 0 0 0 0 0 0 0 2 2
+2 4 0 0 0 0 0 0 0 0 2 2
+4 15 5 0 1 0 0 1 0 0 5 2
+2 9 3 3 1 0 0 1
+1 6 0 0 0 0 0 0 0 0 3
+9 6 3 0 0 0 0 0 0 0 3
+6 6 0 0 0 0 0 0 0 0 3 2
+4 10 5 0 0 0 0 0 0 0 5 5
fe=(30)
1275 10
+1 10 0 0 1 0 0 1 0 0 5 5
+2 10 0 0 0 0 0 0 0 0 5 5
+10 15 5 0 0 0 0 0 0 0 5
+19 15 5 5
+2 30 10 0 1 0 0 1 0 0 5
+52 15 5 0 0 2 0 0 2 0 5 2
+1 6 3 3
+6 45 10 0 1 0 0 1 0 0 5
+1 100 0 0 0 0 0 0 0 0 50 18
+6 20 0 5
cfn=(88)
calls=5 868 
* 372 73 14 1 7 0 0 7 0 82 7
-7 125 5 0 0 0 0 0 0 0 60 5
+1 60 60 0 1 50 0 1 50
+6 60
-6 120 0 0 0 0 0 0 0 0 60 19
fi=(31)
149 20 10 0 0 0 0 0 0 0 10 9
fe=(30)
1380 10 5 5 1 0 0 1
cfi=(62) ./io/../sysdeps/unix/sysv/linux/close_nocancel.c
cfn=(194) __GI___close_nocancel
calls=5 25 
* 30 5 0 1 0 0 1 0 0 5
* 10 0 0 0 0 0 0 0 0 5
+13 10 5 0 1 0 0 1 0 0 5
+2 20 10 5
+2 10 5 0 0 0 0 0 0 0 5
+16 10 0 5
cfi=(8) ./elf/./elf/dl-setup_hash.c
cfn=(14) _dl_setup_hash
calls=5 25 
* 135 40 30 0 4 0 0 4 0 15
+4 10 5 0 0 0 0 0 0 0 5
+1 10 5 0 1 0 0 1 0 0 5 5
+17 10 5 0 0 0 0 0 0 0 5 2
+1 1 0 1
+3 1 1
+5 1 1
-5 1 0 1
+5 1 0 0 0 0 0 0 0 0 1
-5 4 4
+5 4 4
-5 4 0 4
+5 4 0 0 0 0 0 0 0 0 4
+5 10 5 0 0 0 0 0 0 0 5
+12 40 15 0 1 0 0 1 0 0 5 3
+10 10 5 0 0 0 0 0 0 0 5 2
+1 12 3 0 0 0 0 0 0 0 3
+5 6 0 3
cfi=(46) ./elf/../elf/dl-tls.c
cfn=(224) _dl_assign_tls_modid
calls=3 125 
* 36 12 9 2 0 0 2 0 0 3
+7 15 5 5 1 0 0 1
cfi=(26)
cfn=(84) _dl_add_to_namespace_list
calls=5 31 
* 295 70 50 0 0 1 0 0 1 25 15 10 1
+3 10 5 0 0 0 0 0 0 0 5
+4 10 5 5
cfi=(45) ./elf/./elf/dl-debug.c
cfn=(196) _dl_debug_update
calls=5 38 
* 35 10 0 1 0 0 1 0 0 10 5
* 5
+1 15 5 0 0 0 0 0 0 0 5 4
+22 35 15 0 1 0 0 1 0 0 5
+1 15 5 5 1 0 0 1
cfi=(48) ./elf/./elf/dl-audit.c
cfn=(198) _dl_audit_objopen
calls=5 77 
* 25 10 0 1 0 0 1 0 0 5
* 5
fi=(60)
92 16 8 0 1 0 0 1 0 0 4
+2 4 4
-1 4 4
+1 4
-1 4
+1 4
-1 4 0 0 1 0 0 1
+1 4
-1 8 0 0 0 0 0 0 0 0 4
+3 16 0 4
fi=(61)
-37 20 0 0 1 0 0 1 0 0 5
+3 20 0 0 0 0 0 0 0 0 5
+2 20
181 6 2 2
-22 4 0 2
fe=(30)
1510 10 0 0 1 0 0 1 0 0 5 3
1074 2 0 1 1 0 0 1
fi=(59)
186 16 2 2 2 0 0 2
cfi=(57)
cfn=(182)
calls=2 47 
* 42 8 6 0 0 0 0 0 0 6
+3 4 0 0 0 0 0 0 0 0 2 2
fe=(30)
1462 12 4 0 1 0 0 1 0 0 4 1
+2 3 3
-1 15 9 0 0 0 0 0 0 0 3 2
+1 3
-1 3
+1 3
-1 3 0 3
cfi=(32) ./string/../sysdeps/x86_64/multiarch/../multiarch/strcmp-sse2.S
cfn=(94) strcmp
calls=3 98 
* 75 21 0 0 4 0 0 4 0 9
* 6 0 0 0 0 0 0 0 0 3 3
+2 5 1 1
1275 4 2 0 1 0 0 1

fn=(204)
238 24 0 12 1 0 0 1
+3 12
-3 60 0 48 0 0 1 0 0 1
+7 12
-7 24 0 12 0 0 1 0 0 1
+3 12 0 12
cfi=(41)
cfn=(118)
calls=12 32 
* 384 48 0 0 7 0 0 7 0 28 7
+3 24 0 0 0 0 0 0 0 0 12 1
+20 108 84 0 1 0 0 1

fn=(208) open_path
1812 32 0 24 1 0 1 1 0 1
+1 4 4
-1 12 0 12 1 0 2 1 0 2
+1 4 0 4
+6 8 0 0 0 0 0 0 0 0 4
+5 68 8 0 1 0 0 1 0 0 8 4
+67 8 4 0 1 0 0 1
-74 4 0 4
+7 12 0 8
+57 4
-65 4 0 4
+65 4 0 4
+10 8 0 8 1 0 0 1
-64 8 8
+8 24 4 4 0 0 0 0 0 0 4
-8 24 24
+8 72 12 12 0 0 0 0 0 0 12
+7 32 32
-11 16
+12 16
-1 64 16 32 1 0 1 1 0 1
cfi=(29)
cfn=(126)
calls=16 197 
* 208 40 24 1 0 0 0 0 0 40 12
+1 160 32 32 0 0 0 0 0 0 16
+50 42 0 0 0 0 0 0 0 0 21 1
-2 84 0 21
-48 176 64 0 1 0 0 1 0 0 64 11
+3 96 48 0 0 0 0 0 0 0 48 8
+5 210 120 30 1 0 0 1
cfi=(29)
cfn=(126)
calls=30 197 
* 390 58 28 0 0 0 0 0 0 92 15
* 120 60 30
cfi=(29)
cfn=(126)
calls=30 197 
* 390 90 60 0 0 0 0 0 0 60 19
+3 60
+6 90 30 0 0 0 0 0 0 0 30
+3 210 90 30 1 0 0 1
cfn=(170)
calls=30 1572 
* 1680 300 360 2 0 3 2 0 3 150 6
* 30
+2 90 30 0 0 0 0 0 0 0 30 6
+2 18 0 0 0 0 0 0 0 0 9 2
+93 36 28 0 1 0 0 1
-88 18 0 0 1 0 0 1 0 0 9
+1 63 27 0 0 0 0 0 0 0 9 2
+6 9 9 0 1 0 0 1
+2 18 9
-2 18 0 9
+2 9 0 9
cfi=(65) ./io/../sysdeps/unix/sysv/linux/stat64.c
cfn=(210) stat
calls=9 28 
* 138 9 6 1 0 0 1 0 0 9 6
* 9
+3 9
-3 18 0 0 0 0 0 0 0 0 9 2
+1 6 3
+9 24 3 6
+2 3
-2 6 0 6
+2 22 16 0 1 0 0 1
+44 128 32 16 1 0 2 1 0 2 48
+6 32 16 16
-2 16 0 16
+2 32 16 0 0 0 0 0 0 0 16 8
+3 12 8 0 0 0 0 0 0 0 4
1822 8
+2 8 0 4 1 0 1 1 0 1

fn=(166)
1967 156 0 117 2 0 5 2 0 5
+8 26 0 0 0 0 0 0 0 0 13
+1 52 13 0 0 1 0 0 1 0 13
+3 272 56 26 1 0 0 1 0 0 56 5
+5 357 102 0 1 0 0 1 0 0 51
+2 153 0 51 0 0 2 0 0 2
cfi=(52) ./elf/./elf/dl-misc.c
cfn=(168) _dl_name_match_p
calls=51 68 
* 5263 1202 268 27 1 1 27 1 1 668 126 39 19
* 102 0 0 0 0 0 0 0 0 51 6
+4 86 43 0 0 0 0 0 0 0 43
+1 129 43 0 0 0 0 0 0 0 43 14
+4 22 22 0 1 0 0 1
-1 110 66 0 0 0 0 0 0 0 22 4
+1 22
+1 22
-1 22
+1 44 0 22
cfi=(32)
cfn=(94)
calls=22 98 
* 600 152 0 0 0 0 0 0 0 72 7 2 1
* 44 0 0 0 0 0 0 0 0 22 4
2270 122 96 0 1 0 0 1
2011 15 5 5
-1 10 5 0 0 0 0 0 0 0 5 4
+9 5 5 0 1 0 0 1
-50 5 0 5
+50 10 0 0 0 0 0 0 0 0 5
+17 10
-2 5 0 5
+2 5 0 5
cfi=(41)
cfn=(118)
calls=5 32 
* 120 15 0 0 0 0 0 0 0 10
* 10 0 0 0 0 0 0 0 0 5 4
2202 2 0 0 1 0 0 1 0 0 1
-1 3 0 1
cfn=(140)
calls=1 385 
* 175 33 23 0 0 1 0 0 1 15 5 1
+6 1
-7 1 0 1
+1 1
+2 2 0 0 0 0 0 0 0 0 1
+4 7 0 2 1 0 0 1
cfn=(170)
calls=1 1572 
* 106 22 15 9 1 2 9 1 2 18 3
+3 2 1
-3 1
+3 1 0 0 0 0 0 0 0 0 1
+12 4 1
+45 1 1
+1 5 1 0 1 0 0 1
-1 1 0 1
+1 8 2 5
cfn=(176)
calls=1 944 
* 1940 410 216 72 31 27 70 31 27 358 112 5 1
-1 4 4
+1 20 4
-1 4 0 4
+1 32 8 20
cfn=(176)
calls=4 944 
* 8862 1696 1300 11 108 175 11 108 175 1685 336 20 1
* 15
2040 8 0 4 1 0 0 1
cfi=(22)
cfn=(62)
calls=4 57 
* 68 8 0 0 0 0 0 0 0 8
* 8 0 4 1 0 0 1
+2 8 4 0 0 0 0 0 0 0 4
+7 16 4 0 0 0 0 0 0 0 8 2
+51 52 8 16 1 0 0 1
cfn=(208)
calls=4 1812 
* 5124 1250 819 19 0 10 18 0 10 692 102
+6 4
-6 4
+6 8 0 0 1 0 0 1 0 0 4 2
2222 16 4
+46 8 4
682 4 4 0 1 0 0 1
2107 4
682 8 0 0 1 0 0 1 0 0 4 3
+3 2 0 0 0 0 0 0 0 0 1
2135 8 0 4 1 0 0 1
cfi=(67) ./elf/./elf/dl-cache.c
cfn=(214) _dl_load_cache_lookup
calls=4 403 
* 5987 974 245 27 76 4 27 73 4 1332 126 4
* 4
+2 8 0 0 0 0 0 0 0 0 4
+4 8 0 0 0 0 0 0 0 0 4 1
+31 4
-23 8 4 0 0 0 0 0 0 0 4
+23 28 0 8 1 0 0 1
cfn=(170)
calls=4 1572 
* 461 92 62 5 1 0 5 1 0 79 14
+4 8 4
-4 4
+4 4 0 0 0 0 0 0 0 0 4
+1 4 0 4
+17 8 4 0 0 0 0 0 0 0 4 3
2074 20 8 0 2 0 0 2 0 0 4
682 4 4
2075 4
682 12 0 0 0 0 0 0 0 0 4 3
2099 8 4 0 1 0 0 1 0 0 4
+1 8 0 0 0 0 0 0 0 0 4 2
-47 4 4 0 1 0 0 1
+1 4 0 4
696 20 0 12 1 0 0 1
2058 15 5 0 1 0 0 1 0 0 5 3
682 5 5 0 1 0 0 1
2059 5
682 10 0 0 0 0 0 0 0 0 5 4
+3 2 0 0 0 0 0 0 0 0 1
+3 3 1 0 0 0 0 0 0 0 1 1
+3 1 0 1
+1 1
2073 20 16 0 2 0 0 2 0 0 4
+1 8 0 0 0 0 0 0 0 0 4 3
688 3 1 0 1 0 0 1 0 0 1 1
2115 3 0 3 1 0 0 1
+14 6 3 0 0 0 0 0 0 0 3
+2 12 4 0 0 0 0 0 0 0 4 4
-47 8 0 0 1 0 0 1 0 0 4 3
691 1 0 1
2115 1 0 1
+14 2 1 0 1 0 0 1 0 0 1 1

fl=(240) ./elf/../sysdeps/x86_64/tls_get_addr.S
fn=(1550) __tls_get_addr
29 2 0 0 1 0 0 1
+1 2 2
+1 2 2 0 0 1
+2 2 2 0 0 1
+1 2 0 0 0 0 0 0 0 0 2
+1 2 2 0 0 1
+3 2
+1 2 2 0 1 0 0 1
+4 2
+1 2 0 0 0 0 0 0 0 0 2
+1 2 2
+1 2 2

fl=(77) ./elf/./elf/dl-reloc.c
fn=(262) _dl_relocate_object
207 88 0 64 1 0 0 1
+1 16 8 0 0 0 0 0 0 0 8 1
+12 7
+4 28 0 7 1 0 0 1
-4 7
+6 21 0 0 0 0 0 0 0 0 7
+3 7 7 0 0 2
-1 7 7
+1 14 0 0 0 0 0 0 0 0 7 6
+22 35 14 0 2 0 0 2 0 0 7 6
+4 8 0 0 0 0 0 0 0 0 4
+7 12 4 0 0 2 0 0 0 0 4
fi=(6) ./elf/../sysdeps/x86_64/dl-machine.h
81 20 4 0 0 0 0 0 0 0 6 2
+6 8 6 0 1 2 0 1 0 0 2 2
+4 6 2 0 0 2 0 0 2 0 2
+17 2 2
-11 2 0 2
+11 4 0 0 0 0 0 0 0 0 2
+21 4 2 0 0 0 0 0 0 0 2
+5 8 2 0 0 1
-2 4 0 2
fi=(4) ./elf/../sysdeps/generic/ldsodefs.h
-53 2 2
fe=(77)
301 4 2
fi=(4)
79 4
fe=(77)
301 4 0 0 0 0 0 0 0 0 2
fi=(4)
79 5 5 0 1 0 0 1
fe=(77)
301 10 5 0 0 2
fi=(4)
79 10
fe=(77)
301 9890 47 1070 3 13 198 3 6 195 3473 408
fi=(4)
79 2 2
fe=(77)
301 2 2
fi=(4)
79 4
fe=(77)
301 298 66 44 3 26 0 3 0 0 41 15
-80 14
fi=(6)
393 14 0 14 1 0 0 1
fe=(77)
190 7
+31 7 0 7
-31 7 0 7
fi=(6)
393 21 0 7
fi=(5) ./elf/./elf/do-rel.h
49 7 7
fe=(77)
301 7 7
fi=(5)
50 7 7
+30 7 7
-31 14 0 0 1 0 0 1
+4 7 7
-3 7
+3 7
-3 7 0 7
+3 21 7 0 0 1
+27 14 0 0 0 0 0 0 0 0 7 7
-31 7 7 0 0 2
fe=(77)
301 7 7
fi=(5)
50 7 7
+30 7 7
-31 14
+4 7 7
-3 7
+3 7
-3 7 0 7
+3 21 7
+27 14 0 0 0 0 0 0 0 0 7 5
-7 2
-1 2
+11 16 0 2 1 0 0 1 0 0 2
fi=(6)
514 2224 1112
+4 2224 0 0 0 0 0 0 0 0 1112
+3 3336 1112 0 0 0 0 0 0 0 1112
+1 1112 0 1112 0 0 139 0 0 139
fi=(5)
83 3336 0 0 0 0 0 0 0 0 1112 2
+2 4448 1112 0 1 418 0 1 418 0 1112 2
+11 12 2 0 0 1 0 0 0 0 2 2
fe=(77)
301 42 14 0 1 1 0 1 0 0 14 6
fi=(5)
51 7 7
fi=(4)
+28 35 21 0 0 1
fi=(6)
730 14 0 0 0 0 0 0 0 0 7 3
+4 8 4 0 1 3 0 1 0 0 4
fe=(77)
304 35 14 0 0 0 0 0 0 0 14
+24 7 0 7 0 0 1
+3 14 0 0 0 0 0 0 0 0 7
+17 21 7 0 0 4 0 0 0 0 7 3
+2 64 56 0 0 3
-98 14 7 0 1 7 0 1 0 0 7 4
+3 6 0 0 0 0 0 0 0 0 3
+7 3 3
-9 3
+9 6 0 0 1 0 0 1 0 0 3
fi=(6)
81 6
fi=(5)
+33 36 0 0 1 0 0 1 0 0 12 5
+9 24 0 0 0 0 0 0 0 0 10 6
+1 4 4 0 0 4 0 0 2
fi=(6)
498 4 4
fi=(5)
124 4
fi=(6)
498 8 0 0 0 0 0 0 0 0 4
fi=(5)
124 1016 1016 0 0 128 0 0 128
fi=(6)
498 1016 1016 0 0 126 0 0 126
fi=(5)
124 1016
fi=(6)
498 2032 0 0 0 0 0 0 0 0 1016
+5 2040 0 0 0 0 0 0 0 0 1020
+1 1020 1020 0 0 127 0 0 127
fi=(5)
123 1020
fi=(6)
504 1020
-5 1020 0 1020 0 0 278 0 0 272
fi=(5)
123 2040 0 0 0 0 0 0 0 0 1020 11
+3 36 12 0 1 7 0 1 0 0 12 2
+3 40 20 10 0 4 1 0 0 0 10
+2 36 16 0 1 1 0 1 0 0 10 4
fe=(77)
+59 12
fi=(5)
73 6 0 6
fe=(77)
190 6 0 6 0 0 1
fi=(5)
72 6
fe=(77)
190 54 0 30 1 0 0 1 0 0 6
fi=(5)
-57 12 12 0 0 4 0 0 2
+1 6 6
+1 6 6
-2 6
+2 6 6 0 0 1
+3 6 0 0 1 0 0 1
-5 6
+2 6 0 6
-2 6 6 0 0 6 0 0 3
+1 12
+2 6
-2 6 0 6
+2 18 6 0 0 2
+2 12 0 0 0 0 0 0 0 0 6
-5 7008 7008 0 0 957 0 0 956
+1 3504 3504
+1 3504 3504
-2 3504
+2 3504 3504
+3 3504
-5 3504
+2 3504 0 3504
-2 3504 3504 0 0 1190 0 0 240
+1 7008
+2 3504
-2 3504 0 3504
+2 10512 3504
+2 7008 0 0 0 0 0 0 0 0 3504 11
+9 3442 0 3442
fi=(6)
267 6884 0 0 1 0 0 1 0 0 3442
+7 6884 0 0 0 0 0 0 0 0 3442
+4 6884 0 0 0 0 0 0 0 0 3442
fe=(77)
170 13768 3442 0 0 1710 0 0 1338 0 3442 6
fi=(4)
-30 10275 3425
fe=(77)
+31 6850 0 0 1 0 0 1 0 0 3425
+3 6850 3425 0 0 6 0 0 0 0 3425 808
+8 3608 0 0 0 0 0 0 0 0 1804
-8 16206 0 0 0 0 0 0 0 0 3604 7
+12 3596 3596 0 1 1 0 1
-3 1798 0 1798
+1 1798 0 1798
+2 7204 3608 0 0 0 0 0 0 0 1798 74
-3 6 0 6
+1 6 0 6
+2 1828 12 0 0 0 0 0 0 0 6 2
+1 1804
-1 1804
+2 3608 0 0 0 0 0 0 0 0 1804
-1 7216 1804 1804 1 63 0 1
+3 10824 3608 5412 0 0 1
cfi=(78) ./elf/./elf/dl-lookup.c
cfn=(270) _dl_lookup_symbol_x
calls=1804 772 
* 1284212 341597 117909 77 5891 62 72 2682 43 187753 7753 226 54
+3 1804 1804
+1 3608 1804
-4 1804
+4 9020 3608 1804 1 0 1 1
fi=(6)
+93 13687 3412 0 0 0 0 0 0 0 3425 3
+3 3412 3412
-3 10253 3429 0 0 2 0 0 0 0 3412 1
+3 3429
-3 3429 3429 0 0 1 0 0 1
+5 6862 0 0 0 0 0 0 0 0 3431 10
+25 20652 3442 0 1 6 0 1 2 0 3442 0 3442 596
423 8352 5568 2784 0 353 887 0 353 359
fi=(5)
150 8352 2784 0 1 0 0 1 0 0 2784 1
fi=(6)
423 1266 633 633 0 0 284 0 0 80
fi=(5)
150 1951 635 0 0 0 0 0 0 0 658 15
-19 14058 3522 0 0 0 0 0 0 0 3510 29
+33 24 12 0 1 2 0 1 0 0 6 3
+1 72 6 6 0 0 0 0 0 0 19
+1 252 84 0 1 0 0 1 0 0 84 7
+3 136 68
+4 68 68
-1 68 68
-3 68 68
+2 136 68
+2 68
-2 136 0 68
fe=(77)
-1 272 68 0 1 2 0 1 0 0 68 23
fi=(6)
287 68 68 0 1 0 0 1
+3 68
-3 68 68
+4 136 0 0 0 0 0 0 0 0 68 13
476 136 136 0 1 0 0 1
+2 68 0 68 0 0 0 0 0 0 0 0 68 68
cfi=(15) ./elf/../sysdeps/x86/dl-get-cpu-features.c
cfn=(550) __x86_cpu_features
calls=1 71 
* 6 2 0 1 1 0 1 0 0 1
cob=(3)
cfi=(162)
cfn=(518)
calls=1 26 
* 8 4 0 2 0 0 2 0 0 2 1
cob=(3)
cfi=(146)
cfn=(514)
calls=1 27 
* 9 4 0 1 0 0 1 0 0 2 1
cob=(3)
cfi=(161)
cfn=(510)
calls=1 26 
* 9 4 0 2 0 0 2 0 0 2 1
cob=(3)
cfi=(160)
cfn=(506)
calls=1 27 
* 9 4 0 1 0 0 1 0 0 1
cob=(3)
cfi=(159)
cfn=(502)
calls=1 26 
* 9 4 0 2 0 0 2 0 0 1
cob=(3)
cfi=(156)
cfn=(498)
calls=1 27 
* 8 4 0 1 0 0 1 0 0 2 1
cob=(3)
cfi=(158)
cfn=(496)
calls=1 49 
* 6 3 0 2 0 0 2 0 0 1 1
cob=(3)
cfi=(157)
cfn=(492)
calls=1 26 
* 9 4 0 1 0 0 1 0 0 1
cob=(3)
cfi=(156)
cfn=(488)
calls=1 35 
* 8 4 0 2 0 0 2 0 0 2 1
cob=(3)
cfi=(155)
cfn=(484)
calls=1 27 
* 9 4 0 2 0 0 2 0 0 2 1
cob=(3)
cfi=(154)
cfn=(480)
calls=1 26 
* 9 4 0 1 0 0 1 0 0 1
cob=(3)
cfi=(153)
cfn=(476)
calls=1 27 
* 9 4 0 2 0 0 2 0 0 1
cob=(3)
cfi=(151)
cfn=(472)
calls=1 27 
* 8 4 0 2 0 0 2 0 0 2 1
cob=(3)
cfi=(150)
cfn=(468)
calls=1 30 
* 9 4 0 1 0 0 1 0 0 1
cob=(3)
cfi=(149)
cfn=(464)
calls=1 26 
* 9 4 0 2 0 0 2 0 0 1
cob=(3)
cfi=(148)
cfn=(460)
calls=1 27 
* 9 4 0 1 0 0 1 0 0 1
cob=(3)
cfi=(147)
cfn=(456)
calls=1 27 
* 9 4 0 1 0 0 1 0 0 1
cob=(3)
cfi=(146)
cfn=(452)
calls=1 34 
* 9 4 0 2 0 0 2 0 0 2 1
cob=(3)
cfi=(145)
cfn=(448)
calls=1 27 
* 9 4 0 2 0 0 2 0 0 1
cob=(3)
cfi=(143)
cfn=(444)
calls=1 27 
* 9 4 0 2 0 0 2 0 0 2 1
cob=(3)
cfi=(141)
cfn=(440)
calls=1 26 
* 9 4 0 1 0 0 1 0 0 1
cob=(2)
cfi=(139)
cfn=(432)
calls=1 31 
* 21 4 0 2 0 0 2 0 0 5 1
cob=(2)
cfi=(138)
cfn=(428)
calls=1 33 
* 22 4 0 3 0 0 3 0 0 6 2
cob=(2)
cfi=(137)
cfn=(424)
calls=1 31 
* 18 4 0 2 0 0 2 0 0 3 1
cob=(2)
cfi=(136)
cfn=(422)
calls=1 29 
* 7 3 0 2 0 0 2
cob=(2)
cfi=(134)
cfn=(418)
calls=1 29 
* 23 4 0 2 0 0 2 0 0 4 1
cob=(2)
cfi=(133)
cfn=(414)
calls=1 29 
* 22 4 0 4 0 0 4 0 0 6 3
cob=(2)
cfi=(132)
cfn=(410)
calls=1 33 
* 17 4 0 1 0 0 1 0 0 5 1
cob=(2)
cfi=(131)
cfn=(406)
calls=1 29 
* 22 4 0 1 0 0 1 0 0 6 1
cob=(2)
cfi=(129)
cfn=(402)
calls=1 29 
* 24 5 0 2 0 0 2 0 0 6
cob=(2)
cfi=(128)
cfn=(398)
calls=1 29 
* 19 4 0 2 0 0 2 0 0 4 2
cob=(2)
cfi=(127)
cfn=(394)
calls=1 29 
* 25 5 0 2 0 0 2 0 0 5 1
cob=(2)
cfi=(100)
cfn=(390)
calls=1 31 
* 18 4 0 1 0 0 1 0 0 3 1
cob=(2)
cfi=(126)
cfn=(386)
calls=1 31 
* 21 4 0 2 0 0 2 0 0 5 1
cob=(2)
cfi=(125)
cfn=(382)
calls=1 29 
* 17 4 0 2 0 0 2 0 0 5 1
cob=(2)
cfi=(123)
cfn=(378)
calls=2 31 
* 20 8 0 2 0 0 2 0 0 4 2
cob=(2)
cfi=(121)
cfn=(374)
calls=1 29 
* 24 5 0 3 0 0 3 0 0 6
cob=(2)
cfi=(120)
cfn=(370)
calls=1 31 
* 25 5 0 2 0 0 2 0 0 5
cob=(2)
cfi=(119)
cfn=(366)
calls=1 31 
* 21 4 0 3 0 0 3 0 0 5 1
cob=(2)
cfi=(117)
cfn=(362)
calls=1 29 
* 17 4 0 2 0 0 2 0 0 5 1
cob=(2)
cfi=(116)
cfn=(360)
calls=1 60 
* 16 4 0 3 0 0 3 0 0 4 1
cob=(2)
cfi=(115)
cfn=(358)
calls=1 29 
* 7 3 0 1 0 0 1
cob=(2)
cfi=(113)
cfn=(354)
calls=1 31 
* 21 4 0 3 0 0 3 0 0 5 1
cob=(2)
cfi=(112)
cfn=(352)
calls=1 67 
* 21 4 0 3 0 0 3 0 0 5 1
cob=(2)
cfi=(110)
cfn=(348)
calls=2 31 
* 46 8 0 3 0 0 3 0 0 8 2
cob=(2)
cfi=(108)
cfn=(344)
calls=1 31 
* 19 4 0 2 0 0 2 0 0 4
cob=(2)
cfi=(107)
cfn=(340)
calls=1 30 
* 25 5 0 2 0 0 2 0 0 5 1
cob=(2)
cfi=(106)
cfn=(336)
calls=1 28 
* 25 5 0 1 0 0 1 0 0 5 1
cob=(2)
cfi=(104)
cfn=(332)
calls=1 29 
* 24 4 0 1 0 0 1 0 0 6
cob=(2)
cfi=(103)
cfn=(330)
calls=1 65 
* 19 4 0 2 0 0 2 0 0 5 1
cob=(2)
cfi=(100)
cfn=(324)
calls=2 31 
* 50 10 0 3 0 0 3 0 0 10 2
cob=(2)
cfi=(98)
cfn=(320)
calls=1 29 
* 22 4 0 4 0 0 4 0 0 6 2
cob=(2)
cfi=(96)
cfn=(316)
calls=1 31 
* 18 4 0 1 0 0 1 0 0 3 1
cob=(2)
cfi=(95)
cfn=(312)
calls=1 29 
* 25 5 0 2 0 0 2 0 0 5 2
cob=(2)
cfi=(94)
cfn=(308)
calls=1 29 
* 22 4 0 5 0 0 5 0 0 6 1
cob=(2)
cfi=(92)
cfn=(304)
calls=1 29 
* 22 4 0 5 0 0 5 0 0 6 2
cob=(2)
cfi=(91)
cfn=(300)
calls=1 29 
* 19 4 0 3 0 0 3 0 0 5 1
cob=(2)
cfi=(89)
cfn=(296)
calls=1 29 
* 24 4 0 2 0 0 2 0 0 6
cob=(2)
cfi=(87)
cfn=(292)
calls=1 30 
* 19 4 0 3 0 0 3 0 0 5 1
cob=(2)
cfi=(86)
cfn=(290)
calls=1 79 
* 19 4 0 3 0 0 3 0 0 5 1
cob=(2)
cfi=(85)
cfn=(288)
calls=1 29 
* 7 3 0 2 1 0 2
cob=(2)
cfi=(83)
cfn=(284)
calls=2 31 
* 50 10 0 2 1 0 2 0 0 10 2
cob=(2)
cfi=(81)
cfn=(280)
calls=1 86 
* 28 9 8 4 3 2 4 0 2 3 1
fi=(5)
165 68
fi=(6)
479 68 0 68 0 0 3 0 0 1
fi=(5)
165 145 3 0 0 0 0 0 0 0 68 26
-14 123 41 0 2 1 0 2 0 0 41 4
fi=(6)
460 6 2 0 1 0 0 1 0 0 2
+5 4 4 0 1 0 0 1
-1 6 2 2
+1 4
-1 2 0 2
cfi=(29)
cfn=(82)
calls=2 210 
* 25 5 3 0 2 0 0 1 0 7 3
+2 10 6 0 0 0 0 0 0 0 2
+1 4 0 0 1 0 0 1 0 0 2 2
-67 51 17 0 1 0 0 1 0 0 17
+2 68 17 0 0 0 0 0 0 0 17
+4 17 17
+9 17 17
-9 34 17 0 1 3 0 1 3
+9 17 0 17 0 0 5 0 0 5
fi=(5)
150 34 17
fi=(6)
320 41 0 41
+3 41
+29 6 2 0 0 0 0 0 0 0 2
+11 2 2
-9 4 4
+9 2 0 2 0 0 1
fi=(5)
150 4 2
fi=(6)
346 8 0 0 1 0 0 1 0 0 4
+1 12 8 4 0 3 3 0 0 2
fi=(5)
150 8 4
fi=(6)
287 85 17 0 1 0 0 1 0 0 17 2
fi=(5)
141 68 68
+1 68 0 68 1 0 0 1
-1 204 0 68
+2 68
fi=(6)
287 340 68 0 1 0 0 1 0 0 68 20
fe=(77)
175 14587 1621 0 2 0 0 2 0 0 6482 5
+3 1621 1621
-1 1621 0 1621
+19 1621 1621 0 1 0 0 1
-18 3242 0 1621
fi=(6)
295 4 0 0 1 0 0 1 0 0 2
+1 6 2 0 0 0 0 0 0 0 2 2
+11 4 0 4 1 0 0 1
+7 2 0 2 0 0 0 0 0 0 0 0 2 2
cob=(2)
cfi=(133)
cfn=(414)
calls=1 29 
* 22 4 0 0 0 0 0 0 0 6 2
cob=(2)
cfi=(89)
cfn=(296)
calls=1 29 
* 24 4 0 0 3 0 0 0 0 6
* 8 4 0 1 0 0 1
fe=(77)
-13 6 0 4 1 0 0 1
+55 35 21 0 1 2 0 1
+3 7
-3 7
+3 7
+4 14 0 0 1 0 0 1 0 0 7
+1 28 0 7 0 0 1
cfi=(140) ./misc/../sysdeps/unix/syscall-template.S
cfn=(436) mprotect
calls=7 117 
* 42 7 0 2 0 0 2 0 0 7 2
* 14 0 0 0 0 0 0 0 0 7 4
-63 9 0 3 1 0 0 1
fi=(5)
180 7 3 0 1 0 0 1 0 0 2 1
fe=(77)
+10 2
fi=(5)
73 1 0 1 1 0 0 1
fe=(77)
190 3 0 2
fi=(6)
436 7 0 4 0 0 0 0 0 0 1
fi=(5)
182 2 2 0 1 0 0 1
+1 2 2
-1 1
+3 1
-3 4 0 1
+3 2 0 0 0 0 0 0 0 0 1
-3 10 10 0 0 2 0 0 2
+1 10 10
-1 5
+3 5
-3 20 0 5
+3 10 0 0 0 0 0 0 0 0 5
+8 6 0 6
fi=(6)
+74 12 0 0 1 0 0 1 0 0 6
+7 12 0 0 0 0 0 0 0 0 6
+4 12 0 0 0 0 0 0 0 0 6
fe=(77)
170 24 6 0 0 3 0 0 2 0 6 2
fi=(4)
-30 18 6
fe=(77)
+31 12 0 0 0 0 0 0 0 0 6
+3 12 6 0 1 1 0 1 0 0 6
+8 12 0 0 0 0 0 0 0 0 6
-8 54 0 0 0 0 0 0 0 0 12
+12 12 12 0 1 0 0 1
-3 6 0 6
+1 6 0 6
+2 36 12 6 0 0 0 0 0 0 6 2
+4 24 6 6
-4 6
+4 18 6 12 1 0 0 1
cfi=(78)
cfn=(270)
calls=6 772 
* 3734 1111 371 0 74 10 0 9 0 575 48 1 1
+3 6 6
+1 12 6
-4 6
+4 30 12 6
fi=(6)
+93 21 3 0 0 0 0 0 0 0 6 2
+3 3 3 0 1 0 0 1
-3 9 3 0 0 0 0 0 0 0 3
+3 3
-3 3 3
+5 6 0 0 0 0 0 0 0 0 3 1
+25 36 6 0 0 1 0 0 1 0 6 2 6 1
423 6 0 6 1 0 2 1 0 2
fi=(5)
196 18 6 0 0 0 0 0 0 0 6
-16 24 6 0 0 0 0 0 0 0 6 5
+31 7 4 0 1 0 0 1 0 0 1 1
fe=(77)
-33 1619 0 0 1 0 0 1
-3 4857 0 0 0 0 0 0 0 0 1619

fl=(186) ./elf/../sysdeps/x86_64/dl-trampoline.h
fn=(642) _dl_runtime_resolve_xsave
71 66 0 0 1 0 0 1
+5 66 0 66
+3 66
+2 66
+10 66 66 0 0 2
+6 66 0 66 0 0 2
+1 66 0 66
+1 66 0 66 1 0 0 1
+1 66 0 66
+1 66 0 66
+1 66 0 66
+1 66 0 66
+4 66
+1 66
+3 66 0 66 0 0 3
+1 66 0 66
+2 66 0 66
+1 66 0 66
+1 66 0 66 1 0 0 1
+1 66 0 66
+1 66 0 66
+1 66 0 66
+2 66 0 2244 0 0 17
+7 66 66
+1 66 66
+1 66 0 66 0 0 1
cfi=(187) ./elf/./elf/dl-runtime.c
cfn=(644) _dl_fixup
calls=66 -84 
* 52639 14836 5135 27 647 28 8 154 1 7622 413 9 8
+1 66
+5 66
+1 66
+1 66 2376
+2 66 66 0 1 0 0 1
+1 66 66
+1 66 66
+1 66 66
+1 66 66
+1 66 66
+1 66 66
+2 66
+2 66 66
+4 66
+2 66 0 0 0 0 0 0 0 0 0 0 66 66

fl=(42)
fn=(122)
59 2 0 0 1 0 0 1
+12 2
+1 2 0 0 0 0 0 0 0 0 2 1
+22 1
+1 1 0 0 0 0 0 0 0 0 1 1
+45 1 1 0 1 0 0 1
+1 1 1
+2 1
+1 1 0 0 0 0 0 0 0 0 1
+2 1 1
+1 1 1
+2 1
+1 1 0 0 0 0 0 0 0 0 1 1
+47 1
+1 1
+1 1
+1 1
+1 1
+1 1 1
+53 1 0 0 1 0 0 1
+2 1 1
+1 1 1
+1 1
+1 1
+1 1
+1 1 0 0 0 0 0 0 0 0 1 1
+68 1 0 0 1 0 0 1
+1 1 1
+1 1 1
+1 1
+1 1 1

fl=(163) ./elf/./elf/dl-find_object.c
fn=(534) _dlfo_process_initial
474 2 0 2
+3 2
-3 6 0 2
+1 2 2
+3 4 2 0 1 0 0 1 0 0 2
+26 14 2 0 0 1 0 0 0 0 2
+1 6 2 0 0 0 0 0 0 0 2 2
+1 14 14 0 0 1
-1 28 0 0 0 0 0 0 0 0 14 2
+3 52 12 0 1 0 0 1 0 0 26 3
+3 48 12 0 0 0 0 0 0 0 12 4
-7 10 2 0 1 0 0 1 0 0 2
+27 2
-2 2 0 2
+2 6 6
-18 36 12 0 1 1 0 1 1 0 12 3
+3 12
-1 12 0 6
cfi=(164) ./elf/./dl-find_object.h
cfn=(532) _dl_find_object_from_map
calls=6 95 
* 373 101 24 0 61 4 0 8 4 118 17
+2 24

fn=(536) _dlfo_sort_mappings
536 1 0 0 1 0 0 1
+1 2 0 0 0 0 0 0 0 0 1
+3 4 0 0 1 0 0 1
+4 1
+1 1
-1 1 1
+1 2 0 0 0 0 0 0 0 0 1
-1 4
+1 4
-1 4 4
+1 18 0 0 0 0 0 0 0 0 4
+1 75 15 0 0 0 0 0 0 0 15 10
+3 5
-1 5
-3 45 0 0 1 0 0 1 0 0 15 9
+8 15 5
+1 10 5
-1 5 5
-13 10 5
+14 15 5 10
+1 10 0 10
-15 10 0 0 0 0 0 0 0 0 5 2
+17 1 1

fn=(530) _dl_find_object_init
561 2 0 1 1 0 0 1
+3 1 1 0 0 1
-3 3 0 2
+5 2 1 0 0 0 0 0 0 0 1 1
+13 1 0 1 1 0 0 1
cfn=(534)
calls=1 474 
* 129 33 3 4 3 0 4 1 0 36 7
+1 1 1
-1 1
+1 1
fi=(28)
56 1 1 1 0 0 0 0 0 0 0 0 1 1
cfi=(27)
cfn=(78)
calls=1 -20 
* 30 7 7 0 1 0 0 0 0 3
fe=(163)
580 1 0 1
fi=(28)
56 1
fe=(163)
582 2 0 0 0 0 0 0 0 0 1
+3 2 0 0 0 0 0 0 0 0 1
+5 1 0 1 1 0 0 1
+1 1 0 1
cfn=(534)
calls=1 474 
* 526 134 33 0 61 4 0 8 4 154 24
+3 3 1 0 0 0 0 0 0 0 1 1
+10 4 4
-37 2 0 1 1 0 0 1
cfi=(164)
cfn=(532)
calls=1 95 
* 68 18 4 3 11 1 3 0 0 22 8
* 1
+29 2 0 1 1 0 0 1
cfn=(536)
calls=1 -60 
* 248 46 20 3 0 0 3 0 0 41 21
+3 6 3 1 1 0 0 1
+2 1

fl=(7)
fn=(12) __rtld_malloc_init_stubs
42 1 0 0 1 0 0 1
+1 2 0 1 1 0 1 1 0 1
+1 2 0 1
+1 2 0 1
+1 2 0 1
+1 1 1

fn=(542) lookup_malloc_symbol
61 8 0 4 1 0 0 1
+3 4
-3 12 0 8
+3 4
-3 12 0 4
+3 4
-3 4
+2 4 0 4
+1 16 4 12
cfi=(78)
cfn=(270)
calls=4 772 
* 2720 814 297 4 32 0 4 3 0 392 41 5 3
+4 28 16 0 1 0 0 1 0 0 4
+1 28 12 0 0 0 0 0 0 0 8
+2 4 0 4
fi=(166) ./elf/./dl-sym-post.h
-30 8 0 0 0 0 0 0 0 0 4
+12 12 4 0 0 0 0 0 0 0 4
fe=(7)
+19 24 20

fn=(538) __rtld_malloc_init_real
76 2 0 1 1 0 0 1
+10 1
fi=(165) ./elf/../sysdeps/generic/dl-hash.h
-41 1
-1 1
fe=(7)
+32 8 0 5
+11 1 0 1
-1 1 0 1 1 0 0 1
fi=(165)
-43 1
+5 3
+14 4
-17 3 1 0 0 1 0 0 1 0 1 1
+3 15
+14 20
-17 15 5 0 0 0 0 0 0 0 5 3
fe=(7)
+46 2
fi=(165)
-24 1
fe=(7)
+22 1 0 1
+2 2 0 0 1 0 0 1
fi=(165)
-19 1 0 1
fe=(7)
+19 1 0 1
cfn=(542)
calls=1 -30 
* 696 218 85 6 11 0 6 1 0 96 12 1 1
+1 3
-1 1
+1 1 0 1
cfn=(542)
calls=1 -31 
* 733 221 85 0 7 0 0 0 0 107 12 1
+1 3
-1 1
+1 1 0 1
cfn=(542)
calls=1 -32 
* 794 226 85 0 7 0 0 2 0 115 10 2 2
+1 3 0 0 1 0 0 1
-1 1
+1 1 0 1
cfn=(542)
calls=1 -33 
* 669 205 78 0 7 0 0 0 0 94 7 1
+5 1 0 1
+1 1 0 1
+1 1 0 1
+1 1 0 1
+1 8 7

fn=(134)
239 5 0 0 1 0 0 1
+3 10 5 0 0 1 0 0 1 0 5
+2 5 5
+1 10 0 0 0 0 0 0 0 0 5 1
+4 12 4 0 0 0 0 0 0 0 4
-2 8
+4 122
+5 348 116 0 0 0 0 0 0 0 116 4
-2 238 119 0 0 0 0 0 0 0 119 12
+6 6 0 3
+7 3 0 3
+4 6 3 0 1 0 0 1
-4 1 0 1
+4 4 2
-22 58 58
+15 58
-15 118 0 0 0 0 0 0 0 0 58 5

fl=(1) ???
fn=(0) 0x000000000001f540
0 2 0 1 1 0 1 1 0 1
cfi=(2) ./elf/./elf/rtld.c
cfn=(2) _dl_start
calls=1 517 
0 1806163 470625 160207 1074 11965 2365 1060 6973 1570 293572 13117 3984 833
0 8 1 1 1 0 0 0 0 0 1 1
cfi=(76)
cfn=(580)
calls=1 331 
0 4 1 0 1 0 0 1 0 0 1
0 10 2 1 1 1 0 1
cfi=(177) ./elf/./elf/dl-init.c
cfn=(584) _dl_init
calls=1 81 
0 93679 27623 13487 637 820 236 610 187 182 14630 944 1090 208
0 3 0 0 1 0 0 0 0 0 0 0 1 1
cob=(8)
cfi=(211)
cfn=(1306) (below main)
calls=1 0 
0 1153374855 384305338 96512948 274 6795455 6774327 235 62 5415 336587302 5435 181 85

fl=(24) ./elf/../sysdeps/nptl/dl-tls_init_tp.c
fn=(256) __tls_init_tp
68 2 0 1
fi=(250) ./elf/../include/list.h
-24 1
fe=(24)
+24 3 0 1
fi=(250)
-25 1 1 0 0 1
fe=(24)
+26 1 1
+3 1
fi=(250)
-29 1 0 1 1 0 0 1
+1 1 0 1
+1 1 0 1
+2 1 0 1
fe=(24)
+28 4 0 1
+1 2 0 1
+1 1 0 1 1 0 0 1
+5 2 1 1
+5 1
+6 1
-3 1 0 1
+3 1
-6 3 0 1
+6 1
+12 4 0 1 1 0 0 1
cfi=(11)
cfn=(28)
calls=1 387 
* 24 4 1 0 2 0 0 1 0 3 2
fi=(75) ./elf/../sysdeps/unix/sysv/linux/rseq-internal.h
-73 3 1 0 0 0 0 0 0 0 1 1
+8 1 0 1
fe=(24)
+81 3 2 1 0 1
+7 2 1 1
+1 3 3
fi=(75)
-95 7 0 0 1 0 0 1
+3 2 0 0 0 0 0 0 0 0 1 1
fe=(24)

fn=(86) rtld_mutex_dummy
42 178
+2 356 178

fn=(68) __tls_pre_init_tp
53 3 0 0 1 0 0 1
+3 8 0 2 1 0 1 1 0 1
+5 1
-5 1
+5 1 0 1
+1 1 0 1 1 0 0 1
-6 1 0 1
+8 1 1

fl=(70)
fn=(226)
25 4
+1 8 0 0 0 0 0 0 0 0 2
+1 2 2

fl=(63) ./io/../sysdeps/unix/sysv/linux/access.c
fn=(200) access
25 1
+2 7 0 1 0 0 0 0 0 0 1 1
+4 1 1

fl=(230)
fn=(1420)
26 5 0 3 1 0 0 1
+17 1
-17 6 0 4
+20 13 1 0 1 1 0 1 0 0 2 1
+3 2 1 1 0 1 0 0 0 0 0 0 1 1
cob=(2)
cfi=(231)
cfn=(1422)
calls=1 +28 
* 44 12 6 6 1 0 6 0 0 9 3
+2 1 1 0 1 1 0 1
+3 2 0 0 0 0 0 0 0 0 1
+2 5 2 0 0 0 0 0 0 0 1
+7 3 0 1
-2 1 0 1
+2 1 0 1
cfi=(48)
cfn=(570) _dl_audit_activity_nsid
calls=1 -22 
* 11 3 0 2 1 0 0 0 0 2
+5 15 1 0 1 0 0 1 0 0 2 2
+5 1 1
-5 1 0 0 1 0 0 1
+5 3 0 0 0 0 0 0 0 0 1 1
+2 14 7 0 0 2 0 0 0 0 7
+2 14 0 0 0 0 0 0 0 0 7
+2 14 0 7
+1 7 0 7 0 0 5
+1 7
+4 7 0 7 1 0 2 1
-12 21 7 0 0 2 0 0 0 0 7 3
+14 6 0 0 0 0 0 0 0 0 2
+1 4 0 0 0 0 0 0 0 0 1 1
+6 6 0 2 1 0 0 1
cfi=(13)
cfn=(232)
calls=1 298 
* 556 156 86 18 11 0 0 0 0 107 45
+9 2 1 1 0 0 0 0 0 0 0 0 1 1
cob=(2)
cfi=(232)
cfn=(1424)
calls=1 367 
* 34 8 5 4 0 0 4 0 0 8 5
+5 6 1 0 0 0 0 0 0 0 1
+2 1 1
+2 2 1 0 0 0 0 0 0 0 1 1
-2 6 6
+2 12 6 0 0 0 0 0 0 0 6 3
+2 28 0 21 1 0 0 1
cfi=(233) ./elf/./elf/dl-call_fini.c
cfn=(1426) _dl_call_fini
calls=7 -90 
* 9775 3326 1608 94 195 4 77 47 1 1408 144 100 61
+3 14 0 7
cfi=(48)
cfn=(1452) _dl_audit_objclose
calls=7 -20 
* 35 14 0 1 0 0 1 0 0 7
-9 14 14 0 1 0 0 1
+14 7 0 7
-14 21 0 0 0 0 0 0 0 0 7 3
+18 3 0 1
cfi=(48)
cfn=(570)
calls=1 -85 
* 11 3 0 0 1 0 0 0 0 2
* 2 1
+6 4 2 1 0 0 0 0 0 0 1
+2 1
-2 2 0 0 0 0 0 0 0 0 1 1
+6 2 1 0 0 0 0 0 0 0 1 1
+7 8 7
-77 2 0 1 1 0 0 1

fl=(57)
fn=(182)
47 26 0 0 1 0 0 1
+3 52 0 0 0 0 0 0 0 0 26
-3 156 0 78 0 0 1 0 0 1
+6 52 0 0 0 0 0 0 0 0 26 6
+5 156 0 0 0 0 0 0 0 0 26
+2 104 104
-7 55 5 0 1 0 0 1 0 0 14 4

fl=(55)
fn=(178)
30 6 0 0 1 0 0 1
+9 24 0 0 1 0 0 1 0 0 6 1
+33 6 6

fl=(9) ./elf/../sysdeps/unix/sysv/linux/dl-sysdep.c
fn=(568) _dl_sysdep_start_cleanup
147 1 0 0 1 0 0 1
+1 1 1

fn=(16) _dl_sysdep_start
102 5 0 2 1 0 0 1
+4 1
-4 1
+1 1 0 1
+3 1 0 1 0 0 1 0 0 1
cfn=(18) _dl_sysdep_parse_arguments
calls=1 -28 
* 567 158 98 7 18 11 7 18 11 189 26
+4 2 1 1
cfi=(11)
cfn=(22)
calls=1 261 
* 56433 10026 6 7 91 0 7 91 0 15334 1276
+3 1 0 1
cfi=(13)
cfn=(26) _dl_sort_maps_init
calls=1 289 
* 38 7 4 4 1 0 4 1 0 3 2
+2 2 0 1
cfi=(14) ./elf/../sysdeps/unix/sysv/linux/brk.c
cfn=(30) brk
calls=1 -79 
* 8 1 1 1 0 1 1 0 1 1
fi=(6)
220 1 0 1
cfi=(15)
cfn=(34) _dl_x86_init_cpu_features
calls=1 37 
* 7349 809 485 104 19 8 104 19 8 1710 239 1 1
fe=(9)
-98 3 1 0 1 0 0 1 0 0 1
+1 1 0 1
cfi=(22)
cfn=(62)
calls=1 -66 
* 17 2 0 1 1 0 1 1 0 2
* 1 0 1
+2 2 0 1
cfi=(23) ./elf/../misc/sbrk.c
cfn=(64) sbrk
calls=1 -88 
* 16 5 3 2 0 0 2 0 0 2 1
* 3 0 0 0 0 0 0 0 0 1
+12 3 1 0 0 0 0 0 0 0 1
+3 5 3 1 1 0 0 1 0 0 0 0 1 1
cfi=(2)
cfn=(66) dl_main
calls=1 1346 
* 1741025 459504 159523 913 11821 2322 901 6831 1527 276176 11517 3982 831
+3 4 4 0 1 1

fn=(18)
78 1 0 1 1 0 0 1
+2 1
-2 6 0 3
+1 1 1 0 0 1 0 0 1
+1 1 0 1
-1 1 0 1 0 0 1 0 0 1
+2 2
+2 1 1 0 1 0 0 1
-2 1 0 1 0 0 1 0 0 1
+2 2 0 0 0 0 0 0 0 0 1
-1 1
+1 2 1 0 0 0 0 0 0 0 1 1
-1 90
+1 180 90 0 0 11 0 0 11 0 90 9
+7 56 0 52 0 0 7 0 0 7 52 10
fi=(10) ./elf/../sysdeps/unix/sysv/linux/dl-parse_auxv.h
-49 1 1
fe=(9)
+45 1
fi=(10)
-54 1
fe=(9)
+54 1 0 1 1 0 1 1 0 1
fi=(10)
-54 1 0 1
+1 1 0 1
+1 1 0 1
+7 3 0 0 0 0 0 0 0 0 1
+1 44 0 0 0 0 0 0 0 0 22
+1 22 22 0 0 6 0 0 6
-2 22 0 0 1 0 0 1
+2 22 0 22
-2 67 23 0 0 0 0 0 0 0 22 6
fe=(9)
+52 3 3
+1 1 1
+1 2 2 0 1 0 0 1
fi=(10)
-49 1 1
+1 1 1
fe=(9)
+46 1
fi=(10)
-45 1 1
+3 1 1
+1 1 1
+1 1 1
+1 1 1
+2 1 1
-5 1 0 1 1 0 0 1
-4 1 0 1
+1 1 0 1
+4 1 0 1 0 0 1 0 0 1
+1 1 0 1
+3 1 0 1
-7 1 0 1
-4 1 0 1
+1 1 0 1
+8 1 0 1 1 0 0 1
fe=(9)
+40 1 0 1
-1 1 0 1
+2 1 0 1
+1 6 5

fl=(164)
fn=(532)
95 14 7 7 1 4 2 1 0 1
+1 14 7 7 1 0 0 1
+1 7 0 7 0 0 3 0 0 3
+6 35 14 0 0 6
+1 203 0 0 0 0 0 0 0 0 70 4
+1 140 70 0 1 59 0 1 8 0 70 21
+2 21 14 7 0 3
+5 7 7

fl=(37)
fn=(108)
172 6 0 3 1 0 0 1
+3 1
-3 3 0 2
+3 1
-3 5 0 4 1 0 2 1 0 2
+2 1 0 1
cfi=(38) ./elf/../sysdeps/x86_64/dl-hwcaps-subdirs.c
cfn=(110) _dl_hwcaps_subdirs_active
calls=1 29 
* 49 6 0 3 0 0 3 0 0 12 2
+1 1
fi=(40) ./elf/./dl-hwcaps.h
43 1 0 1
fe=(37)
174 1 0 1
fi=(40)
45 2 0 1
+32 1 0 1
+1 1 0 1
+1 1
fe=(37)
-27 2 0 1 1 0 0 1
cfi=(39) ./elf/./elf/dl-hwcaps_split.c
cfn=(114) _dl_hwcaps_split_masked
calls=1 -1 
* 23 8 6 2 0 1 2 0 1 1
* 2 0 0 0 0 0 0 0 0 1
fi=(40)
-9 1
+2 1 0 1
-2 1 0 1
+34 2 1 1
+1 2 1 1
+1 1 0 0 1 0 0 1
fe=(37)
-24 2 2
-1 2
+1 2
+1 2
+1 2
-5 4 0 2
cfi=(39)
cfn=(114)
calls=2 -1 
* 130 28 19 1 0 0 1 0 0 14 7
* 2 0 1
cfi=(39)
cfn=(114)
calls=1 -1 
* 125 22 15 6 1 0 6 1 0 15 4
* 6 0 0 0 0 0 0 0 0 3 2
+48 4 0 2
fi=(28)
-44 2 1 1 0 0 0 0 0 0 0 0 1 1
cfi=(27)
cfn=(78)
calls=1 -20 
* 30 7 7 0 0 0 0 0 0 3
fe=(37)
+46 2 1 0 1 0 0 1
-2 1 0 1 0 0 1 0 0 1
+2 1 0 0 0 0 0 0 0 0 1
+3 1 0 1
+3 1
fi=(40)
-65 1 0 1
+2 1 0 1
fe=(37)
+67 1 0 1
fi=(40)
-66 1
fe=(37)
+66 2 0 1 1 0 0 1
cfi=(39)
cfn=(120) _dl_hwcaps_split
calls=1 -87 
* 13 5 3 2 0 0 2 0 0 1 1
* 2 0 0 0 0 0 0 0 0 1
fi=(40)
-69 1
+2 1 0 1
-2 1 0 1
+34 2 1 1
+1 2 1 1 1 0 0 1
+1 1
fe=(37)
+48 10 4 2 0 0 1 0 0 1
+1 4 2 2
+1 2
+1 2
-1 2 0 2
-4 4 0 2
cfi=(39)
cfn=(114)
calls=2 -74 
* 130 28 19 0 0 0 0 0 0 14 7
* 2 0 1
cfi=(39)
cfn=(114)
calls=1 -74 
* 125 22 15 0 0 0 0 0 0 15 4
* 6 0 0 0 0 0 0 0 0 3 2
+8 3 1 0 1 0 0 1 0 0 1
+9 5 1 1 0 0 0 0 0 0 1
+3 8 1 5 1 0 0 1
-2 6 0 1
+14 1 0 0 0 0 0 0 0 0 1 1
+4 1 1
+1 1 1
+1 1 0 1
-20 3
+19 1 0 1
+1 1 0 1
-20 2 0 0 0 0 0 0 0 0 1 1
+8 2 2 0 1 0 0 1
+4 2 2
-4 3
+4 2 0 1 1 0 0 1
cfi=(42)
cfn=(122)
calls=1 -96 
* 19 5 0 2 0 0 2 0 0 4 2
+1 3 1 0 0 0 0 0 0 0 1 1
-14 8 6 0 0 0 0 0 0 0 1
+47 1 1
-4 2 0 1 1 0 0 1
+4 2 0 1 0 0 1 0 0 1
-3 1
+7 1 1
-7 2
+7 1
fi=(28)
56 1 1 1 0 0 0 0 0 0 0 0 1 1
cfi=(27)
cfn=(78)
calls=1 -20 
* 30 7 7 0 0 0 0 0 0 3
* 1
fe=(37)
194 2 0 0 0 0 0 0 0 0 1
+8 1 1
fi=(40)
43 1 0 1 1 0 0 1
fe=(37)
201 1
80 1
fi=(40)
-35 1 0 1
fe=(37)
+35 1
202 1 1
fi=(40)
77 1 0 1
+1 1 0 1
fe=(37)
202 3 0 1
fi=(40)
79 1 0 0 1 0 0 1
fe=(37)
-2 2 0 1 1 0 0 1
cfi=(39)
cfn=(114)
calls=1 -26 
* 23 8 6 0 0 0 0 0 0 1
* 2 0 0 0 0 0 0 0 0 1
fi=(40)
-34 1
+2 1 0 1
fe=(37)
+35 2
fi=(40)
-37 1 0 1
+34 2 1 1
+1 2 1 1
+1 3 0 2
fe=(37)
+1 4 2
+7 2
-7 8 2 6 0 0 1 0 0 1
cfi=(29)
cfn=(126)
calls=2 197 
* 26 6 4 1 0 0 1 0 0 4 4
+4 2 0 2
+2 2 2
+2 2
-2 4 0 2
-9 4 0 2
cfi=(39)
cfn=(114)
calls=2 -26 
* 130 28 19 0 0 0 0 0 0 14 4
* 2 0 1 1 0 0 1
cfi=(39)
cfn=(114)
calls=1 -26 
* 125 22 15 0 0 0 0 0 0 15 2
* 6 0 0 0 0 0 0 0 0 3 2
213 2 2 0 1 0 0 1
-5 1 0 1
+1 1 0 1
-1 1 1
+5 1 0 1
+3 9 7

fl=(168) ./elf/./elf/dl-lookup-direct.c
fn=(548) _dl_lookup_direct
74 30 0 18 1 0 0 1
+2 3 3
-2 6 0 6 1 0 0 1
+4 3 3
-4 3 0 3
+2 3 0 0 0 0 0 0 0 0 3 1
+2 9
+37 3
-37 9 6 0 0 2
+1 6 0 0 0 0 0 0 0 0 3
+2 12 3 3 1 0 0 1
+3 25 5 0 0 3 0 0 1 0 5 2
+2 6 3
-54 3
+54 3
-54 3 3
+54 3
-54 9 6 0 0 0 0 0 0 0 3 3
+1 9 0 0 1 0 0 1
+2 6 3 0 0 3 0 0 3
+1 6 3 0 0 0 0 0 0 0 3
+12 9 3 3 0 0 0 0 0 0 3
+3 3 3
+2 6 3 3
-2 3 3
+2 9 3 3 1 0 0 1
cfi=(32)
cfn=(94)
calls=3 +45 
* 209 28 0 0 7 0 0 7 0 22 5 3 3
* 6 0 0 0 0 0 0 0 0 3
+4 6 6
+1 3 3
-1 3 3 0 0 2
+1 18 6 0 0 1 0 0 0 0 3
+1 9 6 3
cfi=(32)
cfn=(94)
calls=3 +39 
* 198 27 0 0 2 0 0 1 0 21 3 3 3
* 6 0 0 0 0 0 0 0 0 3
+57 27 21
-23 6 0 0 2 0 0 2 0 0 2 2

fl=(16) ./elf/../sysdeps/x86/cpu-features.c
fn=(42) update_active.constprop.0
72 8 0 6 2 0 0 2
+4 1 1
+10 1 1
+9 1 1
+9 1 1
-19 1
-1 1
+29 1 1
-4 1
-24 1
+9 1
+9 1
+9 1
-28 2 1 0 1 0 0 1
+25 1
-15 1
-9 1
+9 1 1
+9 1
+9 1
-3 1
+7 1
-13 1 1
+9 1 1
+4 2 1 0 1 0 0 1
-22 1 0 1
+22 2 0 2 0 0 1 0 0 1
-13 1 0 1
+6 1 0 1
+3 1 0 1
+5 1 1
+12 1 1
-8 1
-4 1 0 1 1 0 0 1
+7 1 1
-3 4 1 2
+1 1 1
+2 1 0 1
-2 2 0 1
+1 3 1 1 1 0 0 1
+5 1
+2 1 1 0 0 1 0 0 1
-2 4 1 1
+1 1
+1 1
-1 2 1
+1 1 0 1
-1 1 0 1 1 0 0 1
+3 2 0 0 0 0 0 0 0 0 1
+1 4 0 1
+14 2 0 0 0 0 0 0 0 0 1 1
356 2 0 0 0 0 0 0 0 0 1 1
+4 3 1 0 1 0 0 1 0 0 1 1
fi=(18) ./elf/../sysdeps/unix/sysv/linux/x86/dl-hwcap2.h
25 2 1 0 0 0 0 0 0 0 1 1
fi=(19) ./elf/../sysdeps/x86/get-isa-level.h
+5 1
-2 1
+2 3 0 0 0 0 0 0 0 0 1 1
fe=(16)
369 1 0 1
+1 8 7
151 2 0 1 1 0 0 1
+1 2 0 1
-1 5 0 3 1 0 0 1
+1 2
+2 3 0 0 0 0 0 0 0 0 1 1
+90 1 1
+1 1 1
-1 2 0 0 0 0 0 0 0 0 1 1
+17 4 0 0 1 0 0 1 0 0 1
+16 2 0 0 0 0 0 0 0 0 1 1
+5 1 1 0 1 0 0 1
-1 2 0 1
+4 4 1 1
+4 2 0 0 0 0 0 0 0 0 1
+4 3 0 0 1 0 0 1
+1 2 0 0 0 0 0 0 0 0 1
+3 1
-1 1
+9 1
-5 1
+2 1 0 1
-2 1 0 1
+5 1 0 0 0 0 0 0 0 0 1 1
+51 1 0 0 1 0 0 1
fi=(19)
31 1 1
fe=(16)
356 2
fi=(19)
32 3 0 0 0 0 0 0 0 0 1
+4 3 0 0 0 0 0 0 0 0 1 1
fe=(16)
158 4 0 1 1 0 0 1 0 0 1
+3 1
+3 2 0 0 0 0 0 0 0 0 1 1
+14 1 1
+2 1 1
+10 3 0 1
-12 1 0 0 1 0 0 1
+12 1 0 1
-12 1
+2 2
-2 1 0 1
+2 1
+8 1 1
-8 1 0 1
+6 3
+2 1 1
-2 1 0 1
+2 3 0 1 1 0 0 1
+7 5 0 1 0 0 0 0 0 0 1 1
fi=(19)
39 2 0 0 1 0 0 1 0 0 1
+1 4 1 0 1 0 0 1 0 0 1
-2 1
+7 4 0 0 0 0 0 0 0 0 1
+2 1
+1 2 0 0 0 0 0 0 0 0 1
+3 5 1 0 1 0 0 1 0 0 1
+2 4 0 0 0 0 0 0 0 0 1
+1 2 0 0 0 0 0 0 0 0 1
+1 2 0 0 0 0 0 0 0 0 1
+3 1
-1 1
+1 3 0 0 0 0 0 0 0 0 1 1
fe=(16)
171 1 0 1 1 0 1 1 0 1
-5 2 0 1
+4 1

fn=(36) init_cpu_features.constprop.0
682 1 0 1 1 0 0 1
+17 1
-17 7 0 5
+3 1 0 1
+1 1 0 1 1 0 0 1
+1 1 0 1
+3 1 0 1 0 0 1 0 0 1
+9 2 0 1
+3 6 0 0 1 0 0 1 0 0 3 1
1001 3 1 0 1 0 0 1 0 0 1
+1 2 0 1
+3 2 0 0 0 0 0 0 0 0 1
+1 2 0 1
+6 1 0 1
+1 1 0 1
+1 1 0 1
+1 1 0 1 1 0 0 1
fi=(20) ./elf/../sysdeps/x86/dl-cacheinfo.h
792 1 0 1
+1 1 0 1
+2 1 0 1
+14 2 0 0 0 0 0 0 0 0 1 1
+85 1 1 0 1 0 0 1
+1 1 1
+15 1
-5 1 0 1
+5 1
-10 1 0 1 0 0 1 0 0 1
-6 1 0 1 0 0 1 0 0 1
+2 1 1
+14 1
-15 1 0 1
+2 1 1 0 1 0 0 1
-1 1 0 1
+2 1 1
-1 1 0 1
+2 1 1
-1 1 0 1
+1 1 0 1
+2 1 0 1
+1 1 0 1
+1 1 0 1 1 0 0 1
+1 1 0 1
+35 2 0 0 0 0 0 0 0 0 1
-15 3 1
+8 2
+27 6 0 0 1 0 0 1
+9 2 0 0 0 0 0 0 0 0 1 1
+19 2 1
+8 6 0 1 1 0 0 1
cfi=(11)
cfn=(28)
calls=1 387 
* 23 4 1 0 1 0 0 1 0 3 1
* 1 1
+2 2 0 0 0 0 0 0 0 0 1 1
+3 4 0 1
cfi=(11)
cfn=(28)
calls=1 387 
* 23 4 1 0 1 0 0 1 0 3 1
* 1 1
+2 2 0 0 0 0 0 0 0 0 1 1
+3 4 0 1 1 0 0 1
cfi=(11)
cfn=(28)
calls=1 387 
* 23 4 1 0 1 0 0 1 0 3 1
* 1 1
+1 5 0 1 0 0 0 0 0 0 1
+16 2 0 1 1 0 0 1
-12 5 0 2
cfi=(11)
cfn=(28)
calls=1 387 
* 23 4 1 0 1 0 0 1 0 3 1
* 1 1
+1 3 1 0 0 0 0 0 0 0 1 1
+6 3 0 1
+3 1 0 0 1 0 0 1
-3 2 0 1
cfi=(11)
cfn=(28)
calls=1 387 
* 23 4 1 0 1 0 0 1 0 3 1
* 1 1
+3 5 1 1
-3 1 0 1
+3 5 1 4 1 0 0 1
cfi=(11)
cfn=(58)
calls=1 153 
* 62 9 6 5 0 0 5 0 0 9 4
+1 10 2 5 1 0 0 1
cfi=(11)
cfn=(58)
calls=1 153 
* 62 9 6 0 0 0 0 0 0 9 4
+1 11 2 5 1 0 0 1
cfi=(11)
cfn=(58)
calls=1 153 
* 62 9 6 0 0 0 0 0 0 9 1
+3 10 1 5
cfi=(11)
cfn=(58)
calls=1 153 
* 62 9 6 0 0 0 0 0 0 9
+2 10 1 5 1 0 0 1
cfi=(11)
cfn=(58)
calls=1 153 
* 62 9 6 0 0 0 0 0 0 9
+13 1 1
+2 1 1
fe=(16)
-23 1
fi=(20)
+21 1 1
+3 1 1 0 1 0 0 1
fe=(16)
-24 1
fi=(20)
+26 1 0 1
-5 1 1
+2 1 0 1
-2 1
+3 1 0 1
fe=(16)
-24 1
fi=(20)
+25 1 0 1
+3 1 0 1
-1 1 0 1 1 0 0 1
fe=(16)
-27 1 0 1
cfi=(11)
cfn=(28)
calls=1 387 
* 22 3 1 1 1 0 1 1 0 2 2
+3 4 0 1
cfi=(11)
cfn=(28)
calls=1 387 
* 24 4 1 0 1 0 0 1 0 3 2
+6 3 1 0 0 0 0 0 0 0 1 1
+54 1 1 0 1 0 0 1
-1 1 0 1
+1 1 0 0 0 0 0 0 0 0 1 1
+45 4 0 1
cfi=(11)
cfn=(28)
calls=1 387 
* 22 3 1 0 1 0 0 1 0 2 2
+2 4 0 1
cfi=(11)
cfn=(28)
calls=1 387 
* 22 3 1 0 1 0 0 1 0 2 2
+6 4 0 1
cfi=(11)
cfn=(28)
calls=1 387 
* 24 4 1 0 1 0 0 1 0 3 2
+7 8 7
fi=(20)
974 12 0 0 2 0 0 2
fe=(16)
+68 1 1
-1 2
+1 3 0 0 1 0 0 1 0 0 1 1
+44 3 1 0 0 0 0 0 0 0 1 1
+27 2 0 1
-10 2 0 0 1 0 0 1 0 0 1
+1 2 0 0 0 0 0 0 0 0 1
+2 3 0 0 0 0 0 0 0 0 1
+1 2 1 0 0 0 0 0 0 0 1
+2 3 0 0 0 0 0 0 0 0 1
+1 2
fi=(20)
811 2 0 1 1 0 0 1
cfn=(50) handle_intel.constprop.0
calls=1 255 
* 455 49 19 13 6 0 13 6 0 116 24
+1 1
-1 1 0 1
+1 1 0 1 1 0 0 1
cfn=(50)
calls=1 255 
* 503 49 19 0 0 0 0 0 0 128 24
+1 1
-1 1
+1 1 0 1
cfn=(50)
calls=1 255 
* 530 49 19 0 0 0 0 0 0 136 20
+4 1
-4 1 0 1
+1 2 0 2
+3 1 0 1
cfn=(50)
calls=1 255 
* 476 49 19 0 0 0 0 0 0 120 11
+2 1
-2 1 0 1
+2 1 0 1
cfn=(50)
calls=1 255 
* 468 49 19 1 0 0 1 0 0 122 9
+3 1
-3 1 0 1 1 0 0 1
+1 2 1 1
+2 1 0 1
cfn=(50)
calls=1 255 
* 446 49 19 0 0 0 0 0 0 117 11
+2 1
-2 1 0 1
+2 1 0 1
cfn=(50)
calls=1 255 
* 447 49 19 0 0 0 0 0 0 118 9
+3 1
-2 1 0 1
-1 1 0 1
+3 1 0 1
cfn=(50)
calls=1 255 
* 494 49 19 0 0 0 0 0 0 129 15
+2 1 0 0 1 0 0 1
-2 1 0 1
+2 1 0 1
cfn=(50)
calls=1 255 
* 495 49 19 0 0 0 0 0 0 130 9
+1 1 1
+2 1
-3 1 0 1
+1 1 0 1
+2 1 0 1
cfn=(50)
calls=1 255 
* 521 49 19 0 0 0 0 0 0 137 12
+2 1
-2 1 0 1
+2 1 0 1
cfn=(50)
calls=1 255 
* 522 49 19 0 0 0 0 0 0 138 10
+2 1 0 0 1 0 0 1
-2 1
+2 1 0 1
cfn=(50)
calls=1 255 
* 523 49 19 0 0 0 0 0 0 137 18
+2 4 1
-2 1 0 1
+2 1 0 1
cfn=(56) get_common_cache_info.constprop.0
calls=1 571 
* 223 25 21 14 0 0 14 0 0 40 13
+93 1 1
-6 3 3 0 1 0 0 1
+6 1
-6 2 1 1
+6 2
-6 2 1 1
+6 2 1
-1 2
fe=(16)
708 6 0 1 2 0 0 2
cfn=(38) get_common_indices.constprop.0
calls=1 398 
* 74 10 23 6 0 3 6 0 3 8 1
376 3
+1 2 0 0 0 0 0 0 0 0 1
+1 6 0 4
+5 2 0 0 1 0 0 1 0 0 1 1
713 1 0 1
cfn=(42)
calls=1 72 
* 222 39 42 21 1 2 21 1 2 27 13
+2 1 1
+2 1 1
1015 1 1
715 2 0 0 0 0 0 0 0 0 1 1
878 2 1 0 1 0 0 1 0 0 1
+7 2 1 0 0 0 0 0 0 0 1
+2 2 0 1
+4 2 0 0 0 0 0 0 0 0 1
+6 2 1 0 0 0 0 0 0 0 1 1
+2 1 0 0 1 0 0 1
706 2 0 1
-3 1
384 6 0 4 1 0 0 1
+5 2 0 0 0 0 0 0 0 0 1
+1 7 0 4 1 0 0 1
717 1 1 0 1 0 0 1
fi=(20)
987 1 1
-48 1 1
fe=(16)
717 1
fi=(20)
987 2 0 1
fe=(16)
717 6 1 1 1 1 0 1 1 0 1
+4 7 1 0 0 1 0 0 1 0 1 0 1 1
+78 1 0 1 1 0 0 1
-25 3 2 0 0 0 0 0 0 0 1 1
+92 2 0 0 0 0 0 0 0 0 1
+3 2 0 1
fi=(20)
+38 1 1
fe=(16)
-37 1 0 0 1 0 0 1
-89 2 0 1 1 0 0 1
+51 2 0 0 0 0 0 0 0 0 1 1

fn=(38)
398 3 0 2 1 0 0 1
+4 4 0 0 0 0 0 0 0 0 1
+3 3 0 1
+5 2
-5 1 0 1
+5 1
-5 1 0 1
+4 1 0 1
+1 1 0 1
+1 4 0 1 1 0 0 1
+1 4 0 1
+1 3 0 1
+1 2 1 0 0 0 0 0 0 0 1
+7 2 1 0 0 0 0 0 0 0 1
+2 5
+5 1 0 0 1 0 0 1
-5 1 0 1 0 0 1 0 0 1
+5 1
-5 1 0 1
+5 1
-5 2 0 2
+5 1
+7 1 1
-7 4 0 4 1 0 1 1 0 1
+7 1 0 0 0 0 0 0 0 0 1
+1 3
+6 1 1
-6 4 0 4 0 0 1 0 0 1
+6 1 0 0 0 0 0 0 0 0 1 1
fi=(17) ./elf/../sysdeps/unix/sysv/linux/x86/dl-minsigstacksize.h
24 2 1 0 2 0 0 2 0 0 1
+3 2 1 0 0 0 0 0 0 0 1
+1 2 1 0 0 0 0 0 0 0 1
+37 3
+7 1
+2 1 0 1
fe=(16)
457 3 3

fl=(66) ./io/../sysdeps/unix/sysv/linux/fstatat64.c
fn=(212) fstatat
146 18
-55 18
+70 21 0 0 0 0 0 0 0 0 9 6
+1 3 3
-2 12 0 6 1 0 0 1
+1 12 6

fl=(14)
fn=(30)
36 1 0 0 1 0 0 1
fi=(251) ./elf/../sysdeps/unix/sysv/linux/brk_call.h
-12 2
fe=(14)
+13 1 0 1 0 0 1 0 0 1
+1 2 0 0 0 0 0 0 0 0 1
+6 1
+1 1 1

fl=(43)
fn=(130)
132 12 0 0 1 0 0 1
+1 60
+5 12
+1 12 0 0 0 0 0 0 0 0 12 7
+3 5
+1 5 0 0 0 0 0 0 0 0 5 2
+2 1 0 1 0 0 1 0 0 1
+1 1 0 1
+1 1 1 0 1
+97 4 0 4 1 0 3 1 0 3
+1 4 0 4
+12 4
+3 4
+1 4 0 0 0 0 0 0 0 0 4
+12 4 0 4 0 0 2 0 0 2
+1 4 0 4 0 0 2 0 0 2
+13 4
+1 4
+2 4 0 0 0 0 0 0 0 0 4 1
+3 3
+3 6
+3 3 0 3
+1 3 0 3
+1 3 0 3 0 0 1 0 0 1
+1 3 0 3 0 0 1 0 0 1
+1 3
+1 3
+1 3 0 0 0 0 0 0 0 0 3 2
-6 90 0 90 0 0 34 0 0 34
+1 90 0 90
+1 90 0 90 0 0 51 0 0 51
+1 90 0 90 0 0 5 0 0 5
+1 90
+1 90
+1 90 0 0 0 0 0 0 0 0 90 16
+3 4 0 4 0 0 1 0 0 1
+1 4 0 4
+1 4 0 4
+1 4 0 4
+5 4 4
+34 7 0 0 1 0 0 1
+2 7
+1 7 0 0 0 0 0 0 0 0 7 6
+39 7 0 7 1 0 2 1 0 2
+1 7 0 7 0 0 1 0 0 1
+2 7 7

fl=(54)
fn=(174)
25 5 0 0 1 0 0 1
+1 20 0 0 0 0 0 0 0 0 5
+1 5 5

fl=(49) ./string/../string/strcspn.c
fn=(156) strcspn
32 6 0 2 1 0 0 1
+1 3 1 0 0 1 0 0 1 0 1
+1 2 1 0 0 0 0 0 0 0 1
+5 6 0 4 0 0 2 0 0 2
+1 4 0 4 1 0 1 1 0 1
+1 4 0 4 0 0 1 0 0 1
+1 4 0 4
+2 1
+3 3 1 1 1 0 0 1
+1 2 0 0 0 0 0 0 0 0 1 1
-1 6 2 2
+1 4 0 0 0 0 0 0 0 0 2 1
+3 4 2 0 0 0 0 0 0 0 1
+1 4 2 0 0 0 0 0 0 0 1
+1 4 2 0 1 0 0 1 0 0 1
+1 4 2 0 0 0 0 0 0 0 1
+2 3
+6 1 1
-1 1
+1 1 1
+2 2 2
-1 2 2 0 1 0 0 1
+2 1 1
+2 6 1 0 0 0 0 0 0 0 1 1
-5 12 12 0 0 1 0 0 1
-1 12
+1 12 12
+2 24 24
-1 24 24
+2 12 12
+2 72 12 0 0 0 0 0 0 0 12 9
+2 1
+1 4 0 0 0 0 0 0 0 0 1
+1 3 3

fl=(58) ./misc/../sysdeps/unix/sysv/linux/setvmaname.c
fn=(184) __set_vma_name
33 3 0 0 1 0 0 1
+2 11 5 0 0 0 0 0 0 0 3 1
-2 4 0 2
+7 1
-7 2 0 1
+7 1
-7 2 0 1
+7 1
-7 1 0 0 1 0 0 1
+7 1 0 1 0 0 1 0 0 1
cfi=(11)
cfn=(28)
calls=1 387 
* 24 4 1 0 0 0 0 0 0 3 2
* 3 1 0 0 0 0 0 0 0 1 1
+7 1 0 1 1 0 0 1
+2 6 5

fl=(29)
fn=(82)
210 35 0 0 2 0 0 1
+1 35
+6 35
+1 35 0 0 0 0 0 0 0 0 35 9
+2 26 26 0 0 1
+1 26
+1 26 0 0 0 0 0 0 0 0 26 15
+2 13 13
+1 13 0 13 0 0 1 0 0 1
+1 13 0 13 0 0 2 0 0 2
+2 13 13
+80 9 0 0 1 0 0 1
+1 9 0 0 0 0 0 0 0 0 9 4
+2 2
+4 2 0 0 0 0 0 0 0 0 2
+1 2
+1 2 0 0 0 0 0 0 0 0 2 1
+1 2 2 0 0 2 0 0 2
+1 2 0 0 0 0 0 0 0 0 2 2
+4 2 0 2 0 0 1 0 0 1
+2 2 2
+39 7 7
+1 7 7
+1 7 0 7 0 0 5 0 0 5
+1 7 0 7 0 0 1 0 0 1
+1 7 7
+7 13 13
+1 13 13
+1 13 0 13 0 0 3 0 0 3
+1 13 0 13
+1 13 0 13 0 0 4 0 0 4
+1 13 0 13
+1 13 13
+11 13 0 0 1
+1 13 0 0 0 0 0 0 0 0 13 1
+2 13 13
+1 13 0 0 2 0 0 1
+1 13 0 0 0 0 0 0 0 0 13 10

fn=(126)
197 90
+1 90
+1 90
+1 90
+17 90
+1 90 0 0 0 0 0 0 0 0 90 36
+2 30 30 0 0 1
+1 30
+1 30 0 0 0 0 0 0 0 0 30 5
+2 27 27
+1 27 0 27 0 0 3 0 0 3
+1 27 0 27
+2 27 27
+80 60 0 0 1
+1 60 0 0 0 0 0 0 0 0 60 11
+2 23
+4 23 0 0 0 0 0 0 0 0 23
+1 23
+1 23 0 0 0 0 0 0 0 0 23 13
+8 23 23
+39 37 37 0 1 0 0 1
+1 37 37
+1 37 0 37 0 0 1 0 0 1
+1 37 0 37
+1 37 37
+7 3 3
+1 3 3
+1 3 0 3 0 0 1 0 0 1
+1 3 0 3 0 0 1 0 0 1
+1 3 0 3 0 0 1 0 0 1
+1 3 0 3
+1 3 3
+11 3
+1 3 0 0 0 0 0 0 0 0 3
+2 3 3
+1 3
+1 3 0 0 0 0 0 0 0 0 3 1

fl=(13)
fn=(234) dfs_traversal.part.0
135 108 0 60 2 0 0 1
+10 12 12 0 0 3
-2 12 0 12
+2 24 0 0 0 0 0 0 0 0 12 3
+2 36 9 0 0 5 0 0 0 0 9
-7 62 31 0 0 0 0 0 0 0 31 4
+7 116 29 0 0 1 0 0 0 0 29 16
+9 24 0 0 2 0 0 1 0 0 12 5
+15 36 12 12
+1 12 0 12
+1 78 72 2 1 0 0 1
cfn=(235) dfs_traversal.part.0'2
calls=2 -38 
* 85 27 16 0 1 0 0 0 0 15 5
-26 10 4 0 0 0 0 0 0 0 2 2
+9 18 6 0 1 0 0 0 0 0 6 5

fn=(235)
135 18 0 10
+10 2 2
-2 2 0 2
+2 4 0 0 0 0 0 0 0 0 2
+2 8 2 0 0 1 0 0 0 0 2
-7 8 4 0 0 0 0 0 0 0 4
+7 16 4 0 0 0 0 0 0 0 4 2
+9 4 0 0 0 0 0 0 0 0 2 2
+15 6 2 2
+1 2 0 2
+1 12 12
-17 3 1 0 0 0 0 0 0 0 1 1

fn=(26)
289 2 0 1 1 0 0 1
+1 2
-1 2 0 0 1 0 0 1
+1 2 0 1
cfi=(11)
cfn=(28)
calls=1 +97 
* 24 4 1 2 1 0 2 1 0 3 2
+2 3 1
-1 1 0 1
+2 2 2

fn=(232)
298 24 0 12 1
+8 2 2 0 2 2 0 1
-8 2 0 2
+8 4 0 0 0 0 0 0 0 0 2 2
+4 16 14 0 4 0 0 2
-99 2 0 0 2 0 0 1
-28 2
-2 2 0 2
+1 4 2
+29 2
-28 8 0 0 0 0 0 0 0 0 2
+1 2 2 0 2 0 0 1
-1 2
+1 2 0 2
-1 4 0 0 0 0 0 0 0 0 2 2
+1 12 12
-1 12
+1 12 0 12
-1 24 0 0 0 0 0 0 0 0 12 10
+28 30 0 2 2 0 0 1 0 0 4 2
+8 6
-3 2
+2 2 0 2
+1 4
-3 2 0 2
+5 44 0 0 2 0 0 1 0 0 12
+2 14 14
-83 64 14 12 0 0 0 0 0 0 14 2
cfn=(234)
calls=12 -5 
* 633 202 114 6 10 0 3 0 0 116 40
+86 40 12 0 0 0 0 0 0 0 14 13
+18 8 2 0 2 0 0 1 0 0 2 2
+32 8 2 0 2 0 0 1 0 0 4 2
+7 2 2 0 2 0 0 1
+27 2
-47 6 0 2 2 0 0 1
cfi=(29)
cfn=(82)
calls=2 -53 
* 38 10 8 3 0 0 0 0 0 8 6
* 2

fl=(45)
fn=(150) _dl_debug_state
116 2 0 0 1 0 0 1
+1 2 2

fn=(196)
38 6
+3 6
-1 12 0 0 0 0 0 0 0 0 6 6
+4 12 6 0 2 1 0 1 0 0 6
+4 6 6

fn=(144) _dl_debug_initialize
56 3 0 0 1 0 0 1
+3 2 0 0 0 0 0 0 0 0 1
+4 1 1 0 0 1 0 0 1
+22 1 1
+10 1 1
-32 2 0 0 0 0 0 0 0 0 1
+1 1 0 1
+21 2 0 0 0 0 0 0 0 0 1 1
+5 2 1 0 1 1 0 1 1
+1 1
+4 1 1
-4 1 0 1
-1 1 0 1
+2 1 0 1
+3 1 0 0 0 0 0 0 0 0 1 1
+4 2 0 0 0 0 0 0 0 0 1 1
+8 2 1
-50 1 0 0 1 0 0 1
+4 2
+35 6 1 1 1 0 0 1

fl=(73) ./elf/./elf/dl-version.c
fn=(240) _dl_check_all_versions
392 7 0 5 1 0 0 1
+4 5 0 0 0 0 0 0 0 0 1
-2 1
+4 42 7 7 1 0 1 1 0 0 7 7
cfn=(242) _dl_check_map_versions
calls=7 155 
* 24840 7495 1550 46 129 77 45 120 73 5001 404 87 45
-2 7 7
+2 21
-1 7
-1 14 0 0 0 0 0 0 0 0 7 6
+5 7 6

fn=(242)
155 70 0 42 1
+15 21 7 0 0 0 0 0 0 0 7
+2 35 14 0 1 1 0 1 0 0 7
+2 7 7 0 0 2
+1 7 7 0 0 1
+2 14 0 0 0 0 0 0 0 0 7 2
+3 10 10 0 0 1
-16 10 0 5
+20 5 5 0 0 5 0 0 5
-4 5 0 0 1 0 0 1
-24 5 0 5
+28 35 0 25 0 0 0 0 0 0 5
+16 10 10 0 1 0 0 1
36 5
200 5
36 35 10 0 0 0 0 0 0 0 5 4
200 14 14 0 0 1 0 0 1
36 7
200 7
36 49 14 0 0 0 0 0 0 0 7 4
+1 53 53
-1 106 0 0 0 0 0 0 0 0 53
+2 195 0 65 1 0 0 1
cfi=(52)
cfn=(168)
calls=65 +30 
* 6517 1411 329 0 0 0 0 0 0 820 103 59 29
* 142 0 0 0 0 0 0 0 0 65 6
208 36 12 0 0 0 0 0 0 0 12
+5 12 12 0 0 2 0 0 2
fi=(252) ./elf/../sysdeps/generic/_itoa.h
76 36 12 24
fe=(73)
213 24
+4 24 24 0 1 2 0 1 2
+1 24 24
-1 24 0 12
+4 12 12
-3 12 12
+3 12 0 12
-3 36 24 0 0 0 0 0 0 0 12 7
-1 78 78 0 0 11 0 0 11
+1 78 78
-1 78 0 39
+4 39 39
-3 39 39
+3 39 0 39
-3 177 102 0 1 0 0 1 0 0 39 7
56 204 153 0 0 0 0 0 0 0 51 22
+8 153 51 0 0 0 0 0 0 0 51
+6 153 51 0 1 1 0 1 0 0 51
+16 51 51 0 0 1
+1 102 0 0 0 0 0 0 0 0 51
+2 51 51
+5 357 51 153 0 5 0 0 5 0 51
+14 1830 915 0 0 13 0 0 13 0 915 54
+12 2592 864 0 1 13 0 1 13 0 864
+4 864
-30 1728 864 0 0 28 0 0 28 0 864 5
231 204 51
+3 153 51 0 0 0 0 0 0 0 51 16
+5 39
-24 39
110 51 51 0 1 1 0 1 1
+3 255 102 102 1 0 0 1
cfi=(32)
cfn=(94)
calls=51 -15 
* 1952 386 0 16 23 0 16 23 0 221 50 15 14
* 153 51 0 0 0 0 0 0 0 51 1
224 153 102 0 0 0 0 0 0 0 51 8
+1 3 1 1
cfi=(32)
cfn=(94)
calls=1 98 
* 71 9 0 2 1 0 2 1 0 7 3 1 1
* 2 0 0 0 0 0 0 0 0 1
+3 26 12 13 1 0 0 1
+15 36 12 0 0 0 0 0 0 0 12 6
+5 7
-50 7
+59 25 15 0 2 0 0 2 0 0 5 1
+3 10 10
+3 35 10 5
+3 20 5 0 0 0 0 0 0 0 5
+4 5
-7 20 5
+3 15 5 0 0 0 0 0 0 0 5 3
+4 124
-7 496 124 0 0 10 0 0 10
+3 377 124 5 0 4 0 0 4 0 124 22
+8 15 5 0 0 0 0 0 0 0 5
+6 12 6 6 1 0 0 1
fi=(28)
44 6
fe=(73)
280 12
fi=(28)
44 6 6 6 0 0 0 0 0 0 0 0 6 1
cfi=(27)
cfn=(74) __minimal_calloc
calls=6 +36 
* 301 56 48 0 0 0 0 0 0 31 6 6
fe=(73)
281 12 6
-2 6 0 6 0 0 2
fi=(28)
44 6 0 0 1 0 0 1
fe=(73)
281 6 0 0 0 0 0 0 0 0 6
+13 6 6 0 0 1
-3 6 0 6
+3 24 12 6 0 1 2 0 0 0 6
+2 12 0 0 0 0 0 0 0 0 6 1
+3 20 10 0 1 0 0 1
+4 36 12
+7 51
+1 51
-1 153 51
+1 51 0 51 0 0 20 0 0 20
+1 51 51
-2 51 0 51
+2 102 0 51 0 0 2 0 0 2
+1 153 51 51 0 0 1 0 0 1
+3 153 51 0 0 0 0 0 0 0 51 15
+5 39
-15 39 39
+2 39
-2 39
+2 39
-2 39
+2 78 0 0 0 0 0 0 0 0 39 10
-2 12 12 0 1 0 0 1
+2 12
-2 12
+2 12
-2 12
+2 24 0 0 0 0 0 0 0 0 12 8
+16 36 12 0 0 0 0 0 0 0 12 3
+5 7 0 0 1 0 0 1
-28 7
+33 10 0 0 0 0 0 0 0 0 5 1
+3 10 5
+4 129 129
+6 129 129
+1 129 129
+1 129 129
-1 387
+1 129
-1 129 0 129 0 0 33 0 0 33
+1 129 0 129
+1 129 0 129 0 0 17 0 0 17
+3 387 129 0 0 0 0 0 0 0 129 5
+4 129
-14 268 134 0 0 0 0 0 0 0 134 12
+10 15 5 0 0 0 0 0 0 0 5 3
+12 10 0 0 0 0 0 0 0 0 5 1
+1 10 5 0 1 0 0 1 0 0 5
+1 10 5 0 0 0 0 0 0 0 5 4
+1 4 2 0 0 0 0 0 0 0 2 1
+19 63 56 0 1 0 0 1
164 2 0 2 1 0 0 1
-8 2 0 2
257 5 0 0 0 0 0 0 0 0 2 1
+17 3 1 0 1 0 0 1 0 0 1 1
+60 2 0 0 0 0 0 0 0 0 1
-40 2 1
+76 4 3 0 1 0 0 1 0 0 1 1
+2 4 2 0 0 0 0 0 0 0 1
+4 2
-4 120 30 0 0 0 0 0 0 0 30 1
+1 60 0 0 1 0 0 1 0 0 30 3
+2 1 1
+1 2
-1 1
+1 1 0 1
cfi=(32)
cfn=(244) strncmp
calls=1 98 
* 32 7 0 3 1 0 3 1 0 6 2
* 2 0 0 0 0 0 0 0 0 1 1

fl=(20)
fn=(50)
255 24 12 0 1 0 0 1 0 0 12
-5 12 0 12
+17 12
-17 96 0 60
+11 12 0 12
+1 12 0 12
+5 36 0 12
+4 24 0 0 0 0 0 0 0 0 12 10
+34 96 84
-29 12 0 0 1 0 0 1
+3 24
-3 12
+3 36 0 12
cfn=(52) intel_check_word.constprop.0
calls=12 123 
* 4092 408 48 6 6 0 6 6 0 1236 92
+2 24 0 0 0 0 0 0 0 0 12
+3 60 0 12 1 0 0 1
cfn=(52)
calls=12 123 
* 1272 84 48 5 0 0 5 0 0 244 58
+2 24 0 0 0 0 0 0 0 0 12 12

fn=(52)
123 48 0 0 1 0 0 1 0 0 24
-4 72 0 24
+10 24 0 0 1 0 0 1
-10 96 0 48
+10 48
-10 24 0 24
+10 24
-10 24
+10 24
+2 48 0 0 0 0 0 0 0 0 24
+71 48 24
fi=(21) ./elf/../bits/stdlib-bsearch.h
32 24
fe=(20)
202 120 24 0 1 0 0 1
-71 96 0 0 0 0 0 0 0 0 48 2
+2 60
+2 120 0 0 0 0 0 0 0 0 60
+8 120 0 0 1 0 0 1 0 0 60 2
+51 96 0 0 0 0 0 0 0 0 48 6
+22 48
fi=(21)
28 48
-1 96
+2 216 0 0 0 0 0 0 0 0 108 14
+2 168
+1 84
fe=(20)
+78 168 84 0 1 2 0 1 2 0 84
+3 324 0 0 0 0 0 0 0 0 324 41
fi=(21)
-78 264
-6 528 0 0 0 0 0 0 0 0 264 24
+2 480
+1 240
fe=(20)
+78 480 240 0 0 4 0 0 4 0 240 5
+15 12
246 144 120
fi=(21)
37 120 0 0 1 0 0 1
fe=(20)
155 36
+3 36 0 0 0 0 0 0 0 0 12
-6 12
+3 39 0 0 1 0 0 1 0 0 12 5
+9 18 0 0 0 0 0 0 0 0 9
+23 21
-32 63
+3 63 0 0 0 0 0 0 0 0 21 1
+4 58
+2 116 0 0 0 0 0 0 0 0 29 2
+3 84 0 0 0 0 0 0 0 0 22 13
+1 48 0 0 0 0 0 0 0 0 24 9
+1 48 0 0 0 0 0 0 0 0 24 8
+1 30 0 0 0 0 0 0 0 0 15 9
+2 11 0 0 1 0 0 1
+2 22 0 0 0 0 0 0 0 0 11 4
+6 14 0 0 1 0 0 1 0 0 7 3
+3 8 0 0 0 0 0 0 0 0 4
+1 12
-20 15 0 0 1 0 0 1 0 0 6 2
+12 4
+2 4
+1 4
-2 4
-1 4
+2 8
-2 4 0 0 1 0 0 1
+3 4
-2 12
+2 12
+11 2
-9 12

fn=(56)
571 11 0 6 1 0 0 1
+17 1 1
+1 1 1 0 1 0 0 1
+9 1 1
-12 1 1
+2 1 0 1
+2 1 1
+8 1 0 1
-11 1 1
+3 1 0 1
+11 2 0 0 0 0 0 0 0 0 1
-5 3 0 1
+17 1
+5 3 1 0 1 0 0 1 0 0 1
+4 2 0 0 0 0 0 0 0 0 1 1
770 5 1 0 0 0 0 0 0 0 2
+1 5 0 1
+4 2 1 0 1 0 0 1 0 0 1 1
+8 1 1
-1 1 0 1
+1 1 0 1
+1 1 0 1
+1 7 7
627 5 1 0 1 0 0 1 0 0 1 1
+3 6 0 3 0 0 0 0 0 0 1 1
-32 5 2 1 1 0 0 1
+75 4 0 0 0 0 0 0 0 0 2
+8 5
+2 2 0 0 0 0 0 0 0 0 1
-2 1
+6 3 0 0 1 0 0 1
+3 1
+1 5 1 0 0 0 0 0 0 0 2
-4 4 0 0 0 0 0 0 0 0 1
+21 2 0 0 0 0 0 0 0 0 1 1
-21 4
+2 1
+2 4 0 0 0 0 0 0 0 0 2
-4 1
+6 4 0 0 1 0 0 1 0 0 2 1
+3 2 0 0 0 0 0 0 0 0 1
+5 1
+2 2 0 0 1 0 0 1
+1 1
+1 1
-2 2
+1 1
-19 4 0 0 0 0 0 0 0 0 2 1
+46 2 0 0 0 0 0 0 0 0 1
+1 1
+1 2 0 0 0 0 0 0 0 0 1
+1 1
+25 3
630 3 0 2 1 0 0 1
+10 6 0 0 0 0 0 0 0 0 3 2
+14 2 0 0 0 0 0 0 0 0 1
+4 1
+3 1
+1 1
-4 2
+3 3 0 1
+6 4 0 0 0 0 0 0 0 0 2 1
-37 12
+7 6 0 0 0 0 0 0 0 0 3
-7 3 0 0 1 0 0 1
+7 2 0 0 0 0 0 0 0 0 1
+3 20 0 0 0 0 0 0 0 0 4 3
+5 2 0 0 1 0 0 1 0 0 1
+4 1
+1 1
-1 2
+1 1
+61 2 0 0 1 0 0 1 0 0 1
+7 1
+2 2
-16 1
+22 1
-6 2
+1 1
+5 1
-30 5 4 0 1 0 0 1

fl=(169) ./elf/./elf/dl-call-libc-early-init.c
fn=(552) _dl_call_libc_early_init
27 1 0 0 1 0 0 1
+2 2 0 0 0 0 0 0 0 0 1
-2 1 0 1
+6 3
-6 3 0 1
+6 1
-6 2 0 1
+6 1 0 1
cfi=(168)
cfn=(548)
calls=1 +41 
* 225 50 14 0 10 0 0 5 0 24 4 2 2
+4 2 0 0 0 0 0 0 0 0 1
+2 3 2 0 1 0 0 1 0 0 1
+2 1 1
-1 1
-1 1 1
+2 2 2
-1 1 0 0 0 0 0 0 0 0 0 0 1 1
cob=(2)
cfi=(170)
cfn=(554)
calls=1 -7 
* 353 75 38 15 23 5 15 7 4 30 12 8 1

fl=(177)
fn=(586) call_init.part.0
26 84 0 42 4 0 1 2
+17 7 7
+3 7 7 0 0 1
-3 14 0 7
+3 14 7 0 0 6 0 0 0 0 7 1
+5 12 6 0 0 0 0 0 0 0 6
+8 18 6 0 1 4 0 1 0 0 6 2
+1 24 8 4 0 4 0 0 0 0 0 0 4 4
cob=(4)
cfi=(175)
cfn=(630) 0x00000000048fd000
calls=1 -60 
* 7 2 0 1 1 0 1 0 0 1
cob=(4)
cfi=(175)
cfn=(618) 0x0000000004ae2000
calls=1 -60 
* 7 2 0 1 1 0 1 0 0 1 1
cob=(4)
cfi=(175)
cfn=(608) 0x0000000004d2e000
calls=1 -60 
* 7 2 0 1 1 0 1 0 0 1 1
cob=(4)
cfi=(175)
cfn=(588) 0x000000000483d000
calls=1 -60 
* 7 2 0 1 0 0 1 0 0 1
+3 6 6 0 0 5
+1 12 0 0 0 0 0 0 0 0 6 1
+6 10 10 0 0 4
+2 10 10
-2 5
+3 48 0 0 1 0 0 1 0 0 5
+1 72 18 18 0 3 0 0 0 0 0 0 18 18
cob=(7)
cfi=(185)
cfn=(1302)
calls=1 -74 
* 83 17 18 0 0 0 0 0 0 10 0 1
cob=(7)
cfi=(185)
cfn=(1296)
calls=1 -74 
* 255 53 58 2 0 2 2 0 2 30 0 3
cob=(7)
cfi=(185)
cfn=(1270)
calls=1 -74 
* 50 25 12 3 5 0 3 1 0 12 1
cob=(7)
cfi=(185)
cfn=(1244)
calls=1 -74 
* 50 25 12 3 10 0 3 1 0 12
cob=(7)
cfi=(185)
cfn=(1226)
calls=1 -74 
* 34 17 8 2 5 0 2 1 0 8
cob=(7)
cfi=(185)
cfn=(1208)
calls=1 -74 
* 34 17 8 2 5 0 2 1 0 8 1
cob=(7)
cfi=(185)
cfn=(1204)
calls=1 -74 
* 173 36 39 1 0 1 1 0 1 20 3 2
cob=(7)
cfi=(185)
cfn=(1202)
calls=1 -74 
* 83 17 18 1 0 0 1 0 0 10 2 1
cob=(7)
cfi=(185)
cfn=(1200)
calls=1 -74 
* 83 17 18 0 0 1 0 0 1 10 2 1
cob=(7)
cfi=(185)
cfn=(1198)
calls=1 -74 
* 48 11 28 6 4 6 6 4 6
cob=(7)
cfi=(185)
cfn=(1172)
calls=1 -74 
* 78 7 36 4 1 4 3 0 0 26 17
cob=(7)
cfi=(185)
cfn=(1116)
calls=1 -74 
* 4635 1068 642 96 136 48 85 54 45 831 134 33 10
cob=(7)
cfi=(185)
cfn=(1106)
calls=1 -74 
* 758 254 132 4 6 0 3 0 0 98 6 3 2
cob=(7)
cfi=(185)
cfn=(1104)
calls=1 -74 
* 3 1 1 0 0 1
cob=(7)
cfi=(185)
cfn=(1090)
calls=1 -74 
* 948 293 177 5 10 2 4 2 1 117 11 6 4
cob=(7)
cfi=(185)
cfn=(1084)
calls=1 -74 
* 12 1 0 3 0 0 3 0 0 1 1
cob=(6) /usr/lib/x86_64-linux-gnu/libgcc_s.so.1
cfi=(184) ???
cfn=(624) 0x0000000000005b10
calls=1 -74 
* 12 1 0 3 0 0 3 0 0 1 1
cob=(2)
cfi=(182)
cfn=(606)
calls=1 545 
* 12 7 0 2 4 0 2 0 0 3 2
* 20 5 5 0 3 0 0 0 0 0 0 5 5
cob=(7)
cfi=(185)
cfn=(634)
calls=1 -74 
* 85192 25529 12133 428 588 166 420 120 125 13227 692 1012 164
cob=(6)
cfi=(184)
cfn=(622) __cpu_indicator_init
calls=1 -74 
* 364 17 45 40 2 0 40 1 0 105 32
cob=(3)
cfi=(183)
cfn=(612)
calls=1 -74 
* 12 1 0 3 0 0 3 0 0 1 1
cob=(2)
cfi=(179)
cfn=(598)
calls=1 -28 
* 72 19 11 7 5 3 7 2 1 7 2 1 1
cob=(5) /usr/libexec/valgrind/vgpreload_core-amd64-linux.so
cfi=(178) ???
cfn=(592) 0x0000000000001110
calls=1 -74 
* 12 1 0 3 0 0 3 0 0 1 1
-1 69 0 0 1 0 0 0 0 0 23 12
+3 56 49 0 0 1
-29 2 0 0 1 0 0 1 0 0 1 1

fn=(584)
81 13 0 6 1 0 0 1
+1 1 1 0 0 1
+1 1 1
+3 3 1 0 0 0 0 0 0 0 1 1
+8 2 0 0 1 0 0 1 0 0 1 1
+25 1 1
+1 8 0 0 0 0 0 0 0 0 2
+1 14 14 0 1 3
-92 14 7 0 0 0 0 0 0 0 7
+6 21 7 0 1 0 0 1 0 0 7 7
+2 32 0 0 0 0 0 0 0 0 7 1
+83 12 0 6
cfn=(586)
calls=6 -94 
* 93444 27558 13463 622 810 234 597 187 182 14588 927 1088 206
* 12 0 0 1 0 0 0 0 0 6 4
+7 8 7 0 0 1
-98 2 1 0 1 0 0 1 0 0 1 1
+60 2 0 1
-54 3 1 0 0 0 0 0 0 0 1 1
+2 7 0 2 1 0 1 1 0 0 1
cfn=(586)
calls=1 -11 
* 77 23 9 8 5 1 8 0 0 8 1 2 2
* 2 1

fl=(51) ./setjmp/../sysdeps/x86_64/setjmp.S
fn=(162) __sigsetjmp
31 13 0 0 1 0 0 1
+2 13 0 13
+9 13
+1 26 13
+1 13 0 13
+4 13 0 13
+1 13 0 13
+1 13 0 13 0 0 1 0 0 1
+1 13 0 13
+1 13
+2 26 13
+2 13 0 13
+1 13 13 0 1 0 0 1
+1 13
+2 26 13
+2 13 0 13
+8 13
+3 13
+1 13 0 13
+7 13
+1 13 13

fl=(167) ./elf/../sysdeps/nptl/dl-mutex.c
fn=(546) __rtld_mutex_init
30 2 0 1 1 0 0 1
+10 3
-10 3 0 2
+10 1
-10 1 0 1
+10 1
-10 1
+7 1 1
+3 2 0 1
cfi=(168)
cfn=(548)
calls=1 +34 
* 233 53 14 7 4 0 7 3 0 27 10 2 2
+4 2 0 0 1 0 0 1 0 0 1
+1 8 3 0 0 0 0 0 0 0 2
+2 3
-2 1 0 1
+2 3 0 1
cfi=(168)
cfn=(548)
calls=1 +27 
* 223 50 14 0 6 0 0 4 0 23 2 2 2
+4 2 0 0 1 0 0 1 0 0 1
+1 7 3 1 0 0 0 0 0 0 2
+1 6 5

fl=(32)
fn=(244)
98 1
+27 1
+1 1 0 0 0 0 0 0 0 0 1 1
+1 1
+1 1 0 0 0 0 0 0 0 0 1
+1 1
+2 1
+1 1
+2 1 0 0 1 0 0 1
+1 1
+21 1
+1 1 0 0 0 0 0 0 0 0 1
+1 1
+1 1 0 0 0 0 0 0 0 0 1
+1 1 1
+1 1 1 0 0 1 0 0 1
+1 1 1
+1 1 1
+17 1
+1 1
+1 1
+1 1
+1 1
+1 1
+1 1 0 0 1 0 0 1 0 0 1 1
2104 1 0 0 1 0 0 1
+3 1
+1 1 0 0 0 0 0 0 0 0 1
+2 1 1
+1 1 1
+8 1
+1 1 1

fn=(94)
98 2279 0 0 1 0 0 1
+33 2279
+1 2279
+2 2279
+1 2279
+21 2279
+1 2279 0 0 0 0 0 0 0 0 2279 148
+1 2106
+1 2106 0 0 0 0 0 0 0 0 2106 61
+1 2033 2033 0 0 83 0 0 27
+1 2033 2033 0 1 20 0 1 11
+1 2033 2033
+1 2033 2033
+17 2033
+1 2033
+1 2033
+1 2033
+1 2033
+1 2033
+1 2033 0 0 0 0 0 0 0 0 2033 76
+5 25
+1 75
+9 25
+1 25
+1 25
+1 25
+1 25
+1 25
+1 25
+1 25 0 0 0 0 0 0 0 0 25 4
-7 246 0 0 1 0 0 1
+1 246
+1 246
+1 246
+1 246
+1 246
+1 246
+1 246 0 0 0 0 0 0 0 0 246 14
+1 191 0 0 0 0 0 0 0 0 191 69
+1 101
+1 101
+1 101
+2 101
+1 101
+1 101
+1 101 101 0 0 5
+1 101
+1 101 0 0 0 0 0 0 0 0 0 0 101 76
-5 90
+1 90
+1 90
+1 90 90 0 0 4 0 0 2
+1 90
+1 90 0 0 0 0 0 0 0 0 0 0 90 55
+10 80 80 0 3 15 0 1 3
+1 80
+1 80
+2 80 80
+6 80
+1 80
+1 80
+1 80
+1 80
+5 80 0 0 0 0 0 0 0 0 80 8
+2 71
+1 71
+1 142
+8 71 71 0 1 12 0 1 1
+1 71 71 0 0 1 0 0 1
+3 71
+1 71
+1 71
+1 71
+1 71
+1 71 0 0 0 0 0 0 0 0 71 3
+31 6 0 0 1 0 0 1
+1 6 6
+1 6 6 0 0 1 0 0 1
+1 6
+1 6
+2 6
+1 6
+1 6 0 0 1 0 0 1
+1 6
+1 6
+1 6
+1 6 0 0 0 0 0 0 0 0 6
+1 6 6
+3 6
+1 6
+1 6
+6 6
+1 6
+1 12
+4 6 0 0 1 0 0 1
+1 6 0 0 0 0 0 0 0 0 6
+3 6 6
+1 6 6
+1 6
+2 6
+1 6
+1 6
+4 6
+1 6
+1 6
+1 6
+1 6
+1 6 0 0 1 0 0 1 0 0 6 1
+75 1 0 0 1 0 0 1
+1 1 1
+1 1 1
+1 1
+1 1
+2 1
+1 1
+1 1 0 0 1 0 0 1
+1 1
+1 1
+1 1
+1 1 0 0 0 0 0 0 0 0 1
+1 1 1
+3 1
+1 1
+1 1
+6 1
+1 1
+1 2
+4 1 0 0 1 0 0 1
+1 1 0 0 0 0 0 0 0 0 1
+3 1 1
+1 1 1
+1 1
+2 1
+1 1
+1 1
+4 1
+1 1
+1 1
+1 1
+1 1
+1 1 0 0 1 0 0 1 0 0 1 1
661 1 0 0 1 0 0 1
+1 1 1
+1 1 1
+1 1
+1 1
+2 1
+1 1
+1 1 0 0 1 0 0 1
+1 1
+1 1
+1 1
+1 1 0 0 0 0 0 0 0 0 1
780 11 0 0 1 0 0 1
+1 11 11 0 0 1
+1 11 11 0 0 1
+1 11
+1 11
+2 11
+1 11
+1 11 0 0 1 0 0 1
+1 11
+1 11
+1 11
+1 11 0 0 0 0 0 0 0 0 11 4
+1 5 5
+4 5
+1 5
+1 5
+6 5
+1 5
+1 10
+4 5 0 0 1 0 0 1
+1 5 0 0 0 0 0 0 0 0 5
+3 5 5 0 0 2 0 0 1
+1 5 5 0 0 1
+1 5
+2 5
+1 5
+1 5
+4 5
+1 5
+1 5
+1 5
+1 5
+1 5 0 0 1 0 0 1 0 0 5 2
+69 7 0 0 2 0 0 1
+1 7 7 0 0 1 0 0 1
+1 7 7 0 0 2 0 0 2
+1 7
+1 7
+2 7
+1 7
+1 7 0 0 2 0 0 1
+1 7
+1 7
+1 7
+1 7 0 0 0 0 0 0 0 0 7 3
+1 4 4
+4 4
+1 4
+1 4
+6 4
+1 4
+1 8
+4 4 0 0 1 0 0 1
+1 4 0 0 0 0 0 0 0 0 4
+3 4 4 0 0 2 0 0 2
+1 4 4 0 0 1 0 0 1
+1 4
+2 4
+1 4
+1 4
+4 4
+1 4
+1 4
+1 4
+1 4
+1 4 0 0 1 0 0 1 0 0 4 3
+7 1
+1 1
+2 1
+1 1 0 0 0 0 0 0 0 0 1
+2 1 1
+1 1 1
+1 1
+2 1
+1 1
+1 1
+4 1
+1 1
+1 1
+1 1
+1 1 0 0 1 0 0 1
+1 1 0 0 0 0 0 0 0 0 1 1
+41 5 0 0 1 0 0 1
+1 5 5 0 0 1 0 0 1
+1 5 5 0 0 2 0 0 2
+1 5
+1 5
+2 5
+1 5
+1 5 0 0 1 0 0 1
+1 5
+1 5
+1 5
+1 5 0 0 0 0 0 0 0 0 5 2
+1 4 4
+4 4
+1 4
+1 4
+6 4
+1 4
+1 8
+4 4 0 0 1 0 0 1
+1 4 0 0 0 0 0 0 0 0 4
+3 4 4 0 0 2 0 0 2
+1 4 4
+1 4
+2 4
+1 4
+1 4
+4 4
+1 4
+1 4
+1 4
+1 4
+1 4 0 0 1 0 0 1 0 0 4
+69 11 0 0 1 0 0 1
+1 11 11
+1 11 11 0 0 2 0 0 1
+1 11
+1 11
+2 11
+1 11
+1 11 0 0 1 0 0 1
+1 11
+1 11
+1 11
+1 11 0 0 0 0 0 0 0 0 11 6
+1 4 4
+4 4
+1 4
+1 4
+6 4
+1 4
+1 8
+4 4 0 0 1 0 0 1
+1 4 0 0 0 0 0 0 0 0 4
+3 4 4 0 0 1 0 0 1
+1 4 4
+1 4
+2 4
+1 4
+1 4
+4 4
+1 4
+1 4
+1 4
+1 4
+1 4 0 0 1 0 0 1 0 0 4 3
+69 19 0 0 2 0 0 1
+1 19 19 0 0 2 0 0 1
+1 19 19 0 0 1 0 0 1
+1 19
+1 19
+2 19
+1 19
+1 19 0 0 2 0 0 1
+1 19
+1 19
+1 19
+1 19 0 0 0 0 0 0 0 0 19 6
+1 8 8
+4 8
+1 8
+1 8
+6 8
+1 8
+1 16
+4 8 0 0 2 0 0 1
+1 8 0 0 0 0 0 0 0 0 8
+3 8 8 0 0 1 0 0 1
+1 8 8 0 0 1 0 0 1
+1 8
+2 8
+1 8
+1 8
+4 8
+1 8
+1 8
+1 8
+1 8
+1 8 0 0 3 0 0 1 0 0 8 2
+69 10 0 0 2 0 0 1
+1 10 10 0 0 3 0 0 1
+1 10 10 0 0 3 0 0 2
+1 10
+1 10
+2 10
+1 10
+1 10 0 0 1 0 0 1
+1 10
+1 10
+1 10
+1 10 0 0 0 0 0 0 0 0 10 2
+1 10 10
+4 10
+1 10
+1 10
+6 10
+1 10
+1 20
+4 10 0 0 2 0 0 1
+1 10 0 0 0 0 0 0 0 0 10
+3 10 10 0 0 2 0 0 1
+1 10 10 0 0 5 0 0 2
+1 10
+2 10
+1 10
+1 10
+4 10
+1 10
+1 10
+1 10
+1 10
+1 10 0 0 1 0 0 1 0 0 10 9
+7 2
+1 2
+2 2
+1 2 0 0 0 0 0 0 0 0 2
+2 2 2
+1 2 2
+1 2
+2 2
+1 2
+1 2
+4 2
+1 2
+1 2
+1 2
+1 2 0 0 1 0 0 1
+1 2 0 0 0 0 0 0 0 0 2 2
+41 21 0 0 1 0 0 1
+1 21 21 0 0 3 0 0 3
+1 21 21 0 0 2 0 0 1
+1 21
+1 21
+2 21
+1 21
+1 21 0 0 1 0 0 1
+1 21
+1 21
+1 21
+1 21 0 0 0 0 0 0 0 0 21 12
+1 8 8
+4 8
+1 8
+1 8
+6 8
+1 8
+1 16
+4 8 0 0 1 0 0 1
+1 8 0 0 0 0 0 0 0 0 8
+3 8 8 0 0 2 0 0 1
+1 8 8 0 0 2 0 0 2
+1 8
+2 8
+1 8
+1 8
+4 8
+1 8
+1 8
+1 8
+1 8
+1 8 0 0 1 0 0 1 0 0 8 2
+7 1
+1 1
+2 1
+1 1 0 0 0 0 0 0 0 0 1
+2 1 1
+1 1 1
+1 1
+2 1
+1 1
+1 1
+4 1
+1 1
+1 1
+1 1
+1 1 0 0 1 0 0 1
+1 1 0 0 0 0 0 0 0 0 1 1
+41 30 0 0 2 0 0 1
+1 30 30 0 0 1 0 0 1
+1 30 30 0 0 2 0 0 1
+1 30
+1 30
+2 30
+1 30
+1 30 0 0 2 0 0 1
+1 30
+1 30
+1 30
+1 30 0 0 0 0 0 0 0 0 30 17
+1 3 3
+4 3
+1 3
+1 3
+6 3
+1 3
+1 6
+4 3 0 0 2 0 0 1
+1 3 0 0 0 0 0 0 0 0 3
+3 3 3 0 0 1 0 0 1
+1 3 3 0 0 1
+1 3
+2 3
+1 3
+1 3
+4 3
+1 3
+1 3
+1 3
+1 3
+1 3 0 0 2 0 0 1 0 0 3 1
+7 1
+1 1
+2 1
+1 1 0 0 0 0 0 0 0 0 1
+2 1 1
+1 1 1 0 0 1 0 0 1
+1 1
+2 1
+1 1
+1 1
+4 1
+1 1
+1 1
+1 1
+1 1 0 0 1 0 0 1
+1 1 0 0 0 0 0 0 0 0 1
+41 33 0 0 2 0 0 1
+1 33 33 0 0 6 0 0 1
+1 33 33 0 0 4 0 0 4
+1 33
+1 33
+2 33
+1 33
+1 33 0 0 2 0 0 1
+1 33
+1 33
+1 33
+1 33 0 0 0 0 0 0 0 0 33 11
+1 16 16
+4 16
+1 16
+1 16
+6 16
+1 16
+1 32
+4 16 0 0 2 0 0 1
+1 16 0 0 0 0 0 0 0 0 16
+3 16 16 0 0 2 0 0 2
+1 16 16 0 0 5 0 0 3
+1 16
+2 16
+1 16
+1 16
+4 16
+1 16
+1 16
+1 16
+1 16
+1 16 0 0 2 0 0 1 0 0 16 9
+7 3
+1 3
+2 3
+1 3 0 0 0 0 0 0 0 0 3
+2 3 3
+1 3 3 0 0 1
+1 3
+2 3
+1 3
+1 3
+4 3
+1 3
+1 3
+1 3
+1 3 0 0 1 0 0 1
+1 3 0 0 0 0 0 0 0 0 3 3
+41 14 0 0 2 0 0 1
+1 14 14 0 0 1
+1 14 14 0 0 1
+1 14
+1 14
+2 14
+1 14
+1 14 0 0 1 0 0 1
+1 14
+1 14
+1 14
+1 14 0 0 0 0 0 0 0 0 14 9
+1 8 8
+4 8
+1 8
+1 8
+6 8
+1 8
+1 16
+4 8 0 0 2 0 0 1
+1 8 0 0 0 0 0 0 0 0 8
+3 8 8 0 0 2 0 0 1
+1 8 8 0 0 2 0 0 1
+1 8
+2 8
+1 8
+1 8
+4 8
+1 8
+1 8
+1 8
+1 8
+1 8 0 0 2 0 0 1 0 0 8 5
+69 22 0 0 1 0 0 1
+1 22 22
+1 22 22 0 0 3 0 0 1
+1 22
+1 22
+2 22
+1 22
+1 22 0 0 1 0 0 1
+1 22
+1 22
+1 22
+1 22 0 0 0 0 0 0 0 0 22 8
+2 1 1
+4 1
+1 1
+1 1
+6 1
+1 1
+2 2
+4 1 0 0 1 0 0 1
+1 1 0 0 0 0 0 0 0 0 1
+3 1 1
+1 1 1 0 0 1 0 0 1
+1 1
+2 1
+1 1
+1 1
+4 1
+1 1
+1 1
+1 1
+1 1
+1 1 0 0 1 0 0 1 0 0 1 1
+71 149
+2 149
+1 149
+1 149
+1 149 0 0 0 0 0 0 0 0 149 13
-3 122 0 0 1 0 0 1
+1 122
+1 122
+1 122 0 0 0 0 0 0 0 0 122 17
+1 202
+5 101
+6 101 101
+1 101 101
+8 101
+1 101 101
-16 2178 0 0 1 0 0 1
+6 2178 2178
+1 2178 2178
+8 2178
+1 2178 2178

fl=(71)
fn=(228)
30 65 0 20 1 0 0 1
+4 5
+1 10 0 0 0 0 0 0 0 0 5 2
+10 10 5 0 0 0 0 0 0 0 5 2
+18 5 0 0 1 0 0 1
-17 5
+17 25 25

fl=(22)
fn=(62)
57 34 0 0 1 0 0 1
+44 34
+1 34
+1 34
+1 34
+1 34
+1 34
+1 34
+2 34
+2 34 0 0 0 0 0 0 0 0 34 1
+31 33 33 0 0 5 0 0 5
+1 33
+1 33
+1 33
+1 33 0 0 0 0 0 0 0 0 33 16
+1 14
+2 14 14
+4 19 0 0 1 0 0 1
+1 19 19
+1 19 19 0 0 1 0 0 1
+1 19 19 0 0 1 0 0 1
+1 19
+1 19
+1 19
+1 19
+1 19
+1 19
+1 19
+1 19
+5 150 18 0 1 0 0 1 0 0 19 1
+4 1
+1 14 4 0 1 0 0 1
+1 6 0 0 0 0 0 0 0 0 1 1
+15 1
+1 1
+1 2
+51 1 1
+1 1 1
+1 1 1
+1 1 1
+1 1
+1 1
+1 1
+1 1 0 0 0 0 0 0 0 0 1 1
-7 1 1 0 1 0 0 1
+1 1 1
+1 1 1
+1 1 1
+1 1
+1 1
+1 1
+1 1 0 0 0 0 0 0 0 0 1 1
+16 2 0 0 1 0 0 1
+2 2
+1 28 8 0 1 0 0 1
+2 2
+1 2
+1 2
+2 2 2

fl=(65)
fn=(210)
28 18
+1 36
cfi=(66)
cfn=(212)
calls=9 146 
* 84 9 6 1 0 0 1 0 0 9 6

fl=(23)
fn=(64)
37 4 0 2 1 0 0 1
+3 1 1
-3 2 0 1
+21 2 0 0 0 0 0 0 0 0 1
+4 2 0 0 0 0 0 0 0 0 1 1
+16 5 4 0 1 0 0 1

fl=(67)
fn=(222) _dl_cache_libcmp
357 43 0 0 1 0 0 1
+1 43 43
+32 43 43 0 0 33 0 0 32
-33 43
+1 100 0 0 1 0 0 1 0 0 50 2
+2 245
+2 245
-2 490 0 0 0 0 0 0 0 0 245 9
+20 476 0 0 0 0 0 0 0 0 238
+2 476 0 0 0 0 0 0 0 0 238 36
-12 202 202
+2 202 202 0 0 4 0 0 3
+14 202
+1 202
-29 404 0 0 0 0 0 0 0 0 202 8
+32 21 7
-28 14 0 0 1 0 0 1 0 0 7
+6 7
+2 7 7
-2 7
+1 7
-1 7
+1 7
-1 7
+2 21 0 0 0 0 0 0 0 0 7 2
+2 7 7
-3 7
+3 21 0 0 0 0 0 0 0 0 7 2
+2 14 0 0 0 0 0 0 0 0 7 2
+9 108 36 0 1 0 0 1

fn=(572) _dl_unload_cache
525 1 0 0 1 0 0 1
+1 4 1 0 0 1 0 0 0 0 1 1
-1 1 0 1
+3 1 1
-3 1
+3 1 0 1
cfi=(140)
cfn=(574) munmap
calls=1 117 
* 6 1 0 0 0 0 0 0 0 1
+7 1 1 0 1 0 0 1
-6 1 0 1
+4 1 0 1
+2 1 1

fn=(214)
403 40 0 28 1 0 0 1
+2 8 4 0 0 0 0 0 0 0 4
+3 12 4 0 1 0 0 1 0 0 4 2
+69 9 3 0 0 0 0 0 0 0 3
+5 4 4
205 4 4
482 8 0 0 0 0 0 0 0 0 4
+3 12 4 4
fi=(69) ./elf/../sysdeps/x86/dl-procinfo.h
39 8 0 0 1 0 0 1 0 0 4
+3 12 0 4
cfi=(32)
cfn=(94)
calls=4 +56 
* 100 28 0 0 1 0 0 1 0 12 5
* 16 0 4 0 0 1 0 0 1 4 3
fe=(67)
208 24 0 8 1 0 0 1
cfi=(11)
cfn=(28)
calls=4 387 
* 92 16 4 0 1 0 0 1 0 12 1
* 4 4
+12 4
-10 4 4
-2 4 0 4 1 0 0 1
+12 8 0 0 0 0 0 0 0 0 4
-7 20 0 4
+9 20
+1 4
-32 8
+36 4 4 0 1 0 0 1
-4 4 4 0 0 1 0 0 1
+4 8 0 0 0 0 0 0 0 0 4
-5 160
+1 32
-32 64
+36 32 32
-4 32 32 0 0 29 0 0 28
+4 64 0 0 0 0 0 0 0 0 32
+4 108 36 36
cfn=(222)
calls=36 357 
* 2836 424 0 4 35 0 4 33 0 772 50
+1 72 0 0 0 0 0 0 0 0 36 2
346 32 0 0 0 0 0 0 0 0 32 18
+3 15
220 30 0 0 0 0 0 0 0 0 15 2
347 17 0 0 1 0 0 1
220 42 4 0 0 0 0 0 0 0 17 2
+2 40 8 12 1 0 0 1
+20 14 7 0 0 1 0 0 1
+3 14 0 0 0 0 0 0 0 0 7
+2 28 0 7
cfn=(222)
calls=7 357 
* 842 123 0 0 2 0 0 2 0 229 11
* 14 0 0 0 0 0 0 0 0 7 1
+2 3
-9 14 0 0 0 0 0 0 0 0 7 4
-30 12 8
+1 4 0 0 1 0 0 1
fi=(253) ./elf/../sysdeps/x86/dl-isa-level.h
28 8 4 4
fe=(67)
210 8 0 4
fi=(253)
28 4 4
fe=(67)
210 4 0 4
+1 4
-1 12 0 4
+76 12 0 0 1 0 0 1
fi=(253)
28 12 0 4
fe=(67)
259 8 4 0 0 0 0 0 0 0 4 2
+10 12 8 0 1 0 0 1 0 0 4
+1 16 4 0 0 1 0 0 1 0 4
+16 4
fi=(68) ./elf/../sysdeps/generic/dl-cache.h
125 4 4 0 1 0 0 1
fe=(67)
286 12 0 0 0 0 0 0 0 0 4
+9 8 4 0 0 0 0 0 0 0 4
+3 8 4 0 0 0 0 0 0 0 4
+3 4
+1 12 4 0 1 0 0 1 0 0 4 2
+28 8 0 4
500 8 4 0 0 0 0 0 0 0 4
+12 8 4 4
cfi=(22)
cfn=(62)
calls=4 57 
* 140 20 0 0 4 0 0 4 0 12 2
+1 4
-1 4
+1 48 0 4 1 0 0 1 0 0 8 2
+1 4
-1 4
+1 4 4 0 1 0 0 1
-1 4
+1 4 0 4
cfi=(29)
cfn=(82)
calls=4 210 
* 60 16 12 0 0 0 0 0 0 12 5
* 4
+1 4 0 4
cfi=(44)
cfn=(142)
calls=4 40 
* 396 80 60 0 0 3 0 0 3 40 6 4
+1 32 28
411 4 0 1 1 0 0 1
cfi=(52)
cfn=(216) _dl_sysdep_read_whole_file
calls=1 36 
* 103 15 15 3 0 0 3 0 0 12 4
* 1
+8 5 1 0 1 0 0 1 0 0 2
+1 8 3 0 1 1 0 1 1 0 2 1
+3 3
+1 1 1
-1 3 0 0 1 0 0 1 0 0 1
fi=(68)
194 1 1
+1 5 0 0 0 0 0 0 0 0 2 1
fe=(67)
431 1 0 1 1 0 0 1
+1 2 0 1

fl=(8)
fn=(14)
25 7 0 0 1 0 0 1
+3 7 7
-3 7
+3 14 0 0 1 0 0 1 0 0 7
+3 21 14 0 0 0 0 0 0 0 7
+1 14 7 7 0 6 1 0 6 1
+2 7 7
-1 7 7
+3 21 0 0 0 0 0 0 0 0 7
+1 7 0 7
+1 14 7
+7 7
-5 7 0 7
-2 7 0 7 1 0 0 1
+3 14
+2 7 0 7
+2 14 0 7
+5 7 7

fl=(25) ./elf/./elf/dl-environ.c
fn=(70) _dl_next_ld_env_entry
28 3 0 0 1 0 0 1
+1 3 3
+3 99 93 0 0 0 0 0 0 0 3 2
+13 89
-13 178 0 0 0 0 0 0 0 0 89
+2 182 91 0 0 0 0 0 0 0 91 18
+1 12 6 0 0 0 0 0 0 0 6 3
+5 2
-3 2
+3 2 0 2
+2 2 2

fl=(187)
fn=(644)
46 726 0 396 2 0 0 2
+2 330 264 0 0 4 0 0 0 0 66 33
+1 66 66
+6 66
fi=(254) ./elf/../sysdeps/x86_64/dl-runtime.h
-27 66
fe=(187)
+21 66 66
+5 66 66 0 0 2
+1 66 66 0 0 2
-6 66 0 0 1 0 0 1
+6 132
+1 66 66 0 0 62
+2 66 66 0 0 5
-2 66
+2 66
-2 330 0 66 0 0 1
+7 132 0 0 0 0 0 0 0 0 66 2
+4 132 66 0 0 66 0 0 42 0 66
+4 66 66 0 1 2 0 1
-2 66
+2 132 0 0 0 0 0 0 0 0 66 2
+4 198 132 0 0 57
+1 264 66 0 0 1
+1 198 66 0 0 13 0 0 0 0 66 14
+8 66 66 0 0 1
-1 66 0 0 1 0 0 1
+1 132 0 0 0 0 0 0 0 0 66 8
+10 660 132 198 0 2
cfi=(78)
cfn=(270)
calls=66 772 
* 45973 12460 4343 19 429 27 0 112 1 6764 348 9 8
* 66
+4 330 198 0 1 0 0 1 0 0 66
+10 660 264 66 0 0 0 0 0 0 198 4
+15 264 66 0 1 0 0 1 0 0 66
+9 198 66 0 0 0 0 0 0 0 66 2
+26 198 66 0 0 1 0 0 0 0 66
fi=(6)
+75 66 0 66
fe=(187)
-71 528 462 0 1 0 0 1

fl=(2)
fn=(154) handle_preload_list
869 11 0 7 2 0 1 2 0 1
+5 1 1
-5 2 0 2 0 0 1 0 0 1
+5 2 0 0 0 0 0 0 0 0 1
-4 3
+7 3 0 1 1 0 0 1
cfi=(49)
cfn=(156)
calls=1 32 
* 254 120 21 5 2 4 5 2 4 23 12
* 1
+1 3 0 0 0 0 0 0 0 0 1 1
+9 1
183 1 1
889 2 1
183 2 0 0 0 0 0 0 0 0 1
891 2 1 0 1 0 0 1 0 0 1
-80 1 1
+5 1
-6 1
-4 1 0 1 0 0 1 0 0 1
+10 2
-6 1 0 1
+4 1 1
+2 2 0 0 1 0 0 1
-5 1 0 1
+1 1 0 1
+4 1 0 1
cfi=(50)
cfn=(158) _dl_catch_error
calls=1 254 
* 2754 588 328 106 35 36 104 35 36 450 145 9 3
+1 3 1 0 0 0 0 0 0 0 1
+8 3 1
+67 1
-18 2 1 0 0 0 0 0 0 0 1
+21 9 7
-15 4 0 1 1 0 0 1
cfi=(29)
cfn=(82)
calls=1 210 
* 19 5 4 0 0 0 0 0 0 4 2
+1 2 0 1

fn=(164) map_doit
641 2 0 1 1 0 0 1
+2 1
-2 4 0 1
+2 1 1
+1 2 2
-1 2
+1 3 0 1
cfi=(30)
cfn=(166)
calls=1 1967 
* 2643 559 293 97 34 34 95 34 34 446 144 8 2
* 1 0 1
+2 3 3

fn=(246) init_tls
734 1 0 1 1 0 0 1
+6 1 1 0 0 1
-6 3 0 2
+2 2 1 1 0 1
+4 2 0 0 0 0 0 0 0 0 1
+11 1
fi=(28)
44 1
fe=(2)
746 1
+4 1
fi=(28)
44 1 1 1 0 0 0 0 0 0 0 0 1 1
cfi=(27)
cfn=(74)
calls=1 +36 
* 41 8 7 0 0 0 0 0 0 4 2 1
fe=(2)
761 1 1 0 1 1 0 1 1
-12 1 0 1
+6 1
-9 1 0 1 0 0 1 0 0 1
+11 1 0 1
+4 1 0 0 0 0 0 0 0 0 1
+2 3 1 0 0 0 0 0 0 0 1
-1 2
+3 14 7 0 1 5 0 1 0 0 7 5
+4 3
+2 3
-2 6 0 3
-5 3 3
-1 6 0 0 0 0 0 0 0 0 3 3
+10 3 1 0 0 0 0 0 0 0 1
+3 2 0 1
cfi=(46)
cfn=(248) _dl_tls_static_surplus_init
calls=1 97 
* 86 15 10 2 4 1 2 2 0 7 2
+3 1 0 1
cfi=(46)
cfn=(250) _dl_determine_tlsoffset
calls=1 216 
* 147 30 14 6 2 0 6 1 0 15 7
+7 1 0 1
cfi=(46)
cfn=(252) _dl_allocate_tls_storage
calls=1 417 
* 470 34 326 5 0 39 4 0 39 312 15 3 2
* 1 0 0 1 0 0 1
+1 2 0 0 0 0 0 0 0 0 1
+6 1 1
fi=(74) ./elf/../sysdeps/generic/dl-call_tls_init_tp.h
31 2
fe=(2)
793 1 0 1
fi=(74)
31 6 0 2 0 0 0 0 0 0 1 1
+2 1 0 1
cfi=(24)
cfn=(256)
calls=1 +35 
* 79 14 17 4 4 0 4 1 0 5 4
fe=(2)
800 1
-3 1 0 1
+3 4 4
-36 4 4 0 1 0 0 1
-1 9 0 0 0 0 0 0 0 0 4 3

fn=(66)
1346 2 0 1 1 0 0 1
197 1
1346 11 0 8 1 0 1 1 0 1
199 1 0 1
302 1 0 1
+1 1 0 1
197 1 0 1
+99 3 0 3 1 0 0 1
1357 1 0 1 0 0 1 0 0 1
cfi=(24)
cfn=(68)
calls=1 53 
* 17 1 5 3 0 1 3 0 1
2749 1 1
2538 1 1
2749 2 0 0 0 0 0 0 0 0 1
2598 1 0 1 0 0 1 0 0 1
+2 2
+15 1
-13 2 0 1 1 0 0 1
cfi=(25)
cfn=(70)
calls=1 28 
* 93 32 1 1 0 0 1 0 0 30 8
* 4 0 2
cfi=(25)
cfn=(70)
calls=2 28 
* 481 163 1 0 0 0 0 0 0 159 15
* 9 0 0 0 0 0 0 0 0 3 1
+4 6 2 0 0 0 0 0 0 0 2
-2 2
+2 6 0 0 0 0 0 0 0 0 2
+1 2
-1 6 2 0 0 0 0 0 0 0 2
+1 17
-1 89 17 0 0 0 0 0 0 0 36 10
+9 12 2 0 1 2 0 1 2 0 2 0 2 2
2727 3 1 0 0 0 0 0 0 0 1 1
1373 1 1
+1 2 1 0 1 0 0 1
-1 2 1 1
+1 2 1 0 0 0 0 0 0 0 1 1
2687 3 1 0 1 0 0 1 0 0 1 1
-47 2 1 0 1 0 0 1 0 0 1
+10 2 1 0 0 0 0 0 0 0 1 1
1637 9 0 2 1 0 0 1
cfi=(26)
cfn=(72)
calls=1 59 
* 210 31 55 22 4 11 22 4 11 30 16 2 2
* 1 0 1
+2 2 0 0 0 0 0 0 0 0 1
+1 3 0 1 1 0 0 1
+6 1
-5 2 1 1
+1 3 2 1
+4 1 0 1
cfi=(26)
cfn=(84)
calls=1 31 
* 42 10 9 3 0 0 3 0 0 1 1 2 2
+1 2 1 0 0 0 0 0 0 0 1
1116 1 1 0 1 0 0 1
-1 1 1
1351 1
1143 1
-21 2 2 0 0 1 0 0 1
+21 2
-19 1 0 1
+1 1 0 1
-3 1 0 1 0 0 1 0 0 1
+21 2 0 0 1 0 0 1 0 0 1
+57 1 1
-82 1 0 1
+25 1
-3 1
+4 1
+19 1
+37 4
-56 102 22 0 1 6 0 1 6 0 31 4 9 5
+56 4 4 0 0 1 0 0 1
-1 4 4
+1 8
-1 4
+2 8 4 0 0 0 0 0 0 0 4 2
+1 1 0 1
+2 12 4 0 0 0 0 0 0 0 4
+1 14 0 0 0 0 0 0 0 0 7 3
+4 8 4 0 0 3 0 0 3
+1 8 4 0 0 0 0 0 0 0 4
+1 4 0 4
+4 12
-72 27 0 0 2 0 0 2 0 0 9 7
1253 2 1
+1 22 0 0 0 0 0 0 0 0 11 7
+6 4 0 1
cfi=(30)
cfn=(88)
calls=1 868 
* 90 17 4 6 1 0 6 1 0 20 1
-7 26 0 0 0 0 0 0 0 0 13 1
+1 13 13
+6 13
-6 26 0 0 0 0 0 0 0 0 13 6
fi=(31)
235 4 4 0 1 0 0 1
+1 2 2
-87 4 2 0 0 0 0 0 0 0 2 2
fe=(2)
1148 1 0 0 1 0 0 1
-5 1
+5 2 1 1
-5 2 0 0 0 0 0 0 0 0 1 1
+30 1 1
-9 2 2 0 0 1 0 0 1
+2 1 0 1
-3 1 0 1
+10 2 0 0 1 0 0 1 0 0 1
+18 2 0 1
-38 2 2
-10 1
+10 1 0 1
+1 9 2 1 1 0 0 1
-11 2 0 0 0 0 0 0 0 0 1 1
+1 14 0 0 0 0 0 0 0 0 7 3
1247 1 1 0 0 1 0 0 1
1143 1 0 0 1 0 0 1
1247 2 1 1
1143 3 0 0 0 0 0 0 0 0 1
1266 4 2 0 0 1 0 0 1 0 1 1
+3 3 2 0 1 0 0 1 0 0 1 1
+2 3 1 0 0 0 0 0 0 0 1
1672 3 1 0 1 0 0 1 0 0 1
+2 2 1
-1 1 1
+1 1 1
+1 3 3
-2 2 0 1
cfi=(32)
cfn=(94)
calls=1 98 
* 25 7 0 3 1 0 3 1 0 3 1
* 2 0 0 0 0 0 0 0 0 1
+7 1 0 1 1 0 1 1 0 1
+3 1 1
-5 1 0 1
+3 1 0 1
+2 1 0 0 0 0 0 0 0 0 1
+1 2 0 1
+4 2 1 0 0 0 0 0 0 0 1
+2 2 0 0 1 0 0 1 0 0 1
fi=(3) ./elf/./get-dynamic-info.h
39 4 2 0 0 0 0 0 0 0 1
+4 1
+2 1 1 0 0 1 0 0 1
+9 1
+1 1
-10 2 0 0 0 0 0 0 0 0 1 1
+23 28 0 28 0 0 8 0 0 8
-23 112 28 0 0 7 0 0 7 0 28 1
+4 56 0 0 1 0 0 1 0 0 28 12
+3 6
-1 12 0 0 0 0 0 0 0 0 6
+3 24 0 0 0 0 0 0 0 0 6 1
+1 20
fe=(2)
1243 1 1 0 1 0 0 1
1143 1
1243 1 0 1 0 0 1 0 0 1
1143 2 0 0 0 0 0 0 0 0 1 1
fi=(3)
72 4 2 0 0 0 0 0 0 0 1 1
+43 2 1 0 1 0 0 1 0 0 1
+7 3 2 0 0 0 0 0 0 0 1
+1 4 3 0 1 0 0 1 0 0 1
+6 3 1 0 0 0 0 0 0 0 1 1
+18 4 2 0 0 0 0 0 0 0 1
+5 2 1 1 1 0 1 1 0 1
+2 2 0 0 0 0 0 0 0 0 1 1
+2 2 0 0 0 0 0 0 0 0 1 1
+2 2 0 0 0 0 0 0 0 0 1
+1 2 1 1
+3 4 2 0 1 0 0 1 0 0 1
+2 3 1 1
+1 2 0 0 0 0 0 0 0 0 1 1
+9 2 1 0 0 0 0 0 0 0 1
+6 2 0 0 0 0 0 0 0 0 1
+1 3 2 1 1 0 0 1
+3 3 2 0 0 0 0 0 0 0 1 1
fe=(2)
1698 4 2 0 0 0 0 0 0 0 1 1
+7 2 1 1 1 0 0 1
cfi=(8)
cfn=(14)
calls=1 25 
* 27 8 6 0 1 0 0 1 0 3
+3 2 1 0 1 0 0 1 0 0 1
fi=(33) ./elf/./setup-vdso.h
24 2 1 0 0 0 0 0 0 0 1 1
fi=(36) ./elf/./dl-main.h
+85 2 2 0 1 0 0 1
fi=(35) ./elf/../sysdeps/unix/sysv/linux/dl-vdso-setup.h
-64 1 0 1
fi=(36)
+64 3 2 1
cfi=(30)
cfn=(106)
calls=1 706 
* 4378 990 509 83 6 20 83 6 20 727 170 16 8
fe=(2)
1733 3 1 1 1 0 0 1
cfi=(45)
cfn=(144)
calls=1 56 
* 34 7 5 4 2 0 4 2 0 5 3
+7 1 1
-5 1 0 1
-2 1
+7 1 0 0 0 0 0 0 0 0 1 1
+4 1 1
+1 1 1
+2 1 0 1
-3 3 0 1
+1 2 1 1 1 0 0 1
+3 1 0 1
+11 1 1 0 0 1 0 0 1
-13 1 0 1
+13 1 0 0 0 0 0 0 0 0 1
+1 2 1 0 0 0 0 0 0 0 1
+5 1 1
-3 2 1 0 1 0 0 1
+2 1 0 1
+1 2 0 1
+5 3
+1 5 1 0 0 1 0 0 1 0 1 1
-1 2 0 0 1 0 0 1 0 0 1 1
224 1 1
+1 1 1
-1 1 1
+1 3 2 0 0 0 0 0 0 0 1 1
+1 2 0 0 1 0 0 1 0 0 1 1
1788 2 1 0 1 0 0 1 0 0 1
+5 1 1
-1 1
1352 1 0 1
1793 1 0 0 0 0 0 0 0 0 1
+24 1 0 1 1 0 0 1
cfi=(46)
cfn=(146) _dl_count_modids
calls=1 192 
* 6 3 0 1 0 0 1 0 0 1
* 1 0 1
fi=(47) ./elf/../sysdeps/generic/dl-debug.h
29 4 2 0 0 0 0 0 0 0 1
+1 1 0 1
fe=(2)
1823 1 0 1
+1 1 0 1
cfi=(45)
cfn=(150)
calls=1 116 
* 2 1 0 1 0 0 1
+1 1
+4 3 1 1
cfi=(48)
cfn=(152) _dl_audit_activity_map
calls=1 29 
* 17 8 5 2 0 0 2 0 0 1 1
+5 3 2 0 1 0 0 1 0 0 1
+2 1
+2 2 1 0 0 0 0 0 0 0 1 1
+9 2 1 0 0 0 0 0 0 0 1
+16 4 0 1
cfi=(63)
cfn=(200)
calls=1 25 
* 9 1 1 0 0 0 0 0 0 1 1
* 2 0 0 1 0 0 1 0 0 1
+76 4 2 0 0 0 0 0 0 0 1 1
+16 3 1 0 0 0 0 0 0 0 1 1
85 1
1965 1
85 2
1965 1
85 1
1965 5 2 0 1 0 0 1
85 1 0 1
1965 2 0 1
cfi=(64)
cfn=(202)
calls=1 143 
* 33501 6952 3819 155 205 211 154 190 211 5745 939 81 24
92 1
+9 1 1
1971 1 1
92 2
+9 2 0 1
1971 2 0 0 1 0 0 1 0 0 1
+1 6 2 1
-1 4 0 0 0 0 0 0 0 0 1 1
+1 12 6 6
-1 24 0 0 0 0 0 0 0 0 6 5
+4 3 2 1
+1 2 0 0 1 0 0 1 0 0 1
+1 1 0 1
+2 26 1 0 0 0 0 0 0 0 6
+1 12 6 0 0 0 0 0 0 0 6 6
+46 1 1
-42 2 0 0 1 0 0 1 0 0 1
+8 3 1 1
+1 2 0 0 0 0 0 0 0 0 1
+2 1
+2 3 0 0 0 0 0 0 0 0 1 1
+2 1 1
-4 1 0 1
+5 1 1
-1 2 0 0 1 0 0 1 0 0 1 1
+14 2 0 0 0 0 0 0 0 0 1
+1 2 1 1
+1 3 1 0 0 0 0 0 0 0 1 1
-25 1 0 1 1 0 0 1
+36 2
+2 1
-2 1
+2 2
-2 1 0 1 0 0 1
+1 2
+1 1
-1 2 0 1
+1 1 0 1 1 0 0 1
cfi=(50)
cfn=(236) _dl_receive_error
calls=1 186 
* 24988 7528 1573 52 129 78 51 120 73 5019 418 88 46
+10 1 1
+1 1 1
-1 1 0 1
+1 1 0 0 0 0 0 0 0 0 1 1
+3 2 0 0 0 0 0 0 0 0 1
837 1 1
fi=(255) ./elf/../sysdeps/unix/sysv/linux/dl-osinfo.h
39 2 1 0 0 1
fe=(2)
839 1 0 1
fi=(255)
52 1 1
fe=(2)
848 1 0 1 1 0 0 1
+7 1 0 1
-5 1 0 1
2047 3 1 0 0 0 0 0 0 0 1
2246 2 1
+4 1 1
-4 1 0 1
+10 1 1 0 1 0 0 1
-6 1 0 1
+6 1 0 1
-6 1 0 1 0 0 1
+9 2 1 0 0 0 0 0 0 0 1
+8 2 2
fi=(31)
36 2 2
+1 3 0 0 1 0 0 1 0 0 1
+3 3 3
+13 9 1 0 0 1
-13 6 6
+9 12 6 0 0 0 0 0 0 0 6
-9 1 1
+9 28 7 0 1 0 0 1 0 0 14 1
+4 24 6 0 0 0 0 0 0 0 6
-16 21 0 0 0 0 0 0 0 0 7 5
+34 1 1
fe=(2)
2279 1
fi=(31)
71 1 0 1
cfi=(76)
cfn=(260)
calls=1 361 
* 55 11 14 4 1 0 4 0 0 8 1
fe=(2)
2282 1 1
-3 2 1 0 1 0 0 1
+5 1 1
-2 2 0 1
+2 2 0 0 0 0 0 0 0 0 1 1
+1 6 1 1
cfi=(77)
cfn=(262)
calls=1 207 
* 76457 20117 7986 193 608 229 191 532 225 13718 1162 164 75
85 2
2292 1 1 0 0 1
85 2 0 0 1 0 0 1
2292 1 1
+1 20 2 1 0 1 0 0 0 0 5 1
+2 14 14 0 1 4 0 1
+5 14 14 0 0 8
+2 14 0 0 0 0 0 0 0 0 7 3
+6 7 0 7 0 0 1
+2 14 0 0 0 0 0 0 0 0 7 1
+1 48 12 6 0 7
cfi=(77)
cfn=(262)
calls=6 207 
* 1587324 420276 143779 88 10551 1648 85 5871 875 248308 8265 3578 645
+4 20 10 0 1 6 0 1 0 0 10 4
+1 6
-23 3
+23 3 0 3
cfi=(46)
cfn=(438) _dl_add_to_slotinfo
calls=3 1017 
* 84 30 21 3 4 1 3 0 0 6 3
-23 7 1 0 0 1 0 0 0 0 3 2
92 3 0 0 1 0 0 1
+1 1
2325 1 1
93 1 0 1 0 0 1
2325 1 0 0 0 0 0 0 0 0 1
+4 4 2 0 0 1 0 0 0 0 2
+2 1 0 1
+7 4 1 1 1 0 0 1
cfi=(46)
cfn=(528) _dl_allocate_tls_init
calls=1 523 
* 306 71 42 7 10 4 6 0 4 49 13 2 2
+3 2 1 0 0 0 0 0 0 0 1
+4 3 2 0 1 1 0 1 0 0 1
+2 2 1 0 0 0 0 0 0 0 1 1
+33 3 1 1
cfi=(169)
cfn=(552)
calls=1 27 
* 603 131 56 17 33 5 17 12 4 57 16 11 4
+7 1 0 1
cfi=(9)
cfn=(568)
calls=1 147 
* 2 1 0 1 0 0 1
+3 3 0 1
cfi=(48)
cfn=(570)
calls=1 41 
* 11 3 0 2 0 0 2 0 0 2
+4 2 0 1
cfi=(45)
cfn=(196)
calls=1 38 
* 7 2 0 1 1 0 0 0 0 2 1
+1 1 0 1 0 0 1
-1 1
+2 1 0 1
cfi=(45)
cfn=(150)
calls=1 116 
* 2 1
+1 1
+4 1 0 1
cfi=(67)
cfn=(572)
calls=1 525 
* 19 5 4 2 1 0 2 0 0 2 1
+5 8 7 0 0 1
2304 1 0 1 1 0 1 1
+1 1 1
-3 2 0 0 0 0 0 0 0 0 1 1
226 2 0 0 0 0 0 0 0 0 1
-2 1 1
+1 1
1773 1 1 0 1 1 0 1 1
+6 1 1 0 0 1 0 0 1
-6 2 1 1 1 0 1 1 0 1
+6 1 0 0 0 0 0 0 0 0 1 1
fi=(3)
56 5 0 0 1 0 0 1 0 0 1
+3 4 0 0 0 0 0 0 0 0 1 1
fi=(34) ./elf/../sysdeps/unix/sysv/linux/dl-vdso.h
-19 2 1 0 1 0 0 1
+1 5 0 2 0 0 0 0 0 0 1
fi=(35)
-11 1 0 1
+3 1 0 1 1 0 0 1
+3 1 0 1
+3 1 0 1
fi=(34)
+16 2
fi=(3)
+17 3 2 0 1 0 0 1 0 0 1
+12 3 1 0 0 0 0 0 0 0 1 1
+1 5 2 1 1 0 0 1 0 0 1
+1 5 2 1 0 0 0 0 0 0 1
+1 5 2 1 0 0 0 0 0 0 1
+1 4 2 0 0 0 0 0 0 0 1 1
+1 5 2 1 1 0 0 1 0 0 1
+1 5 2 1 0 0 0 0 0 0 1
+1 5 2 1 1 0 0 1 0 0 1
+12 2 2
+7 1 1
-7 7 1 1 0 0 0 0 0 0 2 1
+7 2 0 0 0 0 0 0 0 0 1 1
fe=(2)
1743 4 2 1 1 0 0 1
2357 1 0 1 1 0 0 1
cfi=(163)
cfn=(530)
calls=1 561 
* 1041 250 78 16 77 5 16 9 4 260 62 1 1
+5 3 1 1
cfi=(7)
cfn=(538)
calls=1 76 
* 3003 883 351 10 33 0 10 4 0 418 45 5 3
+3 1 0 1
cfi=(167)
cfn=(546)
calls=1 30 
* 503 115 36 10 10 0 10 7 0 56 12 4 4
85 1
2371 1 0 1
+1 3 2 0 1 0 0 1
85 3
2372 2 0 1
cfi=(77)
cfn=(262)
calls=1 207 
* 1871 587 207 1 27 3 1 1 0 293 31 3 2
92 3
+9 3 0 1
2687 2 1 0 1 0 0 1 0 0 1
+2 1
+1 1
-1 1 0 1
+1 1 0 1
+1 1
2040 2 0 1 1 0 0 1
cfn=(246)
calls=1 734 
* 923 126 393 22 18 41 21 5 40 363 42 5 3
* 2 0 1
2650 2 1 0 1 0 0 1 0 0 1
+2 2 0 1
+1 1
fi=(3)
62 4 0 0 1 0 0 1 0 0 1
+2 4
fe=(2)
1943 10 0 0 1 0 0 1 0 0 1 1
85 1 0 0 1 0 0 1
1842 2 2 0 1 0 0 1
85 3
1842 2 0 1
cfn=(154)
calls=1 869 
* 3098 729 370 117 37 43 115 37 43 483 160 9 3
* 1
92 3
+9 3 0 1
1943 6 0 1 1 0 0 1 0 0 1
+1 1
-1 1
+4 3 0 1
+1 1 1 0 1 0 0 1
+1 2 0 0 0 0 0 0 0 0 1
+1 2 0 0 0 0 0 0 0 0 1
-7 2

fn=(2)
517 16 0 8 2 0 1 2 0 1
85 1
547 4 0 1 0 0 1 0 0 1
85 1
543 1 0 1 0 0 1 0 0 1
fi=(6)
55 1
fe=(2)
+30 1
546 1 0 0 1 0 0 1
85 1 0 1 0 0 1 0 0 1
fi=(3)
-40 1 1 0 0 1 0 0 1
fe=(2)
546 1 0 1 0 0 1 0 0 1
fi=(3)
45 2 0 0 0 0 0 0 0 0 1 1
+23 18 0 18 0 0 7 0 0 7
-23 72 18 0 0 4 0 0 4 0 18 1
+4 36 0 0 0 0 0 0 0 0 18 12
+3 5 0 0 1 0 0 1
-1 10 0 0 0 0 0 0 0 0 5
+3 20 0 0 0 0 0 0 0 0 5 1
+1 16
+1 5 0 0 0 0 0 0 0 0 1 1
fi=(4)
+23 1 1 0 1 0 0 1
fi=(3)
+31 1 1 0 0 1 0 0 1
-38 3 0 0 0 0 0 0 0 0 1
+12 4 1 1 0 0 0 0 0 0 1
+1 3 1 0 0 0 0 0 0 0 1 1
+1 4 1 1 1 0 0 1 0 0 1
+1 4 1 1 0 0 0 0 0 0 1
+1 5 1 1 0 0 0 0 0 0 1
+1 3 1 0 1 0 0 1 0 0 1 1
+1 4 1 1 0 0 0 0 0 0 1
+1 4 1 1 0 0 0 0 0 0 1
+12 7 2 0 0 0 0 0 0 0 2 1
+7 2 0 0 0 0 0 0 0 0 1 1
-51 4 0 0 1 0 0 1 0 0 1 1
+64 3 2 0 2 0 0 2 0 0 1
+6 3 1 0 0 0 0 0 0 0 1
+1 3 2 0 0 0 0 0 0 0 1
+3 2 1 0 0 0 0 0 0 0 1
+1 3 1 0 0 0 0 0 0 0 1
+5 5 2 0 1 0 0 1 0 0 2
+3 5 2 0 0 0 0 0 0 0 2
fe=(2)
563 154 6 11 2 1 4 2 1 4 51 21
fi=(4)
79 1 1
fe=(2)
563 1 1
fi=(4)
79 2
fe=(2)
563 27 4 5 3 0 1 3 0 1 4 2
fi=(6)
287 3 0 1
fi=(5)
49 1 1
fe=(2)
563 1 1
fi=(5)
50 1 1
-1 2
+4 1 1
-3 1
+3 4 1 0 1 0 0 1
+3 2 0 0 0 0 0 0 0 0 1 1
-7 1 1
fe=(2)
563 1 1
fi=(5)
50 1 1
-1 2
+4 1 1
-3 1
+3 4 1
+3 2 0 0 0 0 0 0 0 0 1 1
+7 3 3 0 1 1 0 1 1
+2 3 3
-2 6
fi=(6)
278 3
fi=(5)
64 6
fi=(6)
278 6 0 0 0 0 0 0 0 0 3
+9 24 9 0 0 3 0 0 3 0 3
+3 6 3
+1 6 0 0 0 0 0 0 0 0 3 3
+26 8 0 0 0 0 0 0 0 0 4 3
+6 2 0 2 0 0 1 0 0 1
fi=(5)
61 13 0 0 1 0 0 1 0 0 5 3
fe=(2)
563 6 0 0 0 0 0 0 0 0 2 1
fi=(5)
51 1 1
fi=(4)
+28 2 1
fi=(3)
-17 4 0 0 1 0 0 1 0 0 1
+2 4
fe=(2)
565 1 0 1
+13 1 0 1 1 0 1 1 0 1
cfi=(7)
cfn=(12)
calls=1 42 
* 10 1 4 2 0 1 2 0 1
458 2 0 1
85 1
476 2
85 3 0 1
476 1 0 1
cfi=(8)
cfn=(14)
calls=1 25 
* 27 8 6 3 1 1 3 1 1 3
+2 1 1
+16 2 1 0 1 0 0 1
-17 1 0 1
+11 1 0 1
-10 1 0 1 0 0 1 0 0 1
+16 1 0 1
cfi=(9)
cfn=(16)
calls=1 102 
* 1805490 470522 160132 1043 11952 2343 1030 6961 1548 293420 13061 3984 833
* 1 0 0 1
+2 2 1 0 0 0 0 0 0 0 1
+89 9 7 0 1 1 0 1
fi=(3)
103 3 0 1 2 0 0 2
fe=(2)

fn=(238) version_check_doit
674 2 0 1 1 0 0 1
+2 1
-2 4 0 1 1 0 0 1
+2 3 2 1
cfi=(73)
cfn=(240)
calls=1 392 
* 24951 7515 1562 48 129 78 47 120 73 5016 417 87 45
* 2 0 0 0 0 0 0 0 0 1 1
+4 3 3

fl=(233)
fn=(1426)
24 56 0 28 1 0 0 1
+4 14 7 0 0 0 0 0 0 0 7
+6 7 7 0 0 7 0 0 1
-2 7 0 7 1 0 0 1
+3 14 0 0 0 0 0 0 0 0 7 2
+3 5 5 0 0 5
+1 5 5 0 0 2
-1 5 5
+1 10 5
+3 20 0 0 0 0 0 0 0 0 5
+1 5 5 5 0 5 0 0 0 0 0 0 5 5
cob=(3)
cfi=(183)
cfn=(1606)
calls=1 -43 
* 152 37 17 5 2 0 2 0 0 39 4 1 1
cob=(6)
cfi=(184)
cfn=(1576) 0x0000000000004940
calls=1 -43 
* 42 14 12 3 1 0 2 0 0 6 4
cob=(7)
cfi=(185)
cfn=(1472)
calls=1 -43 
* 8859 3072 1487 60 150 3 54 44 0 1214 101 85 46
cob=(5)
cfi=(178)
cfn=(1454) 0x00000000000010d0
calls=1 -43 
* 152 37 17 5 2 0 1 0 0 39 12 1 1
cob=(8)
cfi=(211)
cfn=(1428) 0x0000000000002110
calls=1 -43 
* 152 37 17 8 9 1 8 1 1 39 14 1 1
* 1 1 1 0 0 0 0 0 0 0 0 1 1
cob=(6)
cfi=(184)
cfn=(1588) 0x0000000000005ad0
calls=1 -43 
* 152 37 17 5 3 0 2 0 0 39 4 1 1
-1 24 0 0 0 0 0 0 0 0 6 1
+5 7 7 0 1 5 0 1 1
+1 14 0 0 0 0 0 0 0 0 7 2
+1 10 10 0 0 4
+1 25 20
-1 5 0 0 0 0 0 0 0 0 0 0 5 5
cob=(4)
cfi=(175)
cfn=(1622) 0x0000000004dac3a8
calls=1 -49 
* 4 1 0 1 0 0 1
cob=(4)
cfi=(175)
cfn=(1604) 0x0000000004b05748
calls=1 -49 
* 4 1 0 1 0 0 1
cob=(4)
cfi=(175)
cfn=(1574) 0x0000000004a44ce4
calls=1 -49 
* 4 1 0 1 0 0 1
cob=(4)
cfi=(175)
cfn=(1470) 0x000000000483d294
calls=1 -49 
* 4 1 0 1 0 0 1
cob=(4)
cfi=(175)
cfn=(1450) 0x000000000010a8f0
calls=1 -49 
* 4 1 0 1 0 0 1
+1 12 10

fl=(26)
fn=(84)
31 24 0 12 1 0 0 1
+2 6
-2 12 0 6
+2 6
-2 18 0 6 0 0 1 0 0 1
+2 6 6 6 0 0 0 0 0 0 0 0 6 2
cfi=(24)
cfn=(86)
calls=6 +9 
* 18 6
+2 53 6 0 1 0 0 1 0 0 6 1
+3 80 20 0 0 0 0 0 0 0 20 15
+2 5 0 5
+2 5 0 5
+4 5
+4 5
-4 10 0 5
+1 10 5 5
+1 10 0 5
+3 25 20
-1 5 5 0 0 0 0 0 0 0 0 0 5
cfi=(24)
cfn=(86)
calls=5 -8 
* 15 5
-4 1
+4 1
-4 2 0 1
+1 2 1 1
+1 2 0 1
+3 5 4
-1 1 1 0 0 0 0 0 0 0 0 0 1 1
cfi=(24)
cfn=(86)
calls=1 -8 
* 3 1
-5 2 0 1 1 0 0 1

fn=(72)
59 90 0 60 1 0 3 1 0 3
+3 12 0 0 0 0 0 0 0 0 6 1
+18 10 5
+3 5 0 5
cfi=(22)
cfn=(62)
calls=5 -26 
* 103 13 0 0 0 0 0 0 0 11 1
+4 5
-4 5
+4 5
+5 5
-9 15 0 10
fi=(28)
-39 10 5 5 0 0 0 0 0 0 0 0 5
cfi=(27)
cfn=(74)
calls=5 +36 
* 306 57 48 6 0 2 6 0 2 31 11 5
fe=(26)
+39 1 0 1 1 0 0 1
fi=(28)
-39 2 1 1 0 0 0 0 0 0 0 0 1 1
cfi=(27)
cfn=(74)
calls=1 +36 
* 47 8 8 6 1 1 6 1 1 4 2 1 1
* 6
fe=(26)
+51 12 0 0 0 0 0 0 0 0 6
+5 6 6
+4 6 6 0 1 0 0 1
-6 6 0 6 0 0 4 0 0 4
+2 6
+4 6 6
-5 6 0 6 0 0 6 0 0 6
+4 6
+1 6
-1 6 0 6 0 0 2 0 0 2
+1 12 0 12
cfi=(29)
cfn=(82)
calls=6 210 
* 77 19 13 2 1 8 2 1 8 17 8
* 6 6
+15 6 6
-15 6 0 6
+2 6 0 6 1 0 0 1
+13 12 6 0 0 0 0 0 0 0 6 3
+6 1
+2 7 2 2 0 1 0 0 1
+3 2 1 0 0 0 0 0 0 0 1
-3 35 10 10 0 5 0 0 5
+3 10 5 0 0 0 0 0 0 0 5 3
+2 6 0 6 1 0 0 1
+4 6 0 6
+3 16 0 0 0 0 0 0 0 0 7 3
+2 12 0 8 1 0 1 1 0 1 1 1
-2 8
+2 8 0 8 0 0 3 0 0 3
-2 16 0 0 0 0 0 0 0 0 8 7
+16 12
-5 6 0 6 0 0 6 0 0 6
+5 6
-6 6 0 0 1 0 0 1
+6 6 6 0 0 1 0 0 1
-6 6 0 6
+6 12 0 0 0 0 0 0 0 0 6 1
+2 10 0 5 0 0 4 0 0 4
+3 10 0 0 0 0 0 0 0 0 5
-3 10
+7 24 6 0 0 0 0 0 0 0 6 1
+4 15 0 0 0 0 0 0 0 0 5 2
+8 1 0 1 1 0 0 1
+13 1 1
-10 2 0 1
+10 8 6 0 0 0 0 0 0 0 1 1
-10 10 0 5
+10 15 5 0 0 0 0 0 0 0 5
+2 5 0 5
cfi=(22)
cfn=(62)
calls=5 57 
* 203 33 0 1 0 0 1 0 0 15 4
+21 5 0 0 1 0 0 1
-21 15 0 5
+17 5
-13 15 0 0 0 0 0 0 0 0 5
+50 15 10 5 1
cfi=(29)
cfn=(126)
calls=5 -48 
* 89 21 16 0 0 4 0 0 4 16 7
* 5
+5 10
+1 10 5 0 0 0 0 0 0 0 5 4
-1 158
+1 158 79 0 0 0 0 0 0 0 79 20
+4 10
+1 5 0 5
+3 5 0 5 0 0 1 0 0 1
+4 54 42 0 1 0 0 1
131 12 0 6 1 0 6 1 0 6
-8 5
-4 10 5 0 0 0 0 0 0 0 5 3
+34 1
+7 4 0 0 1 0 0 1 0 0 1
+8 20 5 0 1 0 0 1 0 0 5 3
fi=(28)
56 10 5 5 1 0 0 1 0 0 0 0 5 1
cfi=(27)
cfn=(78)
calls=5 -20 
* 150 35 35 0 0 0 0 0 0 15
* 5
fe=(26)
200 10 0 0 0 0 0 0 0 0 5
-1 10
64 2 0 0 1 0 0 1 0 0 1 1
+2 3 1 0 1 0 0 1 0 0 1
+1 2 0 0 0 0 0 0 0 0 1
+4 6 0 2
+6 2 0 0 1 0 0 1

fl=(48)
fn=(152)
29 2 0 1
+2 1 1
-2 5 0 4 1 0 0 1
+1 1 1
+1 2 0 0 0 0 0 0 0 0 1 1
+6 6 6 0 1 0 0 1

fn=(570)
41 3 0 0 2 0 0 1
+4 12 3 0 0 1
+1 3 3 0 0 1
+1 15 3 0 2 0 0 1 0 0 6

fn=(1452)
97 7 0 0 1 0 0 1
+1 28 14 0 0 0 0 0 0 0 7

fn=(198)
77 5 0 0 1 0 0 1
+1 20 10 0 0 0 0 0 0 0 5

fn=(1322) _dl_audit_preinit
118 1 0 0 1 0 0 1
+1 4 2 0 0 1 0 0 0 0 1

fl=(15)
fn=(34)
37 1 0 0 1 0 0 1
+2 3 1 0 0 0 0 0 0 0 1 1
+2 1
cfi=(16)
cfn=(36)
calls=1 682 
* 7344 808 485 103 19 8 103 19 8 1709 238 1 1

fn=(550)
71 1 0 0 1 0 0 1
-32 3 1 0 0 1 0 0 0 0 1
+32 2 1

fl=(52)
fn=(168)
68 812 0 348 1 0 1 1 0 1
+1 232 116 116
cfi=(32)
cfn=(94)
calls=116 +29 
* 3890 767 0 18 1 0 18 1 0 458 75 45 33
* 232 0 0 0 0 0 0 0 0 116
+3 116 116
+2 232 0 0 0 0 0 0 0 0 116 12
+6 113 113
-6 226 0 0 0 0 0 0 0 0 113 25
+1 399 133 133 1 0 0 1
cfi=(32)
cfn=(94)
calls=133 +23 
* 4682 904 0 7 0 0 7 0 0 552 94 53 15
* 266 0 0 0 0 0 0 0 0 133 23
+8 20 20
-13 20
+13 156 156
-1 96
+1 288 288

fn=(524) _dl_higher_prime_number
87 2 0 0 1
+38 2
-1 2
+3 2
+2 80
+1 30 10 0 0 4 0 0 2 0 10 3
+3 7
-6 24 0 0 1 0 0 1 0 0 12 11
+18 2 2
+1 2 2
-15 6

fn=(216)
36 2 0 1 1 0 0 1
+3 1
-3 7 0 3
+3 1
-3 2 0 1
+3 1 0 1
cfi=(53)
cfn=(172)
calls=1 -11 
* 20 2 2 0 0 0 0 0 0 3
+1 2 0 0 1 0 0 1 0 0 1 1
+23 8 6
-21 4 0 1
cfi=(55)
cfn=(178)
calls=1 -12 
* 6 1 0 0 0 0 0 0 0 1
* 2 0 0 0 0 0 0 0 0 1
+2 2 1 1
+3 2 0 0 1 0 0 1 0 0 1 1
+13 2 0 1
cfi=(62)
cfn=(194)
calls=1 -35 
* 6 1 0 0 0 0 0 0 0 1
* 1
-11 6 0 1
cfi=(57)
cfn=(182)
calls=1 -2 
* 26 4 3 0 0 0 0 0 0 4 2
* 2

fl=(46)
fn=(252)
417 7 0 4 2 0 0 2
+2 1 1
+11 1 1
+1 1
fi=(28)
56 1 1 1 0 0 0 0 0 0 0 0 1 1
cfi=(27)
cfn=(78)
calls=1 -20 
* 86 16 13 1 0 0 0 0 0 10 4
fe=(46)
432 2 0 0 0 0 0 0 0 0 1
+8 3
fi=(28)
44 1
fe=(46)
440 2
+5 1
-5 1
+1 1 0 0 1 0 0 1
+4 304 0 297 0 0 37 0 0 37 296 10
+19 1 0 1 0 0 1 0 0 1
-99 1 1
+4 1 0 0 1 0 0 1
+1 1
fi=(28)
44 1 1 1 0 0 0 0 0 0 0 0 1 1
cfi=(27)
cfn=(74)
calls=1 +36 
* 41 8 7 0 0 0 0 0 0 4 1 1
fe=(46)
371 2 0 0 0 0 0 0 0 0 1
+3 1 0 1 0 0 1 0 0 1
+6 2 0 1
+90 7 5

fn=(438)
1017 24 0 12 1 0 0 1
+9 3 3 0 0 2
-9 3 0 3
+6 3 3
+4 3
+4 9 3 0 1 2 0 1 0 0 3
+34 6 0 0 0 0 0 0 0 0 3 3
+3 6 0 3 0 0 1
+1 9 3 3
+3 18 18 0 1 0 0 1

fn=(528)
523 11 0 8 1 0 0 1
+1 2 0 0 0 0 0 0 0 0 1
+4 1 1 0 0 1
+6 1 0 0 1 0 0 1
-6 1 0 1
+6 1 1 1 0 1 0 0 0 0 0 0 1 1
cfi=(24)
cfn=(86)
calls=1 42 
* 3 1
+3 3 2 0 0 1 0 0 0 0 1
+12 1 1
-18 1
+42 3
-19 12 1 1 1 0 0 1 0 0 1
+9 9 3 0 0 1
+1 6 0 0 0 0 0 0 0 0 3
+6 9 6 0 1 0 0 1 0 0 3
+3 3 3 0 0 2
-2 3
+2 3 3 0 0 1
-2 3
+2 12 3
+4 3 3
-4 3 0 3 0 0 1 0 0 1
+4 3
-1 6 0 0 0 0 0 0 0 0 3
+4 6 0 0 1 0 0 1 0 0 3
+1 12 6 0 0 2 0 0 0 0 3
+2 6 0 0 0 0 0 0 0 0 3
+1 6 3
+17 3 3
-8 3 0 3
+8 3 0 0 0 0 0 0 0 0 3 2
+2 12 3 6
cfi=(29)
cfn=(126)
calls=3 197 
* 39 5 2 0 1 1 0 0 1 10 5
* 18 3 3
cfi=(43)
cfn=(130)
calls=3 132 
* 52 3 12 1 0 2 0 0 2 8 3
-49 3 3
+55 3 3
-55 12 0 0 0 0 0 0 0 0 3
+6 9 0 0 1 0 0 1 0 0 4 3
+55 2 1 1 0 0 0 0 0 0 0 0 1 1
cfi=(24)
cfn=(86)
calls=1 42 
* 3 1
+3 2 1 1
+3 9 8

fn=(146)
192 1 0 0 1 0 0 1
+2 2 1 0 0 0 0 0 0 0 1
+1 1 1
+15 2 1

fn=(224)
125 3 0 0 1 0 0 1
+16 3 3
-13 3 3
-3 9 0 3
+3 3 0 0 0 0 0 0 0 0 3
+55 3 0 3 1 0 0 1
-2 3
+5 3 0 3
+1 6 6

fn=(248)
97 2 0 1 1 0 0 1
+3 1
-3 3 0 2
+3 1
-3 1
+3 1
-3 1 0 1
+3 1
-3 1
+3 1 0 1
cfi=(11)
cfn=(28)
calls=1 387 
* 23 4 1 0 2 0 0 1 0 3 1
* 1 1
+1 4 0 1
cfi=(11)
cfn=(28)
calls=1 387 
* 23 4 1 0 2 0 0 1 0 3 1
+1 1
+2 1 0 0 1 0 0 1
-3 1 1
+1 2
+2 3 0 0 0 0 0 0 0 0 1
+3 1
+2 1 0 1
-26 3
+28 3 0 1 0 0 1
+1 6 5

fn=(250)
216 9 0 6 1 0 0 1
+6 4 1 1 0 0 0 0 0 0 1
+3 2 1 0 0 0 0 0 0 0 1
+36 3 1 0 1 0 0 1 0 0 1
+2 1 1
-2 1
-2 1
-40 1
-1 1
-1 1
+46 2 0 1
+23 9
+3 3
-3 15
+2 6 0 0 0 0 0 0 0 0 3 3
+6 3
-33 6 3
+20 3 0 3
-20 15 3 0 0 1 0 0 1 0 3 1
+2 6 3 0 1 0 0 1 0 0 3
+3 3 3
-1 3 3 0 1 1 0 1
+5 6 3
-5 3
+1 3
-1 3
+3 6
+2 9 0 0 0 0 0 0 0 0 3 3
+32 2 1 0 1 0 0 1
-1 1 0 1
+53 1 0 1
-52 5 0 0 1 0 0 1
+2 2 0 1
+51 8 7

fl=(27)
fn=(138)
97 6 0 0 2 0 0 1
+2 24 12 0 0 0 0 0 0 0 6

fn=(74)
80 17 0 0 1 0 0 1
+4 17
-4 68
+7 17
+1 51 0 0 0 0 0 0 0 0 17 10
fi=(28)
-32 17 17 0 0 0 0 0 0 0 0 0 17 1
cfi=(27)
cfn=(78)
calls=17 -20 
* 672 144 139 11 3 3 11 1 3 69 14
fe=(27)

fn=(78)
36 376 0 188 2 0 2 2 0 2
+1 141 47 0 0 4 0 0 1 0 47 1
+11 138 46
+3 46
-3 46 0 46
+3 92 0 0 0 0 0 0 0 0 46 3
-3 2
+3 1
-3 1 0 1
+3 178 0 0 0 0 0 0 0 0 45 2
+19 47 0 47 1 0 0 1
+1 47 0 47
+2 282 235
-17 12 3
+1 6 0 0 0 0 0 0 0 0 3 3
+2 3 0 0 1 0 0 1
+1 21 0 3
cfi=(57)
cfn=(182)
calls=3 -13 
* 78 12 9 2 0 0 2 0 0 12 4
* 3
+2 6 0 0 0 0 0 0 0 0 3
+2 12 0 3
cfi=(58)
cfn=(184)
calls=3 -31 
* 61 15 7 3 0 1 3 0 1 7 4
+1 9 3 0 0 0 0 0 0 0 3 1
+2 2
+4 2
-4 4 0 2
-24 1 1 0 1 0 0 1
-1 1
+1 1
+1 2
-2 2 0 1 1 0 0 1
+28 1 1 0 1
-3 2 0 1
+4 2

fl=(38)
fn=(110)
29 1 0 0 1 0 0 1
fi=(19)
+2 1 1
fe=(38)
+7 1
fi=(19)
-8 4 0 0 0 0 0 0 0 0 1 1
fe=(38)
+22 1 1
fi=(19)
-20 3 1 0 0 0 0 0 0 0 1
+4 1
fe=(38)
+2 1
fi=(19)
-2 2 0 0 0 0 0 0 0 0 1
+3 4 1 0 1 0 0 1 0 0 1
+1 4 1 0 0 0 0 0 0 0 1
+5 1
fe=(38)
-7 1
fi=(19)
+7 3 0 0 0 0 0 0 0 0 1
fe=(38)
-2 1
fi=(19)
+5 2 0 0 0 0 0 0 0 0 1
+3 5 1 0 0 0 0 0 0 0 1
+2 4 0 0 1 0 0 1 0 0 1
+1 2 0 0 0 0 0 0 0 0 1
+1 2 0 0 0 0 0 0 0 0 1
+3 1
fe=(38)
-10 1
fi=(19)
+10 3 0 0 0 0 0 0 0 0 1 1
fe=(38)

fl=(140)
fn=(574)
117 5 0 0 0 0 0 0 0 0 1
+5 1 1

fn=(436)
117 35 0 0 2 0 0 2 0 0 7 2
+5 7 7

fl=(44)
fn=(142)
40 48 0 24 1 0 0 1
+1 8 0 8
cfi=(22)
cfn=(62)
calls=8 +16 
* 262 37 0 0 0 0 0 0 0 23 8
* 8
fi=(256) ./string/../include/rtld-malloc.h
+15 16 8 8 0 0 0 0 0 0 0 0 8 1
cfi=(27)
cfn=(78)
calls=8 -20 
* 240 56 56 0 0 0 0 0 0 24
fe=(44)
-12 16 0 0 1 0 0 1 0 0 8
+3 24
+1 24 24
-1 8
cfi=(29)
cfn=(82)
calls=8 210 
* 112 30 22 0 0 5 0 0 5 22 6

fl=(62)
fn=(194)
25 6 0 0 1 0 0 1
+1 24 0 0 0 0 0 0 0 0 6
+1 6 6

fl=(78)
fn=(270)
772 11280 0 7520 1 0 1 1
+3 1880
-3 5640 0 3760 0 0 2
+3 1880
-3 7520 0 5640 1 0 7 1 0 1
fi=(79) ./elf/../sysdeps/generic/dl-new-hash.h
74 1880 1880 0 0 953 0 0 771
+3 3760 0 0 0 0 0 0 0 0 1880 1
-8 1880
+1 3760
+10 1880 1880 0 0 17 0 0 17
+1 3760 0 0 0 0 0 0 0 0 1880 6
-1 37940 37940 0 0 464 0 0 403
+1 75880 0 0 0 0 0 0 0 0 37940 933
+20 38883
-2 38883
+6 38883
-3 77766
+2 38883 0 0 1 0 0 1
-30 38883 38883 0 0 486 0 0 446
+3 77766 0 0 0 0 0 0 0 0 38883 963
fe=(78)
774 1880
+1 1880
+3 1880 0 1880 0 0 3
-4 1880 0 1880
+1 1880 0 1880
+7 7482 1861 0 0 0 0 0 0 0 3741 26
+5 1880 1880
-2 1880 1880
+2 1880 1880 0 0 5
-2 1880 0 0 1 0 0 1 0 0 1880
+6 26400 16 5640 0 0 0 0 0 0 1896 2
+1 26320 13160 13160 1 0 8 1 0 2
cfn=(274) do_lookup_x
calls=1880 347 
* 669007 224726 79679 87 4486 78 63 1168 41 94276 5617 241 66
* 5640 0 0 1 0 0 1 0 0 1880 4
+28 1880 1880
-23 5640 3760
+23 1880
-23 3760 0 0 0 0 0 0 0 0 1880 2
+24 11168 1860 0 0 0 0 0 0 0 3724 633
+7 1864 1864
-7 1864
+35 7456 1864 0 1 0 0 1 0 0 1864
+34 7456 1864
-20 5592 1864 0 0 15 0 0 1 0 1864 1
+3 3728 1864 0 0 0 0 0 0 0 1864
-57 1880 0 1880
+76 16920 13160 0 1 0 0 1
fi=(79)
87 937 0 0 1 0 0 1
+1 937
+1 1874
+1 937
fe=(78)
871 2 0 1 1 0 0 1
-72 96 16 0 1 0 0 1 0 0 32 2
+18 48 0 0 1 0 0 1
+11 64 0 0 1 0 0 1

fn=(276) check_match
70 28050 3740 11220 1 75 8 1 43 1
+3 11210 3740 0 1 237 0 1 181 0 1870 7
+13 1865
-13 1865
+13 1865
-13 1865
+13 5595 0 0 0 0 0 0 0 0 1865
+3 4054 162 81 0 0 1 0 0 0 1865 47
cfi=(32)
cfn=(94)
calls=81 +9 
* 4570 716 0 34 89 0 15 48 0 503 156 55 49
* 162 0 0 0 0 0 0 0 0 81 2
+4 1865 1865 0 1 10 0 1
+1 3730 0 0 0 0 0 0 0 0 1865 3
+2 3724 0 0 0 0 0 0 0 0 1862 3
+19 3724 3724 0 0 51 0 0 12
+1 14896 5586 0 1 24 0 1 0 0 1862 12
+2 2 1 0 0 0 0 0 0 0 1 1
+43 1863
+1 14960 13090
-18 6 0 0 0 0 0 0 0 0 3
+2 6 6 0 0 3 0 0 1
+1 3
-1 6
+1 9
-1 6 0 0 0 0 0 0 0 0 3 2
+4 2 0 0 0 0 0 0 0 0 1
+1 7 3 1 0 0 0 0 0 0 1
+2 3 1 1
-75 4
+39 5583 3722 1861 2 9 2 2 0 1
cfi=(32)
cfn=(94)
calls=1861 -19 
* 48682 13049 0 8 92 0 5 8 0 5785 140 14 12
* 3722 0 0 0 0 0 0 0 0 1861 13
-44 20 0 0 0 0 0 0 0 0 10
+5 10

fn=(274)
347 16920 0 13160 2 0 5 2 0 1
+1 1880 1880 0 0 3
-1 7520 3760 3760 0 0 5 0 0 1
+6 1880
-6 1880 0 1880
+65 1880
-58 1880 1880
+11 1880 1880
+50 1880 0 1880
-3 3760 0 1880
+3 3760
-50 1880
+50 7520 1880 1880 1 0 0 1
-19 18003 6001 0 0 21 0 0 0 0 6001
+8 6001 6001 0 0 27 0 0 1
-4 6001 0 6001
+1 6001 0 6001
+3 24004 12002 0 0 30 0 0 0 0 6001 6
+1 12002 12002 0 1 10 0 1
+3 6001 6001
-3 6001
+4 12002 0 0 0 0 0 0 0 0 6001
+4 12002 12002
-2 6001 6001 0 0 862 0 0 136
+5 24004 12002
+3 42007 6001 0 0 0 0 0 0 0 6001 1934
+99 12417 0 0 0 0 0 0 0 0 4139 16
358 12006 12006 0 1 23 0 1 1
+3 12006 0 0 0 0 0 0 0 0 6003
+4 12022 8 0 0 0 0 0 0 0 6011 341
+21 12002 6001 0 1 20 0 1 0 0 6001 18
+4 12002 6001 0 0 2 0 0 0 0 6001 17
+71 14904 11178 0 1 0 0 1
fi=(4)
139 3726 1863
+1 5589
fe=(78)
476 3726 0 0 1 0 0 1 0 0 1863
fi=(4)
139 2 1
+1 3
fe=(78)
476 2 0 0 0 0 0 0 0 0 1
fi=(80) ./elf/../sysdeps/generic/dl-protected.h
29 7456 0 0 0 0 0 0 0 0 3728
fe=(78)
483 9860 1864 0 0 0 0 0 0 0 3066 375
+16 3564 1782 1782
+1 1782 0 1782
+22 1782
-21 1782
+21 12556 12474
-21 82
+21 574 574
-99 5724 1908 0 1 0 0 1
-1 3816 3816 0 0 1108 0 0 189
+2 3816 0 0 0 0 0 0 0 0 1908 7
+2 1901 1901
+6 7604 1901 3802 1 0 0 1
-6 1901
+6 13307 0 9505 0 0 3
+7 8658 0 0 0 0 0 0 0 0 2886 35
-10 23745 4749 0 1 1656 0 1 472 0 4749 2114
+2 1870
+1 5610 1870
-1 1870 1870
+1 3740 3740 1870 0 0 3 0 0 1
-1 1870
+1 1870 0 1870
+1 1870
-1 1870 0 1870
+1 1870
-1 13090 5610 5610 1 0 7 1 0 1
cfn=(276)
calls=1870 70 
* 163934 49405 13164 48 590 11 26 293 2 19438 386 69 61
+4 5610 0 0 0 0 0 0 0 0 1870 12
+3 14 7
+31 305 267 0 2 0 0 2 0 0 38 4
+2 2 0 0 0 0 0 0 0 0 1 1
+50 16
-1 16
+1 112 112 0 1 0 0 1
222 82 82
+2 82
-2 246 82 164
+2 82
-2 82 0 82
+2 82
-2 82 0 82 1 0 0 1
+2 246 0 82
+2 82
-2 246 82 164 0 2 0 0 0 0 0 0 82 1
cfi=(24)
cfn=(86)
calls=82 42 
* 246 82
+2 82 82 0 0 2 0 0 1
+2 82 82
-1 82 82
+1 246 82 0 0 0 0 0 0 0 82 1
+2 162 0 0 1 0 0 1
+1 81
-1 567 0 324
+1 81
-1 162
+1 162
-1 162 0 81
+1 162 0 0 1 0 0 1
-1 1640 127
+24 352 0 0 0 0 0 0 0 0 176 84
+3 95
+1 285 0 0 0 0 0 0 0 0 95 44
-23 176 176 0 1 66 0 1 25
-1 352 176 0 0 0 0 0 0 0 176 22
487 3666 1222 0 1 2 0 1 0 0 1222 3
+4 1 0 1 1 0 0 1
fi=(28)
44 4 1 2 0 0 0 0 0 0 0 0 1 1
cfi=(27)
cfn=(74)
calls=1 +36 
* 41 8 7 0 1 0 0 0 0 4 1 1
* 1
fe=(78)
302 2 0 0 1 0 0 1 0 0 1
-72 1
+70 2 2
+5 1 0 1
+2 1 1
-7 1
+6 1 0 1
+1 1 0 1
170 12 0 0 1 0 0 1
+1 9 0 0 1 0 0 1
311 6 2
-1 2 0 0 0 0 0 0 0 0 1 1
+1 486 162
-1 162 0 0 0 0 0 0 0 0 81 12
+19 246 164 82 1 0 0 1
+2 82 82
-2 328 0 82
+2 82 82 82 0 0 0 0 0 0 0 0 82 1
cfi=(24)
cfn=(86)
calls=82 42 
* 246 82
+2 164 164
+1 82 0 82
-1 82 0 82
+1 82
176 518 0 0 1 0 0 1
-2 84
+1 252 0 0 0 0 0 0 0 0 84 36
-3 332 166 0 1 1 0 1 1 0 166 55
+7 82 0 82
+1 82 0 82
+1 82 0 82 0 0 20 0 0 11
+1 82 0 82
318 328 82 0 0 0 0 0 0 0 82 12
-56 1377 648 0 2 0 0 2 0 0 81 14
+7 10 0 8 1 0 0 1
cfi=(52)
cfn=(524)
calls=2 87 
* 159 14 0 2 4 0 1 2 0 22 14
fi=(28)
44 2
fe=(78)
269 2
fi=(28)
44 4 2 2 0 0 0 0 0 0 0 0 2 1
cfi=(27)
cfn=(74)
calls=2 +36 
* 82 16 14 0 1 0 0 0 0 8 1 2
* 2 0 2
fe=(78)
272 4 0 0 0 0 0 0 0 0 2
171 4 2
279 2 2
171 4 0 2
279 296 4 2 1 0 0 1 0 0 94 3
+1 276 92 0 0 4 0 0 1 0 92 28
+1 140 70 0 1 0 0 1
170 70
281 140 140 0 0 5
170 70
281 70
170 70
+1 70
-1 70
+1 210 70
+1 440
+2 14
+1 42 0 0 0 0 0 0 0 0 14 5
-3 168 84 0 0 46 0 0 46 0 84 15
+7 70 0 70
+3 70 0 70 0 0 24 0 0 24
-2 70 0 70
+3 70
+76 322 0 0 1 0 0 1
-83 12 2 0 1 0 0 1
285 10 4 4 1 0 0 1
+2 2
-2 10 2 2 0 0 0 0 0 0 0 0 2 1
cfi=(27)
cfn=(138)
calls=2 97 
* 10 4 0 1 0 0 0 0 0 2
170 2
288 2 2
-2 2 0 2
+3 4 4
-1 2 0 2 1 0 0 1
+1 4 2 2
170 4 2
+1 2 2
-1 2
+1 8 2

fl=(53)
fn=(172)
28 72 0 36 1 0 0 1
+3 36
-3 72 0 36 0 0 1 0 0 1
+3 216 0 0 0 0 0 0 0 0 72
+8 252 0 0 0 0 0 0 0 0 36 4
+2 12 12
-2 90 0 30 1 0 0 1
+2 60 60

fl=(39)
fn=(120)
25 5 0 3 1 0 0 1
+1 3 1 0 0 0 0 0 0 0 1 1
+21 1 1 0 1 0 0 1
-20 1
+20 3 3

fn=(114)
51 110 0 66 1 0 1 1 0 1
-25 44 11 0 1 0 0 1 0 0 11 9
+36 5
-7 5
+7 35 35
-26 24 0 0 0 0 0 0 0 0 12 3
+5 27 0 9
cfi=(41)
cfn=(118)
calls=9 -9 
* 216 27 0 3 0 0 3 0 0 18
* 9
+1 18 0 0 0 0 0 0 0 0 9 2
+3 6
+11 12 6 6
+1 18 0 6
+1 12 0 0 0 0 0 0 0 0 6 2
-2 6 3 3
+1 9 0 3
+1 6 0 0 0 0 0 0 0 0 3 2
-28 24 12 12 1 0 0 1
+4 48 12 0 0 1 0 0 1 0 12 6
+1 12 0 6
-1 30 6 0 1 0 0 1 0 0 6
+24 6 6
+9 12 0 0 0 0 0 0 0 0 6 4
-5 6 0 0 1 0 0 1
-2 6
+2 42 42
-19 6 0 3 1 0 0 1
cfi=(22)
cfn=(62)
calls=3 +14 
* 51 6 0 0 0 0 0 0 0 6
* 6

fl=(41)
fn=(118)
32 30 0 0 1 0 0 1
+1 30
+1 30
+1 30
+1 30 0 0 1 0 0 1
+1 30
+1 30
+1 30
+1 30 0 0 0 0 0 0 0 0 30
+1 30 30 0 0 5 0 0 5
+1 30
+1 30
+1 30
+1 30
+1 30
+1 30
+1 30
+1 30 0 0 0 0 0 0 0 0 30 7
+1 23
+4 23
+1 23 0 0 1 0 0 1
+1 23 23
+1 23
+2 23 23
+4 7 7 0 0 1 0 0 1
+1 7
+1 7
+1 7
+1 7
+1 7
+1 7 7 0 0 1 0 0 1
+1 7
+1 7
+1 7
+1 7
+1 7 0 0 1 0 0 1
+1 7
+1 7 7
+1 7
+1 7
+1 7
+1 7
+1 7
+1 7
+1 7
+1 7
+1 7
+1 7 0 0 0 0 0 0 0 0 7 6
+52 7 0 0 1 0 0 1
+4 7
+1 7
+1 7 7
+1 7
+2 7 7

fl=(50)
fn=(158)
254 6 0 3 1 0 0 1
+2 1
-2 6 0 1
+2 1 0 1
cfn=(160)
calls=1 -52 
* 2728 580 320 104 35 36 102 35 36 450 145 9 3
+1 2 1 1
+1 1 1
+1 1 1
-1 1 0 1
+1 1 0 1
+2 6 5 0 1 0 0 1

fn=(236)
186 2 0 1 1 0 0 1
58 1 1
186 4 0 1
+2 1 1
-2 1 0 1
58 1 0 0 1 0 0 1 0 0 1
+1 1 1
+11 1 0 1
192 1 0 1
+2 1 0 1 0 0 0 0 0 0 0 0 1 1
cfi=(2)
cfn=(238)
calls=1 674 
* 24966 7520 1565 50 129 78 49 120 73 5017 418 87 45
69 2 1 0 0 0 0 0 0 0 1
+1 1 0 1
198 1 1
-1 1 0 1
+1 3 3

fn=(160)
204 78 0 39 1 0 2 1 0 2
58 13 13 0 0 1 0 0 1
204 26 0 26 0 0 1 0 0 1
+3 26 0 0 0 0 0 0 0 0 13
+22 13
-1 13 0 13 1 0 1 1 0 1
+1 13 0 13
58 26 0 0 0 0 0 0 0 0 13 7
235 39 0 13
cfi=(51)
cfn=(162)
calls=13 31 
* 312 65 117 2 0 1 2 0 1
* 39 0 0 1 0 0 1 0 0 13
+2 39 26 13 0 0 0 0 0 0 0 0 13 2
cfi=(64)
cfn=(206)
calls=12 61 
* 28694 5977 3035 105 185 194 104 182 194 4913 764 63 20
cfi=(2)
cfn=(164)
calls=1 641 
* 2662 565 297 98 34 34 96 34 34 446 144 8 2
69 13 13
+1 13 13
-1 13 0 0 0 0 0 0 0 0 13

ob=(8)
fl=(211)
fn=(1314)
0 12 1 0 3 0 0 3 0 0 1 1

fn=(1306)
0 12 2 3 2 1 0 2 0 0 0 0 1 1
cob=(2)
cfi=(212)
cfn=(1308)
calls=1 242 
0 1153374843 384305336 96512945 272 6795454 6774327 233 62 5415 336587302 5435 180 84

fn=(1428)
0 9 3 2 0 2 0 0 0 0 2
cob=(4)
cfi=(175)
cfn=(1434) 0x0000000000109120
calls=1 0 
0 134 31 13 8 7 1 8 1 1 36 13 1 1
0 1 0 1
cfn=(1444) 0x00000000000020a0
calls=1 0 
0 5 1 0 0 0 0 0 0 0 1 1
0 3 2 1

fn=(1444)
0 5 1 0 0 0 0 0 0 0 1 1

fl=(217)
fn=(1332)
7 2 0 1 1 0 0 1
fi=(218) /home/konrad/Documents/ast2ast/development/../inst/include/etr_bits/./Core/Types.hpp
301 1
fe=(217)
7 9 1 6 1 0 0 1
fi=(218)
300 1 0 1
+1 1 0 1
cfn=(1334) void etr::ass<etr::string_literal<30ul>{std::array<char, 30ul>{char [30]{(char)83, (char)105, (char)122, (char)101, (char)32, (char)104, (char)97, (char)115, (char)32, (char)116, (char)111, (char)32, (char)98, (char)101, (char)32, (char)108, (char)97, (char)114, (char)103, (char)101, (char)114, (char)32, (char)116, (char)104, (char)97, (char)110, (char)32, (char)48, (char)33}}}>(bool)
calls=1 97 
* 4 1 0 1 0 0 1 0 0 1
fe=(217)
14 6 0 3
cfi=(219) /home/konrad/Documents/ast2ast/development/../inst/include/etr_bits/./Core/ArrayClass.hpp
cfn=(1336) etr::Array<etr::Double, etr::Buffer<etr::Double, etr::LBufferTrait> >::Array(etr::SI const&)
calls=1 +60 
* 174883 519 173168 21 52 2727 20 1 2707 173161 67 20 7
fi=(220) /home/konrad/Documents/ast2ast/development/../inst/include/etr_bits/./Core/Buffer.hpp
386 1 1 0 1 1 0 1
+1 1 1
fe=(217)
15 1
fi=(220)
388 2 1
fe=(217)
15 1
fi=(218)
+84 1 1
fe=(217)
-84 1
fi=(218)
+84 1 0 0 0 0 0 0 0 0 1
fe=(217)
-84 9603
fi=(218)
+84 9603 9603
fe=(217)
-84 9603
fi=(218)
+84 28811 0 0 0 0 0 0 0 0 19207 3
fi=(220)
387 9604 0 9604 0 0 1202
+1 9604 0 9604 0 0 151
fe=(217)
15 28812 0 0 1 0 0 1 0 0 9604 3
fi=(218)
301 1
-1 1 0 1 0 0 1
+1 1 0 1 0 0 1
cfn=(1334)
calls=1 97 
* 4 1 0 0 0 0 0 0 0 1
fe=(217)
16 5 1 2
cfi=(219)
cfn=(1336)
calls=1 +58 
* 174224 274 173032 0 62 2723 0 0 2706 173078 28 18
+2 1
-2 4 0 1 1 0 1 1
fi=(224) /usr/include/c++/13/bits/stl_vector.h
993 10000 10000 0 0 5000
fi=(257) /usr/include/c++/13/bits/move.h
198 5000 0 0 1 0 0 1
+1 5000 5000 0 0 5000
-1 5000 5000 0 0 5000
-1 5000 5000
+1 10000 0 10000
fi=(224)
1080 5000 5000
-87 5000
+87 5000 5000
-87 5000 0 0 1 0 0 1
fi=(257)
197 5000 5000
+2 5000 0 5000
fi=(220)
409 5000 0 5000
fi=(224)
1080 5000
fi=(257)
197 5000 0 5000
+1 5000 0 5000
+1 5000 0 5000
fi=(225) /usr/include/c++/13/bits/vector.tcc
+37 10000 0 0 0 0 0 0 0 0 5000
fi=(224)
993 15000 5000 0 1 0 0 1
fi=(225)
248 10000 0 0 0 0 0 0 0 0 5000
fi=(221) /usr/include/c++/13/bits/stl_algobase.h
436 10000 0 0 0 0 0 0 0 0 5000 2
fi=(225)
262 10000
fi=(227) /usr/include/c++/13/bits/shared_ptr_base.h
1070 5000 5000
fi=(225)
262 5000 0 5000
fi=(227)
1070 10000 0 0 1 0 0 1 0 0 5000 2
fi=(226) /usr/include/c++/13/optional
317 10000 5000 0 1 0 0 1 0 0 5000
fi=(227)
1070 30000 10000 0 1 0 0 1 0 0 10000 4
fi=(226)
317 10000 5000 0 0 0 0 0 0 0 5000
fe=(217)
18 10000 0 0 0 0 0 0 0 0 5000 1
fi=(218)
163 5000 5000 0 1 4999 0 1
fi=(227)
1463 5000
fi=(220)
238 5000 5000 0 1 1 0 1
fi=(226)
120 5000 0 5000 0 0 1
fi=(258) /usr/include/c++/13/bits/stl_construct.h
-1 5000 0 5000 0 0 1
fi=(220)
342 5000 5000
fi=(218)
163 5000 0 5000
-6 5000 5000
fi=(258)
-38 5000 0 5000
fi=(226)
280 5000 0 5000
fi=(218)
157 5000 0 5000 1 0 0 1
fi=(226)
-37 5000 0 5000 0 0 1
fi=(218)
+21 5000 0 5000
fi=(227)
1463 15000 0 15000
fi=(220)
238 10000 5000 0 0 0 0 0 0 0 5000
342 10000 0 0 0 0 0 0 0 0 5000
+4 10000 5000 0 1 0 0 1 0 0 5000 2
fi=(218)
214 10000 10000 0 1 0 0 1
fi=(220)
385 10000
fi=(218)
99 192080000 0 0 0 0 0 0 0 0 96040000
fi=(220)
387 48020000 0 48020000 0 0 6007500
+1 48020000 0 48020000 0 0 754976
fi=(219)
47 144060000 0 0 0 0 0 0 0 0 48020000 5000
fi=(218)
+52 192080000 96040000 0 1 0 0 1 0 0 96040000
fi=(220)
379 144060000 144060000 0 1 6010000 0 1
+1 48020000 48020000
fi=(223) /home/konrad/Documents/ast2ast/development/../inst/include/etr_bits/./Core/Scalars.hpp
1839 192080000 96040000 0 0 755000 0 0 0 0 96040000
+1 144060000
fi=(218)
214 10000 5000 0 0 5000
99 4 2 0 2 0 0 2 0 0 2 1
fe=(217)
-77 2 1
+1 1 1
-1 4 1 0 0 1
+1 1 0 1 0 0 1
cfi=(219)
cfn=(1378) etr::Array<etr::Double, etr::Buffer<etr::Double, etr::LBufferTrait> >::~Array()
calls=1 -10 
* 2412 812 420 32 93 25 31 12 0 346 56 20 9
* 2 1 1 0 1
cfi=(219)
cfn=(1378)
calls=1 -10 
* 978 291 150 0 4 1 0 0 0 156 13 15
* 12 9 0 0 1 0 0 0 0 1
fi=(220)
351 5000 0 5000 1 0 1 1
fi=(257)
198 10000 10000
fi=(219)
47 20000 0 0 1 0 0 1 0 0 5000
fi=(221)
438 5000 0 0 1 0 0 1 0 0 5000
-40 15000 5000 5000 0 5000 5000
fe=(217)

fl=(219)
fn=(1378)
13 6 0 2 1 0 0 1
fi=(224)
370 2 2
+19 4 0 0 0 0 0 0 0 0 2 1
-19 4 2
fi=(259) /usr/include/c++/13/bits/new_allocator.h
172 2 0 2
cob=(4)
cfi=(175)
cfn=(1382) 0x00000000001091b0
calls=2 0 
* 1624 577 298 14 84 24 13 12 0 214 23 11 6
fi=(220)
294 4 2 0 0 0 0 0 0 0 2
+1 8 2 2 0 0 0 0 0 0 2 1
cob=(4)
cfi=(175)
cfn=(1404) 0x00000000001091d0
calls=2 0 
* 380 110 60 13 10 1 13 0 0 60 12 6 3
+1 8 2 2 0 0 0 0 0 0 2
cob=(4)
cfi=(175)
cfn=(1404)
calls=2 0 
* 446 134 68 3 0 0 3 0 0 72 11 6
-2 4 2 0 1 0 0 1 0 0 2 2
+1 8 2 2 0 0 0 0 0 0 2
cob=(4)
cfi=(175)
cfn=(1404)
calls=2 0 
* 380 110 60 0 3 1 0 0 0 60 4 6
+1 6 2 0 0 0 0 0 0 0 2
fe=(219)
13 2 2
fi=(220)
296 2
cob=(4)
cfi=(175)
cfn=(1404)
calls=2 0 
* 500 154 74 0 0 0 0 0 0 82 15 6
fe=(219)

fn=(1336)
74 4 0 2 1 0 0 1
fi=(220)
288 2
fe=(219)
74 10 2 6 1 0 0 1
fi=(220)
288 6 0 6 0 0 1
fi=(218)
99 8 0 0 0 0 0 0 0 0 2 1
fi=(220)
310 14 4 0 1 2 0 1 1 0 4
-1 4
+2 2
-2 2
+2 2
-2 2 0 2
+2 6 0 2 0 0 0 0 0 0 2
cob=(4)
cfi=(175)
cfn=(1342) 0x0000000000109130
calls=2 0 
* 1369 407 222 6 32 15 5 0 2 199 33 8 4
+1 2 2
-1 2 0 2
+1 2 0 2
cob=(4)
cfi=(175)
cfn=(1342)
calls=2 0 
* 402 80 42 0 1 2 0 0 2 58 7 6 1
+59 4 4 0 1 0 0 1
-59 4 0 2
fi=(221)
930 6 0 0 0 0 0 0 0 0 2
+1 4 0 2
cob=(4)
cfi=(175)
cfn=(1354) 0x0000000000109170
calls=2 0 
* 153702 6 153664 4 4 2401 4 0 2401 153672 9 2 1
-1 4 0 0 0 0 0 0 0 0 2
+1 8 0 2
cob=(4)
cfi=(175)
cfn=(1354)
calls=2 0 
* 19246 6 19208 0 4 302 0 0 301 19216 7 2
fe=(219)
74 2 2 0 0 2
fi=(220)
288 2
+26 2 0 2 0 0 2
-26 6 0 6 1 0 1 1
fi=(218)
99 4 0 0 0 0 0 0 0 0 2
fi=(220)
310 14 4 0 0 2 0 0 0 0 4
-1 4 0 0 1 0 0 1
+2 2
-2 2
+2 2
-2 2 0 2
+2 6 0 2 0 0 0 0 0 0 2
cob=(4)
cfi=(175)
cfn=(1342)
calls=2 0 
* 412 80 42 0 28 10 0 0 2 60 3 6
* 2 0 2
+1 4 2 2
cob=(4)
cfi=(175)
cfn=(1342)
calls=2 0 
* 402 80 42 0 2 2 0 0 2 58 3 6
+59 4 4
-59 4 0 2
fi=(221)
930 6 0 0 1 0 0 1 0 0 2
+1 4 0 2
cob=(4)
cfi=(175)
cfn=(1354)
calls=2 0 
* 153702 6 153664 0 2 2401 0 0 2401 153672 3 2
-1 4 0 0 0 0 0 0 0 0 2
+1 8 0 2
cob=(4)
cfi=(175)
cfn=(1354)
calls=2 0 
* 19246 6 19208 0 4 302 0 0 301 19216 4 2
fi=(220)
314 2 0 2 0 0 2
fi=(224)
100 2
fi=(259)
+51 2
fi=(224)
-51 4 0 4
fi=(259)
+51 2 0 2
cob=(4)
cfi=(175)
cfn=(1358) 0x00000000001091a0
calls=2 0 
* 408 86 42 3 30 9 3 0 1 64 25 4 1
fi=(221)
931 2 2 0 0 1
fi=(224)
400 2 0 0 1 0 0 1
-2 2 0 2
+2 2 0 2
fi=(221)
931 2 0 2
fi=(224)
1706 2 0 2
fe=(219)
74 12 10

ob=(1)
fl=(50)
fn=(160)
70 13 0 13
239 52 13 26
-25 13
+34 39 39
59 26 13 13 1 0 0 1
+11 39 0 13

ob=(8)
fl=(218)
fn=(1334)
97 2 0 0 1 0 0 1
+2 6 2 0 0 0 0 0 0 0 2

ob=(4)
fl=(175)
fn=(704)
0 2 1 0 1 1 0 1 0 0 0 0 1 1
cob=(7)
cfi=(185)
cfn=(708)
calls=1 0 
0 832 297 147 9 14 1 9 5 0 114 10 3 2
cob=(1)
cfi=(186)
cfn=(642)
calls=1 71 
0 970 289 127 0 8 2 0 2 0 138 9 1 1
0 5 2 2 1 0 0 1 0 0 0 0 1

fn=(608)
0 7 2 0 1 1 0 1 0 0 1 1

fn=(768)
0 2 1 0 1 1 0 1 0 0 0 0 1 1
cob=(7)
cfi=(185)
cfn=(772)
calls=1 0 
0 51 15 12 2 1 0 2 0 0 2 0 3
cob=(1)
cfi=(186)
cfn=(642)
calls=1 71 
0 745 253 127 0 6 0 0 0 0 98 4 1 1
0 5 2 2 1 0 0 1 0 0 0 0 1

fn=(786)
0 4 2 0 1 0 0 1 0 0 0 0 2 2
cob=(2)
cfi=(192)
cfn=(790)
calls=2 30 
0 44 18 8 3 3 0 3 0 0 2 2
cob=(1)
cfi=(186)
cfn=(642)
calls=1 71 
0 771 279 132 0 16 0 0 6 0 107 6 1 1
0 5 2 2 1 0 0 1 0 0 0 0 1

fn=(792)
0 256 128 0 1 1 0 1 0 0 0 0 128 2
cob=(2)
cfi=(193)
cfn=(796)
calls=128 30 
0 3200 1024 640 2 0 0 2 0 0 384
cob=(1)
cfi=(186)
cfn=(642)
calls=1 71 
0 859 293 139 3 17 0 0 4 0 120 11 2 2
0 5 2 2 1 0 0 1 0 0 0 0 1

fn=(864)
0 2 1 0 1 0 0 1 0 0 0 0 1 1
cob=(7)
cfi=(185)
cfn=(868)
calls=1 0 
0 51 15 12 1 1 1 1 0 1 2 0 3
cob=(1)
cfi=(186)
cfn=(642)
calls=1 71 
0 745 253 127 0 6 0 0 1 0 98 4 1 1
0 5 2 2 1 0 0 1 0 0 0 0 1

fn=(938)
0 2 1 0 1 1 0 1 0 0 0 0 1 1
cob=(7)
cfi=(185)
cfn=(942)
calls=1 0 
0 353 75 75 5 0 0 5 0 0 64 19
cob=(1)
cfi=(186)
cfn=(642)
calls=1 71 
0 938 284 127 0 5 0 0 0 0 132 4 1 1
0 5 2 2 1 0 0 1 0 0 0 0 1

fn=(1552)
0 6 3 0 1 1 0 1 0 0 0 0 3 2
cob=(7)
cfi=(185)
cfn=(1556)
calls=3 0 
0 1593 546 244 8 21 0 8 3 0 212 18 25 9
cob=(1)
cfi=(186)
cfn=(642)
calls=1 71 
0 873 274 127 0 7 0 0 4 0 120 3 1 1
0 5 2 2 1 0 0 1 0 0 0 0 1

fn=(1553)
0 2 1 0 0 0 0 0 0 0 0 0 1
cob=(7)
cfi=(185)
cfn=(1557)
calls=1 0 
0 136 54 24 0 0 0 0 0 0 17 2 4

fn=(588)
0 7 2 0 1 0 0 1 0 0 1

fn=(666)
0 2 1 0 1 1 0 1 0 0 0 0 1 1
cob=(7)
cfi=(185)
cfn=(670)
calls=1 0 
0 71802 21274 9644 324 441 107 321 91 94 11587 543 887 127
cob=(1)
cfi=(186)
cfn=(642)
calls=1 71 
0 702 245 127 0 6 1 0 1 1 92 7 1 1
0 5 2 2 1 0 0 1 0 0 0 0 1

fn=(672)
0 14 7 0 1 0 0 1 0 0 0 0 7 2
cob=(7)
cfi=(185)
cfn=(676)
calls=7 0 
0 21 7 0 1 0 0 1
cob=(1)
cfi=(186)
cfn=(642)
calls=1 71 
0 812 259 127 0 11 3 0 2 0 109 6 1 1
0 5 2 2 0 0 0 0 0 0 0 0 1

fn=(618)
0 7 2 0 1 1 0 1 0 0 1 1

fn=(720)
0 64 32 0 1 1 0 1 0 0 0 0 32 2
cob=(7)
cfi=(185)
cfn=(724)
calls=32 0 
0 13455 3993 513 10 15 0 10 8 0 3390 61 34 5
cob=(1)
cfi=(186)
cfn=(642)
calls=1 71 
0 942 284 127 0 7 0 0 3 0 134 8 1 1
0 5 2 2 1 0 0 1 0 0 0 0 1

fn=(732)
0 2 1 0 1 1 0 1 0 0 0 0 1 1
cob=(7)
cfi=(185)
cfn=(736)
calls=1 0 
0 44 13 10 2 1 1 2 0 1 2 0 2 2
cob=(1)
cfi=(186)
cfn=(642)
calls=1 71 
0 782 258 127 0 6 0 0 1 0 106 5 1 1
0 5 2 2 1 0 0 1 0 0 0 0 1

fn=(738)
0 2 1 0 1 1 0 1 0 0 0 0 1 1
cob=(7)
cfi=(185)
cfn=(742)
calls=1 0 
0 417 138 76 5 5 0 5 3 0 64 18
cob=(1)
cfi=(186)
cfn=(642)
calls=1 71 
0 1002 294 127 0 9 0 0 2 0 144 6 1 1
0 5 2 2 1 0 0 1 0 0 0 0 1

fn=(820)
0 138 69 0 2 2 0 1 0 0 0 0 69 11
cob=(2)
cfi=(198)
cfn=(822)
calls=69 52 
0 966 138 0 1 6 0 1 6 0 138 3

fn=(872)
0 2 1 0 1 0 0 1 0 0 0 0 1 1
cob=(7)
cfi=(185)
cfn=(876)
calls=1 0 
0 417 138 76 5 0 0 5 0 0 64 15
cob=(1)
cfi=(186)
cfn=(642)
calls=1 71 
0 930 283 127 0 9 1 0 1 0 130 4 1 1
0 5 2 2 1 0 0 1 0 0 0 0 1

fn=(926)
0 2 1 0 1 1 0 1 0 0 0 0 1 1
cob=(7)
cfi=(185)
cfn=(930)
calls=1 0 
0 51 15 12 2 0 1 2 0 1 2 0 3
cob=(1)
cfi=(186)
cfn=(642)
calls=1 71 
0 713 247 127 0 7 0 0 1 0 94 6 1 1
0 5 2 2 1 0 0 1 0 0 0 0 1

fn=(956)
0 2 1 0 1 1 0 1 0 0 0 0 1 1
cob=(7)
cfi=(185)
cfn=(960)
calls=1 0 
0 109 30 31 5 0 0 5 0 0 14 2
cob=(1)
cfi=(186)
cfn=(642)
calls=1 71 
0 1034 299 127 0 9 0 0 2 0 150 5 1 1
0 5 2 2 1 0 0 1 0 0 0 0 1

fn=(1118)
0 2 1 0 1 1 0 1 0 0 0 0 1 1
cob=(2)
cfi=(201)
cfn=(1122)
calls=1 28 
0 981 264 18 13 68 0 12 36 0 246 42 12 2
cob=(1)
cfi=(186)
cfn=(642)
calls=1 71 
0 913 300 139 4 21 0 0 4 0 122 16 3 3
0 5 2 2 1 0 0 1 0 0 0 0 1

fn=(1460) 0x000000000483d030
0 2 1 0 1 0 0 0 0 0 0 0 1 1
cob=(2)
cfi=(234)
cfn=(1436)
calls=1 30 
0 132 30 13 0 0 0 0 0 0 36 11

fn=(1546)
0 4 2 0 1 1 0 1 0 0 0 0 2 2
cob=(1)
cfi=(240)
cfn=(1550)
calls=2 29 
0 24 14 0 2 3 0 2 0 0 4
cob=(1)
cfi=(186)
cfn=(642)
calls=1 71 
0 911 317 136 4 22 0 0 10 0 130 6 2 2
0 5 2 2 1 0 0 1 0 0 0 0 1

fn=(744)
0 2 1 0 1 1 0 1 0 0 0 0 1 1
cob=(7)
cfi=(185)
cfn=(748)
calls=1 0 
0 114 38 31 6 2 0 6 1 0 13 10
cob=(1)
cfi=(186)
cfn=(642)
calls=1 71 
0 1066 305 127 0 10 0 0 2 0 154 4 1 1
0 5 2 2 1 0 0 1 0 0 0 0 1

fn=(780)
0 2 1 0 1 1 0 1 0 0 0 0 1 1
cob=(7)
cfi=(185)
cfn=(784)
calls=1 0 
0 25328 7221 3726 44 80 20 41 22 20 3666 118 664 54
cob=(1)
cfi=(186)
cfn=(642)
calls=1 71 
0 794 260 127 0 7 0 0 2 0 107 5 1 1
0 5 2 2 1 0 0 1 0 0 0 0 1

fn=(1026)
0 16 8 0 1 1 0 1 0 0 0 0 8 2
cob=(7)
cfi=(185)
cfn=(1030)
calls=8 0 
0 736 104 248 3 0 31 3 0 26 88 27 8
cob=(1)
cfi=(186)
cfn=(642)
calls=1 71 
0 678 241 127 0 7 0 0 1 0 88 6 1 1
0 5 2 2 1 0 0 1 0 0 0 0 1

fn=(1386)
0 20 10 0 1 1 0 0 0 0 0 0 10 2
cob=(7)
cfi=(185)
cfn=(1390)
calls=10 0 
0 2659 834 431 25 56 2 25 6 0 412 58 13 4
cob=(1)
cfi=(186)
cfn=(642)
calls=1 71 
0 606 229 127 0 38 24 0 6 0 76 7 1 1
0 5 2 2 1 1 0 1 0 0 0 0 1

fn=(1404)
0 16 8 0 1 0 0 1 0 0 0 0 8 1
cob=(7)
cfi=(185)
cfn=(1406)
calls=8 0 
0 1690 500 262 15 13 2 15 0 0 274 42 16 2

fn=(1310)
0 7 2 0 1 0 0 1 0 0 1 1

fn=(684)
0 28 14 0 1 1 0 1 0 0 0 0 14 2
cob=(7)
cfi=(185)
cfn=(688)
calls=14 0 
0 3212 1026 486 23 45 3 23 16 0 423 40 25 9
cob=(1)
cfi=(186)
cfn=(642)
calls=1 71 
0 826 264 127 0 7 1 0 2 0 115 7 1 1
0 5 2 2 1 0 0 1 0 0 0 0 1

fn=(690)
0 28 14 0 1 1 0 1 0 0 0 0 14 2
cob=(2)
cfi=(188)
cfn=(694)
calls=14 136 
0 1968 631 297 20 26 3 20 9 0 273 25 7 5
cob=(1)
cfi=(186)
cfn=(642)
calls=1 71 
0 1001 323 145 0 18 0 0 7 0 136 15 3 2
0 5 2 2 1 0 0 1 0 0 0 0 1

fn=(710)
0 2 1 0 1 1 0 1 0 0 0 0 1 1
cob=(2)
cfi=(190)
cfn=(714)
calls=1 43 
0 40 12 9 6 0 0 6 0 0 6 2
cob=(1)
cfi=(186)
cfn=(642)
calls=1 71 
0 771 279 132 0 13 1 0 5 0 107 8 1 1
0 5 2 2 1 0 0 1 0 0 0 0 1

fn=(774)
0 2 1 0 1 1 0 1 0 0 0 0 1 1
cob=(7)
cfi=(185)
cfn=(778)
calls=1 0 
0 26175 7496 3866 48 88 21 45 24 21 3775 123 669 56
cob=(1)
cfi=(186)
cfn=(642)
calls=1 71 
0 686 242 127 0 7 0 0 2 0 90 4 1 1
0 5 2 2 1 0 0 1 0 0 0 0 1

fn=(834)
0 2 1 0 1 1 0 1 0 0 0 0 1 1
cob=(7)
cfi=(185)
cfn=(838)
calls=1 0 
0 353 75 75 5 1 3 5 1 3 64 15
cob=(1)
cfi=(186)
cfn=(642)
calls=1 71 
0 978 291 127 0 8 0 0 2 0 138 5 1 1
0 5 2 2 1 0 0 1 0 0 0 0 1

fn=(992)
0 2 1 0 1 1 0 1 0 0 0 0 1 1
cob=(7)
cfi=(185)
cfn=(996)
calls=1 0 
0 51 15 12 2 0 0 2 0 0 2 0 3
cob=(1)
cfi=(186)
cfn=(642)
calls=1 71 
0 713 247 127 0 6 0 0 1 0 94 5 1 1
0 5 2 2 1 0 0 1 0 0 0 0 1

fn=(1062)
0 8 4 0 1 1 0 1 0 0 0 0 4 2
cob=(7)
cfi=(185)
cfn=(1066)
calls=4 0 
0 1722 558 297 6 8 0 6 2 0 180 13 34 3
cob=(1)
cfi=(186)
cfn=(642)
calls=1 71 
0 985 293 127 0 8 0 0 4 0 139 6 1 1
0 5 2 2 1 0 0 1 0 0 0 0 1

fn=(1126)
0 22 11 0 1 1 0 1 0 0 0 0 11 1
cob=(2)
cfi=(203)
cfn=(1128)
calls=11 206 
0 294 55 0 7 5 0 7 5 0 47 13

fn=(1450)
0 4 1 0 1 0 0 1

fn=(1478)
0 2 1 0 1 0 0 1 0 0 0 0 1 1
cob=(2)
cfi=(234)
cfn=(1436)
calls=1 30 
0 8839 3065 1483 59 147 3 53 44 0 1211 100 84 45

fn=(1510)
0 6 3 0 1 1 0 1 0 0 0 0 3 2
cob=(7)
cfi=(185)
cfn=(1514)
calls=3 0 
0 4458 1600 774 32 88 0 28 28 0 594 57 34 16
cob=(1)
cfi=(186)
cfn=(642)
calls=1 71 
0 681 241 127 0 8 0 0 4 0 90 5 1 1
0 5 2 2 1 0 0 1 0 0 0 0 1

fn=(1511)
0 2 1 0 0 0 0 0 0 0 0 0 1
cob=(7)
cfi=(185)
cfn=(1515)
calls=1 0 
0 136 54 24 0 0 0 0 0 0 17 5 4 1

fn=(1516)
0 6 3 0 1 1 0 1 0 0 0 0 3 2
cob=(7)
cfi=(185)
cfn=(1520)
calls=3 0 
0 213 82 43 3 1 0 3 0 0 24 9 5 1
cob=(1)
cfi=(186)
cfn=(642)
calls=1 71 
0 709 246 127 0 7 0 0 4 0 95 5 1 1
0 5 2 2 1 0 0 1 0 0 0 0 1

fn=(1517)
0 2 1 0 0 0 0 0 0 0 0 0 1
cob=(7)
cfi=(185)
cfn=(1521)
calls=1 0 
0 22 8 6 0 0 0 0 0 0 2

fn=(1558)
0 6 3 0 1 0 0 1 0 0 0 0 3 3
cob=(7)
cfi=(185)
cfn=(1562)
calls=3 0 
0 213 82 43 2 1 0 2 0 0 24 5 5
cob=(1)
cfi=(186)
cfn=(642)
calls=1 71 
0 917 281 127 0 8 0 0 3 0 128 4 1 1
0 5 2 2 0 0 0 0 0 0 0 0 1

fn=(1559)
0 2 1 0 0 0 0 0 0 0 0 0 1
cob=(7)
cfi=(185)
cfn=(1563)
calls=1 0 
0 22 8 6 0 0 0 0 0 0 2 1

fn=(1574)
0 4 1 0 1 0 0 1

fn=(858)
0 2 1 0 1 1 0 1 0 0 0 0 1 1
cob=(7)
cfi=(185)
cfn=(862)
calls=1 0 
0 154 34 32 13 2 0 13 0 0 4 1 2
cob=(1)
cfi=(186)
cfn=(642)
calls=1 71 
0 986 291 127 0 8 0 0 3 0 141 3 1 1
0 5 2 2 1 0 0 1 0 0 0 0 1

fn=(902)
0 2 1 0 1 1 0 1 0 0 0 0 1 1
cob=(7)
cfi=(185)
cfn=(906)
calls=1 0 
0 115 38 31 6 0 1 6 0 0 13 7
cob=(1)
cfi=(186)
cfn=(642)
calls=1 71 
0 1018 297 127 0 9 0 0 1 0 146 6 1 1
0 5 2 2 1 0 0 1 0 0 0 0 1

fn=(968)
0 2 1 0 1 1 0 1 0 0 0 0 1 1
cob=(7)
cfi=(185)
cfn=(972)
calls=1 0 
0 109 30 31 6 0 0 6 0 0 14 8
cob=(1)
cfi=(186)
cfn=(642)
calls=1 71 
0 1010 296 127 0 8 0 0 0 0 144 5 1 1
0 5 2 2 1 0 0 1 0 0 0 0 1

fn=(1346)
0 16 8 0 1 4 0 1 0 0 0 0 8 2
cob=(7)
cfi=(185)
cfn=(1350)
calls=8 0 
0 1878 386 212 2 48 21 2 0 8 292 37 8 1
cob=(1)
cfi=(186)
cfn=(642)
calls=1 71 
0 654 243 134 0 9 8 0 0 0 83 9 1 1
0 5 2 2 1 0 0 0 0 0 0 0 1

fn=(1358)
0 4 2 0 1 2 0 1 0 0 0 0 2 1
cob=(7)
cfi=(185)
cfn=(1350)
calls=2 0 
0 404 84 42 2 28 9 2 0 1 64 25 2

fn=(1594) 0x0000000004ae23c0
0 2 1 0 1 0 0 1 0 0 0 0 1 1
cob=(2)
cfi=(234)
cfn=(1436)
calls=1 30 
0 132 30 13 0 1 0 0 0 0 36 3

fn=(1622)
0 4 1 0 1 0 0 1

fn=(630)
0 7 2 0 1 1 0 1 0 0 1

fn=(726)
0 172 86 0 1 1 0 1 0 0 0 0 86 4
cob=(7)
cfi=(185)
cfn=(730)
calls=86 0 
0 948 316 96 2 8 0 2 7 0 134 18
cob=(1)
cfi=(186)
cfn=(642)
calls=1 71 
0 714 247 127 0 6 0 0 1 0 94 7 1 1
0 5 2 2 1 0 0 1 0 0 0 0 1

fn=(750)
0 2 1 0 1 1 0 1 0 0 0 0 1 1
cob=(7)
cfi=(185)
cfn=(754)
calls=1 0 
0 115 38 31 5 0 0 5 0 0 13 8
cob=(1)
cfi=(186)
cfn=(642)
calls=1 71 
0 1066 305 127 0 6 0 0 0 0 154 4 1 1
0 5 2 2 1 0 0 1 0 0 0 0 1

fn=(824)
0 98 49 0 1 1 0 1 0 0 0 0 49 10
cob=(2)
cfi=(199)
cfn=(826)
calls=49 73 
0 1048 225 0 3 0 0 3 0 0 196 24

fn=(840)
0 2 1 0 1 1 0 1 0 0 0 0 1 1
cob=(7)
cfi=(185)
cfn=(844)
calls=1 0 
0 109 30 31 5 0 0 5 0 0 14 6
cob=(1)
cfi=(186)
cfn=(642)
calls=1 71 
0 1082 307 127 0 9 0 0 2 0 158 5 1 1
0 5 2 2 1 0 0 1 0 0 0 0 1

fn=(1038)
0 16 8 0 1 1 0 1 0 0 0 0 8 2
cob=(7)
cfi=(185)
cfn=(1042)
calls=8 0 
0 2202 771 434 10 18 0 10 3 0 243 28 28 6
cob=(1)
cfi=(186)
cfn=(642)
calls=1 71 
0 722 248 127 0 7 0 0 2 0 96 4 1 1
0 5 2 2 1 0 0 1 0 0 0 0 1

fn=(1050)
0 16 8 0 1 0 0 1 0 0 0 0 8 2
cob=(7)
cfi=(185)
cfn=(1054)
calls=8 0 
0 96 40 16 2 0 0 2 0 0 8 4
cob=(1)
cfi=(186)
cfn=(642)
calls=1 71 
0 706 244 127 0 9 0 0 1 0 96 7 1 1
0 5 2 2 0 0 0 0 0 0 0 0 1

fn=(1342)
0 16 8 0 1 2 0 1 0 0 0 0 8 1
cob=(7)
cfi=(185)
cfn=(1344)
calls=8 0 
0 2569 639 348 5 61 29 4 0 8 375 46 18 4

fn=(1500)
0 4 2 0 1 1 0 0 0 0 0 0 2 2
cob=(7)
cfi=(185)
cfn=(1504)
calls=2 0 
0 4 2
cob=(1)
cfi=(186)
cfn=(642)
calls=1 71 
0 760 250 127 1 10 2 0 4 0 101 7 1 1
0 5 2 2 1 0 0 1 0 0 0 0 1

fn=(1604)
0 4 1 0 1 0 0 1

fn=(650)
0 44 22 0 1 2 0 1 0 0 0 0 22 2
cob=(7)
cfi=(185)
cfn=(654)
calls=22 0 
0 73936 22021 10063 334 457 111 331 95 96 11844 568 893 131
cob=(1)
cfi=(186)
cfn=(642)
calls=1 71 
0 674 240 127 0 6 1 0 2 0 88 10 1 1
0 5 2 2 1 0 0 1 0 0 0 0 1

fn=(762)
0 2 1 0 1 1 0 1 0 0 0 0 1 1
cob=(7)
cfi=(185)
cfn=(766)
calls=1 0 
0 157 35 33 13 3 0 13 0 0 4 1 2
cob=(1)
cfi=(186)
cfn=(642)
calls=1 71 
0 962 288 127 0 7 0 0 2 0 135 3 1 1
0 5 2 2 1 0 0 1 0 0 0 0 1

fn=(846)
0 2 1 0 1 1 0 1 0 0 0 0 1 1
cob=(7)
cfi=(185)
cfn=(850)
calls=1 0 
0 109 30 31 6 0 0 6 0 0 14 10
cob=(1)
cfi=(186)
cfn=(642)
calls=1 71 
0 1050 303 127 0 7 0 0 1 0 150 4 1 1
0 5 2 2 1 0 0 1 0 0 0 0 1

fn=(852)
0 2 1 0 1 0 0 1 0 0 0 0 1 1
cob=(7)
cfi=(185)
cfn=(856)
calls=1 0 
0 1176 335 171 17 12 1 17 3 1 145 4 6 2
cob=(1)
cfi=(186)
cfn=(642)
calls=1 71 
0 885 276 127 0 7 0 0 0 0 123 5 1 1
0 5 2 2 0 0 0 0 0 0 0 0 1

fn=(1136)
0 22 11 0 1 6 0 1 0 0 0 0 11 2
cob=(2)
cfi=(204)
cfn=(1140)
calls=11 3294 
0 3913 624 541 69 102 72 67 13 54 685 128 12 1
cob=(1)
cfi=(186)
cfn=(642)
calls=1 71 
0 858 294 139 4 14 0 0 1 0 121 10 2 2
0 5 2 2 1 0 0 1 0 0 0 0 1

fn=(1434)
0 2 1 0 0 0 0 0 0 0 0 0 1 1
cob=(2)
cfi=(234)
cfn=(1436)
calls=1 30 
0 132 30 13 8 7 1 8 1 1 36 13

fn=(636)
0 2 1 0 1 1 0 1 0 0 0 0 1 1
cob=(7)
cfi=(185)
cfn=(648)
calls=1 0 
0 83471 24956 11841 400 547 158 395 114 125 12994 671 1005 158
cob=(1)
cfi=(186)
cfn=(642)
calls=1 71 
0 718 247 127 12 14 7 12 0 0 95 8 1 1
0 5 2 2 1 1 0 1 0 0 0 0 1 1

fn=(678)
0 2 1 0 1 1 0 1 0 0 0 0 1 1
cob=(7)
cfi=(185)
cfn=(682)
calls=1 0 
0 3867 1211 656 30 55 13 30 18 9 577 67 15 10
cob=(1)
cfi=(186)
cfn=(642)
calls=1 71 
0 702 245 127 0 7 0 0 0 0 92 7 1 1
0 5 2 2 1 0 0 1 0 0 0 0 1

fn=(798)
0 512 256 0 1 1 0 1 0 0 0 0 256 2
cob=(2)
cfi=(194)
cfn=(802)
calls=256 32 
0 11136 3712 1408 6 6 0 6 0 0 1664 9 128 1
cob=(1)
cfi=(186)
cfn=(642)
calls=1 71 
0 734 274 132 0 7 0 0 1 0 100 5 1 1
0 5 2 2 1 0 0 1 0 0 0 0 1

fn=(808)
0 24 12 0 1 1 0 1 0 0 0 0 12 11
cob=(7)
cfi=(185)
cfn=(812)
calls=12 0 
0 4218 946 321 17 20 0 17 8 0 649 61 129 31
cob=(1)
cfi=(186)
cfn=(642)
calls=1 71 
0 814 263 127 0 8 0 0 3 0 112 8 1 1
0 5 2 2 1 0 0 1 0 0 0 0 1

fn=(814)
0 20 10 0 1 1 0 1 0 0 0 0 10 10
cob=(2)
cfi=(197)
cfn=(818)
calls=10 26 
0 3300 646 187 9 11 0 9 5 0 487 39 117 20
cob=(1)
cfi=(186)
cfn=(642)
calls=1 71 
0 747 276 132 0 8 0 0 3 0 102 7 1 1
0 5 2 2 1 0 0 1 0 0 0 0 1

fn=(890)
0 2 1 0 1 1 0 1 0 0 0 0 1 1
cob=(7)
cfi=(185)
cfn=(894)
calls=1 0 
0 114 38 31 4 0 1 4 0 0 13 7
cob=(1)
cfi=(186)
cfn=(642)
calls=1 71 
0 1002 295 127 0 9 0 0 3 0 142 4 1 1
0 5 2 2 1 0 0 1 0 0 0 0 1

fn=(1018)
0 2 1 0 0 1 0 0 0 0 0 0 1 1
cob=(7)
cfi=(185)
cfn=(1022)
calls=1 0 
0 3 1 1 1 0 1 1
cob=(1)
cfi=(186)
cfn=(642)
calls=1 71 
0 734 250 127 0 6 0 0 2 0 98 3 1 1
0 5 2 2 1 0 0 1 0 0 0 0 1

fn=(1032)
0 8 4 0 1 1 0 1 0 0 0 0 4 2
cob=(7)
cfi=(185)
cfn=(1036)
calls=4 0 
0 3859 1299 680 19 36 0 19 8 0 463 40 40 12
cob=(1)
cfi=(186)
cfn=(642)
calls=1 71 
0 1025 298 127 0 8 0 0 1 0 149 8 1 1
0 5 2 2 1 0 0 0 0 0 0 0 1

fn=(1044)
0 16 8 0 1 1 0 1 0 0 0 0 8 2
cob=(7)
cfi=(185)
cfn=(1048)
calls=8 0 
0 184 64 32 2 0 0 2 0 0 16 8
cob=(1)
cfi=(186)
cfn=(642)
calls=1 71 
0 694 243 127 0 7 0 0 1 0 91 3 1 1
0 5 2 2 1 0 0 1 0 0 0 0 1

fn=(1068)
0 8 4 0 1 1 0 1 0 0 0 0 4 2
cob=(7)
cfi=(185)
cfn=(1072)
calls=4 0 
0 224 100 36 2 0 0 2 0 0 12 3 12
cob=(1)
cfi=(186)
cfn=(642)
calls=1 71 
0 985 292 127 0 7 0 0 2 0 140 5 1 1
0 5 2 2 1 0 0 1 0 0 0 0 1

fn=(1108)
0 2 1 0 1 0 0 1 0 0 0 0 1 1
cob=(7)
cfi=(185)
cfn=(1112)
calls=1 0 
0 3 1 0 1 0 0 1
cob=(1)
cfi=(186)
cfn=(642)
calls=1 71 
0 740 247 127 0 6 0 0 0 0 98 6 1 1
0 5 2 2 1 0 0 0 0 0 0 0 1

fn=(1392)
0 20 10 0 1 1 0 1 0 0 0 0 10 2
cob=(2)
cfi=(204)
cfn=(1396)
calls=10 3359 
0 1796 534 290 23 21 2 23 2 0 298 46
cob=(1)
cfi=(186)
cfn=(642)
calls=1 71 
0 818 288 139 0 34 0 0 4 0 114 12 2 2
0 5 2 2 1 0 0 1 0 0 0 0 1

fn=(1470)
0 4 1 0 1 0 0 1

fn=(1524)
0 20 10 0 1 1 0 1 0 0 0 0 10 2
cob=(2)
cfi=(237)
cfn=(1528)
calls=10 32 
0 660 230 120 8 9 0 8 2 0 100 21 10 1
cob=(1)
cfi=(186)
cfn=(642)
calls=1 71 
0 730 274 132 0 12 0 0 7 0 99 9 1 1
0 5 2 2 1 0 0 1 0 0 0 0 1

fn=(1540)
0 4 2 0 0 1 0 0 0 0 0 0 2 2
cob=(7)
cfi=(185)
cfn=(1544)
calls=2 0 
0 960 339 142 9 26 0 5 10 0 134 6 5 4
cob=(1)
cfi=(186)
cfn=(642)
calls=1 71 
0 690 242 127 0 9 0 0 3 0 91 5 1 1
0 5 2 2 1 0 0 1 0 0 0 0 1

fn=(1612)
0 2 1 0 1 0 0 1 0 0 0 0 1 1
cob=(2)
cfi=(234)
cfn=(1436)
calls=1 30 
0 132 30 13 0 0 0 0 0 0 36 3

fn=(564)
0 40 20 0 2 2 0 1 0 0 0 0 20 2
cob=(1)
cfi=(11)
cfn=(28)
calls=20 387 
0 469 80 20 1 36 0 0 16 0 60 24

fn=(602)
0 2 1 0 1 1 0 1 0 0 0 0 1 1
cob=(2)
cfi=(181)
cfn=(604)
calls=1 53 
0 22 2 0 2 1 0 2 1 0 3 1

fn=(756)
0 2 1 0 1 1 0 1 0 0 0 0 1 1
cob=(7)
cfi=(185)
cfn=(760)
calls=1 0 
0 1155 333 172 17 11 0 17 2 0 139 4 6 3
cob=(1)
cfi=(186)
cfn=(642)
calls=1 71 
0 877 275 127 0 8 0 0 1 0 121 5 1 1
0 5 2 2 1 0 0 1 0 0 0 0 1

fn=(828)
0 2 1 0 0 0 0 0 0 0 0 0 1 1
cob=(7)
cfi=(185)
cfn=(832)
calls=1 0 
0 44 13 10 2 0 2 2 0 2 2 0 2
cob=(1)
cfi=(186)
cfn=(642)
calls=1 71 
0 782 258 127 0 7 0 0 2 0 106 5 1 1
0 5 2 2 1 0 0 1 0 0 0 0 1

fn=(1056)
0 8 4 0 1 1 0 1 0 0 0 0 4 2
cob=(7)
cfi=(185)
cfn=(1060)
calls=4 0 
0 224 100 36 3 1 0 3 0 0 12 8 12
cob=(1)
cfi=(186)
cfn=(642)
calls=1 71 
0 985 292 127 0 8 0 0 3 0 140 5 1 1
0 5 2 2 1 0 0 1 0 0 0 0 1

fn=(1076)
0 22 11 0 1 1 0 1 0 0 0 0 11 2
cob=(2)
cfi=(200)
cfn=(1080)
calls=11 67 
0 832 176 199 7 3 6 7 1 5 109 14
cob=(1)
cfi=(186)
cfn=(642)
calls=1 71 
0 902 301 139 2 21 0 0 5 0 129 11 2 2
0 5 2 2 1 0 0 1 0 0 0 0 1

fn=(1092)
0 4 2 0 0 0 0 0 0 0 0 0 2 2
cob=(7)
cfi=(185)
cfn=(1096)
calls=2 0 
0 10 4 2 1 0 0 1
cob=(1)
cfi=(186)
cfn=(642)
calls=1 71 
0 744 248 127 1 10 0 0 2 0 97 6 1 1
0 5 2 2 0 0 0 0 0 0 0 0 1

fn=(1320)
0 2 1 0 1 1 0 1 0 0 0 0 1 1
cob=(1)
cfi=(48)
cfn=(1322)
calls=1 118 
0 5 2 0 1 1 0 1 0 0 1

fn=(1354)
0 16 8 0 1 4 0 1 0 0 0 0 8 1
cob=(2)
cfi=(222)
cfn=(1356)
calls=8 158 
0 345880 16 345744 3 10 5406 3 0 5404 345776 23

fn=(1382)
0 4 2 0 0 1 0 0 0 0 0 0 2 1
cob=(7)
cfi=(185)
cfn=(1384)
calls=2 0 
0 1620 575 298 14 83 24 13 12 0 214 23 9 5

fn=(1534)
0 4 2 0 1 1 0 1 0 0 0 0 2 2
cob=(7)
cfi=(185)
cfn=(1538)
calls=2 0 
0 1677 591 275 11 37 0 7 13 0 225 11 9 7
cob=(1)
cfi=(186)
cfn=(642)
calls=1 71 
0 722 248 127 0 7 0 0 2 0 95 6 1 1
0 5 2 2 1 0 0 1 0 0 0 0 1

ob=(5)
fl=(178)
fn=(1464) 0x0000000000001060
0 5 1 0 2 0 0 1 0 0 1 1

fn=(592)
0 12 1 0 3 0 0 3 0 0 1 1

fn=(1454)
0 9 3 2 1 2 0 0 0 0 2
cob=(4)
cfi=(175)
cfn=(1460)
calls=1 0 
0 134 31 13 1 0 0 0 0 0 36 11 1 1
0 1 0 1
cfn=(1464)
calls=1 0 
0 5 1 0 2 0 0 1 0 0 1 1
0 3 2 1 1

ob=(6)
fl=(184)
fn=(1576)
0 5 0 2 1
cfn=(1578) 0x00000000000048f0
calls=1 0 
0 16 6 4 2 1 0 2 0 0 3 2
0 2 0 1
cfn=(1578)
calls=1 0 
0 16 6 4 0 0 0 0 0 0 3 2
0 3 2 1

fn=(624)
0 12 1 0 3 0 0 3 0 0 1 1

fn=(1578)
0 32 12 8 2 1 0 2 0 0 6 4

fn=(1598) 0x0000000000005a60
0 5 1 0 2 0 0 1 0 0 1 1

fn=(622)
0 364 17 45 40 2 0 40 1 0 105 32

fn=(1588)
0 9 3 2 1 2 0 0 0 0 2
cob=(4)
cfi=(175)
cfn=(1594)
calls=1 0 
0 134 31 13 1 1 0 1 0 0 36 3 1 1
0 1 0 1
cfn=(1598)
calls=1 0 
0 5 1 0 2 0 0 1 0 0 1 1
0 3 2 1 1

totals: 1155274722 384803590 96686645 1990 6808241 6776929 1908 7222 7168 336895506 19497 5256 1127
