# callgrind format
version: 1
creator: callgrind-3.22.0
pid: 66118
cmd:  ./perf_subset
part: 1


desc: I1 cache: 32768 B, 64 B, 8-way associative
desc: D1 cache: 32768 B, 64 B, 8-way associative
desc: LL cache: 8388608 B, 64 B, direct-mapped

desc: Timerange: Basic block 0 - 433014959
desc: Trigger: Program termination

positions: line
events: Ir Dr Dw I1mr D1mr D1mw ILmr DLmr DLmw Bc Bcm Bi Bim
summary: 1731683932 624973391 96731526 2063 6943393 6784655 1980 7224 5910 384932081 19627 10366 1129


ob=(1) /usr/lib/x86_64-linux-gnu/ld-linux-x86-64.so.2
fl=(44) ./string/./string/strdup.c
fn=(142) strdup
40 48 0 24 1 0 0 1
+1 8 0 8
cfi=(22) ./string/../sysdeps/x86_64/multiarch/../multiarch/strlen-sse2.S
cfn=(62) strlen
calls=8 +16 
* 262 37 0 0 0 0 0 0 0 23 8
* 8
fi=(251) ./string/../include/rtld-malloc.h
+15 16 8 8 0 0 0 0 0 0 0 0 8 1
cfi=(27) ./elf/./elf/dl-minimal-malloc.c
cfn=(78) __minimal_malloc
calls=8 -20 
* 240 56 56 0 0 0 0 0 0 24
fe=(44)
-12 16 0 0 1 0 0 1 0 0 8
+3 24
+1 24 24
-1 8
cfi=(29) ./string/../sysdeps/x86_64/multiarch/memmove-vec-unaligned-erms.S
cfn=(82) memcpy
calls=8 210 
* 112 30 22 0 0 5 0 0 5 22 6

fl=(66) ./io/../sysdeps/unix/sysv/linux/fstatat64.c
fn=(212) fstatat
146 18
-55 18
+70 21 0 0 0 0 0 0 0 0 9 6
+1 3 3
-2 12 0 6 1 0 0 1
+1 12 6

fl=(32) ./string/../sysdeps/x86_64/multiarch/../multiarch/strcmp-sse2.S
fn=(244) strncmp
98 1
+27 1
+1 1 0 0 0 0 0 0 0 0 1 1
+1 1
+1 1 0 0 0 0 0 0 0 0 1
+1 1
+2 1
+1 1
+2 1 0 0 1 0 0 1
+1 1
+21 1
+1 1 0 0 0 0 0 0 0 0 1
+1 1
+1 1 0 0 0 0 0 0 0 0 1
+1 1 1
+1 1 1 0 0 1 0 0 1
+1 1 1
+1 1 1
+17 1
+1 1
+1 1
+1 1
+1 1
+1 1
+1 1 0 0 1 0 0 1 0 0 1 1
2104 1 0 0 1 0 0 1
+3 1
+1 1 0 0 0 0 0 0 0 0 1
+2 1 1
+1 1 1
+8 1
+1 1 1

fn=(94) strcmp
98 2285 0 0 1 0 0 1
+33 2285
+1 2285
+2 2285
+1 2285
+21 2285
+1 2285 0 0 0 0 0 0 0 0 2285 147
+1 2106
+1 2106 0 0 0 0 0 0 0 0 2106 49
+1 2046 2046 0 0 84 0 0 26
+1 2046 2046 0 1 20 0 1 10
+1 2046 2046
+1 2046 2046
+17 2046
+1 2046
+1 2046
+1 2046
+1 2046
+1 2046
+1 2046 0 0 0 0 0 0 0 0 2046 78
+5 27
+1 81
+9 27
+1 27
+1 27
+1 27
+1 27
+1 27
+1 27
+1 27 0 0 0 0 0 0 0 0 27 3
-7 239 0 0 1 0 0 1
+1 239
+1 239
+1 239
+1 239
+1 239
+1 239
+1 239 0 0 0 0 0 0 0 0 239 10
+1 189 0 0 0 0 0 0 0 0 189 87
+1 84
+1 84
+1 84
+2 84
+1 84
+1 84
+1 84 84 0 0 6
+1 84
+1 84 0 0 0 0 0 0 0 0 0 0 84 69
-5 105
+1 105
+1 105
+1 105 105 0 0 4 0 0 2
+1 105
+1 105 0 0 0 0 0 0 0 0 0 0 105 63
+10 77 77 0 3 15 0 1 3
+1 77
+1 77
+2 77 77
+6 77
+1 77
+1 77
+1 77
+1 77
+5 77 0 0 0 0 0 0 0 0 77 6
+2 70
+1 70
+1 140
+8 70 70 0 1 12 0 1 1
+1 70 70
+3 70
+1 70
+1 70
+1 70
+1 70
+1 70 0 0 0 0 0 0 0 0 70 2
+31 6 0 0 1 0 0 1
+1 6 6
+1 6 6 0 0 1 0 0 1
+1 6
+1 6
+2 6
+1 6
+1 6 0 0 1 0 0 1
+1 6
+1 6
+1 6
+1 6 0 0 0 0 0 0 0 0 6
+1 6 6
+3 6
+1 6
+1 6
+6 6
+1 6
+1 12
+4 6 0 0 1 0 0 1
+1 6 0 0 0 0 0 0 0 0 6
+3 6 6
+1 6 6
+1 6
+2 6
+1 6
+1 6
+4 6
+1 6
+1 6
+1 6
+1 6
+1 6 0 0 1 0 0 1 0 0 6
542 3 0 0 1 0 0 1
+1 3 3
+1 3 3 0 0 2 0 0 1
+1 3
+1 3
+2 3
+1 3
+1 3 0 0 1 0 0 1
+1 3
+1 3
+1 3
+1 3 0 0 0 0 0 0 0 0 3
+1 3 3
+4 3
+1 3
+1 3
+6 3
+1 3
+1 6
+4 3 0 0 1 0 0 1
+1 3 0 0 0 0 0 0 0 0 3
+3 3 3 0 0 1 0 0 1
+1 3 3 0 0 1 0 0 1
+1 3
+2 3
+1 3
+1 3
+4 3
+1 3
+1 3
+1 3
+1 3
+1 3 0 0 1 0 0 1 0 0 3 2
+7 1
+1 1
+2 1
+1 1 0 0 0 0 0 0 0 0 1
+2 1 1
+1 1 1
+1 1
+2 1
+1 1
+1 1
+4 1
+1 1
+1 1
+1 1
+1 1 0 0 1 0 0 1
+1 1 0 0 0 0 0 0 0 0 1 1
+41 1 0 0 1 0 0 1
+1 1 1
+1 1 1
+1 1
+1 1
+2 1
+1 1
+1 1 0 0 1 0 0 1
+1 1
+1 1
+1 1
+1 1 0 0 0 0 0 0 0 0 1
780 3 0 0 1 0 0 1
+1 3 3
+1 3 3 0 0 1 0 0 1
+1 3
+1 3
+2 3
+1 3
+1 3 0 0 1 0 0 1
+1 3
+1 3
+1 3
+1 3 0 0 0 0 0 0 0 0 3
+1 2 2
+4 2
+1 2
+1 2
+6 2
+1 2
+1 4
+4 2 0 0 1 0 0 1
+1 2 0 0 0 0 0 0 0 0 2
+3 2 2 0 0 1 0 0 1
+1 2 2
+1 2
+2 2
+1 2
+1 2
+4 2
+1 2
+1 2
+1 2
+1 2
+1 2 0 0 1 0 0 1 0 0 2
+69 4 0 0 1 0 0 1
+1 4 4 0 0 1 0 0 1
+1 4 4 0 0 2 0 0 2
+1 4
+1 4
+2 4
+1 4
+1 4 0 0 1 0 0 1
+1 4
+1 4
+1 4
+1 4 0 0 0 0 0 0 0 0 4
+1 3 3
+4 3
+1 3
+1 3
+6 3
+1 3
+1 6
+4 3 0 0 1 0 0 1
+1 3 0 0 0 0 0 0 0 0 3
+3 3 3 0 0 2 0 0 2
+1 3 3 0 0 1
+1 3
+2 3
+1 3
+1 3
+4 3
+1 3
+1 3
+1 3
+1 3
+1 3 0 0 1 0 0 1 0 0 3 3
+7 1
+1 1
+2 1
+1 1 0 0 0 0 0 0 0 0 1
+2 1 1
+1 1 1
+1 1
+2 1
+1 1
+1 1
+4 1
+1 1
+1 1
+1 1
+1 1 0 0 1 0 0 1
+1 1 0 0 0 0 0 0 0 0 1 1
+41 8 0 0 1 0 0 1
+1 8 8 0 0 2 0 0 1
+1 8 8 0 0 2 0 0 2
+1 8
+1 8
+2 8
+1 8
+1 8 0 0 1 0 0 1
+1 8
+1 8
+1 8
+1 8 0 0 0 0 0 0 0 0 8 3
+1 6 6
+4 6
+1 6
+1 6
+6 6
+1 6
+1 12
+4 6 0 0 1 0 0 1
+1 6 0 0 0 0 0 0 0 0 6
+3 6 6 0 0 2 0 0 2
+1 6 6 0 0 1 0 0 1
+1 6
+2 6
+1 6
+1 6
+4 6
+1 6
+1 6
+1 6
+1 6
+1 6 0 0 1 0 0 1 0 0 6 1
+69 11 0 0 1 0 0 1
+1 11 11
+1 11 11 0 0 1 0 0 1
+1 11
+1 11
+2 11
+1 11
+1 11 0 0 1 0 0 1
+1 11
+1 11
+1 11
+1 11 0 0 0 0 0 0 0 0 11 4
+1 3 3
+4 3
+1 3
+1 3
+6 3
+1 3
+1 6
+4 3 0 0 1 0 0 1
+1 3 0 0 0 0 0 0 0 0 3
+3 3 3 0 0 1 0 0 1
+1 3 3
+1 3
+2 3
+1 3
+1 3
+4 3
+1 3
+1 3
+1 3
+1 3
+1 3 0 0 1 0 0 1 0 0 3 3
+69 14 0 0 2 0 0 1
+1 14 14 0 0 1 0 0 1
+1 14 14 0 0 1 0 0 1
+1 14
+1 14
+2 14
+1 14
+1 14 0 0 2 0 0 1
+1 14
+1 14
+1 14
+1 14 0 0 0 0 0 0 0 0 14 4
+1 3 3
+4 3
+1 3
+1 3
+6 3
+1 3
+1 6
+4 3 0 0 2 0 0 1
+1 3 0 0 0 0 0 0 0 0 3
+3 3 3
+1 3 3 0 0 1 0 0 1
+1 3
+2 3
+1 3
+1 3
+4 3
+1 3
+1 3
+1 3
+1 3
+1 3 0 0 2 0 0 1 0 0 3 2
+69 6 0 0 2 0 0 1
+1 6 6 0 0 2 0 0 1
+1 6 6 0 0 1
+1 6
+1 6
+2 6
+1 6
+1 6 0 0 2 0 0 1
+1 6
+1 6
+1 6
+1 6 0 0 0 0 0 0 0 0 6 1
+1 6 6
+4 6
+1 6
+1 6
+6 6
+1 6
+1 12
+4 6 0 0 3 0 0 1
+1 6 0 0 0 0 0 0 0 0 6
+3 6 6 0 0 1
+1 6 6 0 0 4 0 0 2
+1 6
+2 6
+1 6
+1 6
+4 6
+1 6
+1 6
+1 6
+1 6
+1 6 0 0 2 0 0 1 0 0 6 3
+69 22 0 0 1 0 0 1
+1 22 22 0 0 2 0 0 2
+1 22 22 0 0 3 0 0 1
+1 22
+1 22
+2 22
+1 22
+1 22 0 0 1 0 0 1
+1 22
+1 22
+1 22
+1 22 0 0 0 0 0 0 0 0 22 12
+1 7 7
+4 7
+1 7
+1 7
+6 7
+1 7
+1 14
+4 7 0 0 1 0 0 1
+1 7 0 0 0 0 0 0 0 0 7
+3 7 7 0 0 3 0 0 2
+1 7 7 0 0 1 0 0 1
+1 7
+2 7
+1 7
+1 7
+4 7
+1 7
+1 7
+1 7
+1 7
+1 7 0 0 1 0 0 1 0 0 7 2
+69 30 0 0 2 0 0 1
+1 30 30 0 0 1 0 0 1
+1 30 30 0 0 3 0 0 2
+1 30
+1 30
+2 30
+1 30
+1 30 0 0 2 0 0 1
+1 30
+1 30
+1 30
+1 30 0 0 0 0 0 0 0 0 30 13
+1 5 5
+4 5
+1 5
+1 5
+6 5
+1 5
+1 10
+4 5 0 0 2 0 0 1
+1 5 0 0 0 0 0 0 0 0 5
+3 5 5 0 0 2 0 0 2
+1 5 5 0 0 2
+1 5
+2 5
+1 5
+1 5
+4 5
+1 5
+1 5
+1 5
+1 5
+1 5 0 0 2 0 0 1 0 0 5 1
+7 2
+1 2
+2 2
+1 2 0 0 0 0 0 0 0 0 2
+2 2 2
+1 2 2 0 0 1 0 0 1
+1 2
+2 2
+1 2
+1 2
+4 2
+1 2
+1 2
+1 2
+1 2 0 0 1 0 0 1
+1 2 0 0 0 0 0 0 0 0 2 1
+41 26 0 0 2 0 0 1
+1 26 26 0 0 9 0 0 2
+1 26 26 0 0 5 0 0 2
+1 26
+1 26
+2 26
+1 26
+1 26 0 0 2 0 0 1
+1 26
+1 26
+1 26
+1 26 0 0 0 0 0 0 0 0 26 6
+1 20 20
+4 20
+1 20
+1 20
+6 20
+1 20
+1 40
+4 20 0 0 2 0 0 1
+1 20 0 0 0 0 0 0 0 0 20
+3 20 20 0 0 2 0 0 1
+1 20 20 0 0 5 0 0 3
+1 20
+2 20
+1 20
+1 20
+4 20
+1 20
+1 20
+1 20
+1 20
+1 20 0 0 2 0 0 1 0 0 20 9
+7 1
+1 1
+2 1
+1 1 0 0 0 0 0 0 0 0 1
+2 1 1
+1 1 1
+1 1
+2 1
+1 1
+1 1
+4 1
+1 1
+1 1
+1 1
+1 1 0 0 1 0 0 1
+1 1 0 0 0 0 0 0 0 0 1 1
+41 28 0 0 2 0 0 1
+1 28 28 0 0 2
+1 28 28 0 0 2
+1 28
+1 28
+2 28
+1 28
+1 28 0 0 1 0 0 1
+1 28
+1 28
+1 28
+1 28 0 0 0 0 0 0 0 0 28 12
+1 17 17
+4 17
+1 17
+1 17
+6 17
+1 17
+1 34
+4 17 0 0 2 0 0 1
+1 17 0 0 0 0 0 0 0 0 17
+3 17 17 0 0 1 0 0 1
+1 17 17 0 0 3 0 0 2
+1 17
+2 17
+1 17
+1 17
+4 17
+1 17
+1 17
+1 17
+1 17
+1 17 0 0 2 0 0 1 0 0 17 8
+69 27 0 0 1 0 0 1
+1 27 27 0 0 2
+1 27 27 0 0 4 0 0 3
+1 27
+1 27
+2 27
+1 27
+1 27 0 0 1 0 0 1
+1 27
+1 27
+1 27
+1 27 0 0 0 0 0 0 0 0 27 13
+2 6 6
+4 6
+1 6
+1 6
+6 6
+1 6
+2 12
+4 6 0 0 1 0 0 1
+1 6 0 0 0 0 0 0 0 0 6
+3 6 6 0 0 1 0 0 1
+1 6 6 0 0 2 0 0 1
+1 6
+2 6
+1 6
+1 6
+4 6
+1 6
+1 6
+1 6
+1 6
+1 6 0 0 1 0 0 1 0 0 6 3
+7 2
+1 2
+2 2
+1 2 0 0 0 0 0 0 0 0 2
+2 2 2
+1 2 2
+1 2
+2 2
+1 2
+1 2
+4 2
+1 2
+1 2
+1 2
+1 2 0 0 1 0 0 1
+1 2 0 0 0 0 0 0 0 0 2 2
+43 157
+2 157
+1 157
+1 157
+1 157 0 0 0 0 0 0 0 0 157 10
-3 109 0 0 1 0 0 1
+1 109
+1 109
+1 109 0 0 0 0 0 0 0 0 109 18
+1 168
+5 84
+6 84 84
+1 84 84
+8 84
+1 84 84
-16 2201 0 0 2 0 0 1
+6 2201 2201
+1 2201 2201
+8 2201
+1 2201 2201

fl=(167) ./elf/../sysdeps/nptl/dl-mutex.c
fn=(546) __rtld_mutex_init
30 2 0 1 1 0 0 1
+10 3
-10 3 0 2
+10 1
-10 1 0 1
+10 1
-10 1
+7 1 1
+3 2 0 1
cfi=(168) ./elf/./elf/dl-lookup-direct.c
cfn=(548) _dl_lookup_direct
calls=1 +34 
* 233 53 14 7 4 0 7 3 0 27 9 2 2
+4 2 0 0 1 0 0 1 0 0 1
+1 8 3 0 0 0 0 0 0 0 2
+2 3
-2 1 0 1
+2 3 0 1
cfi=(168)
cfn=(548)
calls=1 +27 
* 223 50 14 0 6 0 0 4 0 23 2 2 2
+4 2 0 0 1 0 0 1 0 0 1
+1 7 3 1 0 0 0 0 0 0 2
+1 6 5

fl=(46) ./elf/../elf/dl-tls.c
fn=(528) _dl_allocate_tls_init
523 11 0 8 1 0 0 1
+1 2 0 0 0 0 0 0 0 0 1
+4 1 1 0 0 1
+6 1 0 0 1 0 0 1
-6 1 0 1
+6 1 1 1 0 1 0 0 0 0 0 0 1 1
cfi=(24) ./elf/../sysdeps/nptl/dl-tls_init_tp.c
cfn=(86) rtld_mutex_dummy
calls=1 42 
* 3 1
+3 3 2 0 0 1 0 0 0 0 1
+12 1 1
-18 1
+42 3
-19 12 1 1 1 0 0 1 0 0 1
+9 9 3 0 0 1
+1 6 0 0 0 0 0 0 0 0 3
+6 9 6 0 1 0 0 1 0 0 3
+3 3 3 0 0 2
-2 3
+2 3 3 0 0 1
-2 3
+2 12 3
+4 3 3
-4 3 0 3 0 0 1 0 0 1
+4 3
-1 6 0 0 0 0 0 0 0 0 3
+4 6 0 0 1 0 0 1 0 0 3
+1 12 6 0 0 2 0 0 0 0 3
+2 6 0 0 0 0 0 0 0 0 3
+1 6 3
+17 3 3
-8 3 0 3
+8 3 0 0 0 0 0 0 0 0 3 2
+2 12 3 6
cfi=(29)
cfn=(126) mempcpy
calls=3 197 
* 39 5 2 0 1 1 0 0 1 10 5
* 18 3 3
cfi=(43) ./string/../sysdeps/x86_64/multiarch/../multiarch/memset-vec-unaligned-erms.S
cfn=(130) memset
calls=3 132 
* 52 3 12 1 0 2 0 0 2 8 3
-49 3 3
+55 3 3
-55 12 0 0 0 0 0 0 0 0 3
+6 9 0 0 1 0 0 1 0 0 4 3
+55 2 1 1 0 0 0 0 0 0 0 0 1 1
cfi=(24)
cfn=(86)
calls=1 42 
* 3 1
+3 2 1 1
+3 9 8

fn=(146) _dl_count_modids
192 1 0 0 1 0 0 1
+2 2 1 0 0 0 0 0 0 0 1
+1 1 1
+15 2 1

fn=(252) _dl_allocate_tls_storage
417 7 0 4 2 0 0 2
+2 1 1
+11 1 1
+1 1
fi=(28) ./elf/../include/rtld-malloc.h
56 1 1 1 0 0 0 0 0 0 0 0 1 1
cfi=(27)
cfn=(78)
calls=1 -20 
* 86 16 13 1 0 0 0 0 0 10 4
fe=(46)
432 2 0 0 0 0 0 0 0 0 1
+8 3
fi=(28)
44 1
fe=(46)
440 2
+5 1
-5 1
+1 1 0 0 1 0 0 1
+4 304 0 297 0 0 37 0 0 37 296 10
+19 1 0 1 0 0 1 0 0 1
-99 1 1
+4 1 0 0 1 0 0 1
+1 1
fi=(28)
44 1 1 1 0 0 0 0 0 0 0 0 1 1
cfi=(27)
cfn=(74) __minimal_calloc
calls=1 +36 
* 41 8 7 0 0 0 0 0 0 4 1 1
fe=(46)
371 2 0 0 0 0 0 0 0 0 1
+3 1 0 1 0 0 1 0 0 1
+6 2 0 1
+90 7 5

fn=(438) _dl_add_to_slotinfo
1017 24 0 12 1 0 0 1
+9 3 3 0 0 2
-9 3 0 3
+6 3 3
+4 3
+4 9 3 0 1 2 0 1 0 0 3
+34 6 0 0 0 0 0 0 0 0 3 3
+3 6 0 3 0 0 1
+1 9 3 3
+3 18 18 0 1 0 0 1

fn=(224) _dl_assign_tls_modid
125 3 0 0 1 0 0 1
+16 3 3
-13 3 3
-3 9 0 3
+3 3 0 0 0 0 0 0 0 0 3
+55 3 0 3 1 0 0 1
-2 3
+5 3 0 3
+1 6 6

fn=(248) _dl_tls_static_surplus_init
97 2 0 1 1 0 0 1
+3 1
-3 3 0 2
+3 1
-3 1
+3 1
-3 1 0 1
+3 1
-3 1
+3 1 0 1
cfi=(11) ./elf/./elf/dl-tunables.c
cfn=(28) __tunable_get_val
calls=1 387 
* 23 4 1 0 2 0 0 1 0 3 1
* 1 1
+1 4 0 1
cfi=(11)
cfn=(28)
calls=1 387 
* 23 4 1 0 2 0 0 1 0 3 1
+1 1
+2 1 0 0 1 0 0 1
-3 1 1
+1 2
+2 3 0 0 0 0 0 0 0 0 1
+3 1
+2 1 0 1
-26 3
+28 3 0 1 0 0 1
+1 6 5

fn=(250) _dl_determine_tlsoffset
216 9 0 6 1 0 0 1
+6 4 1 1 0 0 0 0 0 0 1
+3 2 1 0 0 0 0 0 0 0 1
+36 3 1 0 1 0 0 1 0 0 1
+2 1 1
-2 1
-2 1
-40 1
-1 1
-1 1
+46 2 0 1
+23 9
+3 3
-3 15
+2 6 0 0 0 0 0 0 0 0 3 3
+6 3
-33 6 3
+20 3 0 3
-20 15 3 0 0 1 0 0 1 0 3 1
+2 6 3 0 1 0 0 1 0 0 3
+3 3 3
-1 3 3 0 1 1 0 1
+5 6 3
-5 3
+1 3
-1 3
+3 6
+2 9 0 0 0 0 0 0 0 0 3 3
+32 2 1 0 1 0 0 1
-1 1 0 1
+53 1 0 1
-52 5 0 0 1 0 0 1
+2 2 0 1
+51 8 7

fl=(22)
fn=(62)
57 34 0 0 1 0 0 1
+44 34
+1 34
+1 34
+1 34
+1 34
+1 34
+1 34
+2 34
+2 34 0 0 0 0 0 0 0 0 34 1
+31 33 33 0 0 5 0 0 5
+1 33
+1 33
+1 33
+1 33 0 0 0 0 0 0 0 0 33 16
+1 14
+2 14 14
+4 19 0 0 1 0 0 1
+1 19 19
+1 19 19 0 0 1 0 0 1
+1 19 19 0 0 1 0 0 1
+1 19
+1 19
+1 19
+1 19
+1 19
+1 19
+1 19
+1 19
+5 152 19 0 1 0 0 1 0 0 19
+4 1
+1 14 4 0 1 0 0 1
+1 6 0 0 0 0 0 0 0 0 1 1
+15 1
+1 1
+1 2
+51 1 1 0 1 0 0 1
+1 1 1
+1 1 1
+1 1 1
+1 1
+1 1
+1 1
+1 1 0 0 0 0 0 0 0 0 1 1
+16 1 0 0 1 0 0 1
+2 1
+1 14 4 0 1 0 0 1
+2 1
+1 1
+1 1
+2 1 1

fl=(73) ./elf/./elf/dl-version.c
fn=(242) _dl_check_map_versions
155 70 0 42
+15 21 7 0 0 0 0 0 0 0 7
+2 35 14 0 1 1 0 1 0 0 7
+2 7 7 0 0 2
+1 7 7 0 0 1
+2 14 0 0 0 0 0 0 0 0 7 2
+3 10 10 0 0 1
-16 10 0 5
+20 5 5 0 0 5 0 0 5
-4 5 0 0 1 0 0 1
-24 5 0 5
+28 35 0 25 0 0 0 0 0 0 5
+16 10 10 0 1 0 0 1
36 5
200 5
36 35 10 0 0 0 0 0 0 0 5 4
200 14 14
36 7
200 7
36 49 14 0 0 0 0 0 0 0 7 3
+1 53 53
-1 106 0 0 0 0 0 0 0 0 53
+2 195 0 65 1 0 0 1
cfi=(52) ./elf/./elf/dl-misc.c
cfn=(168) _dl_name_match_p
calls=65 +30 
* 6314 1414 329 0 0 0 0 0 0 800 98 53 23
* 142 0 0 0 0 0 0 0 0 65 6
208 36 12 0 0 0 0 0 0 0 12
+5 12 12 0 0 2 0 0 2
fi=(252) ./elf/../sysdeps/generic/_itoa.h
76 36 12 24
fe=(73)
213 24
+4 24 24 0 1 3 0 1 3
+1 24 24
-1 24 0 12
+4 12 12
-3 12 12
+3 12 0 12
-3 36 24 0 0 0 0 0 0 0 12 7
-1 78 78 0 0 10 0 0 10
+1 78 78
-1 78 0 39
+4 39 39
-3 39 39
+3 39 0 39
-3 177 102 0 1 0 0 1 0 0 39 7
56 204 153 0 0 0 0 0 0 0 51 22
+8 153 51 0 0 0 0 0 0 0 51
+6 153 51 0 1 1 0 1 0 0 51
+16 51 51 0 0 1
+1 102 0 0 0 0 0 0 0 0 51
+2 51 51
+5 357 51 153 0 5 0 0 5 0 51
+14 1830 915 0 0 13 0 0 13 0 915 54
+12 2592 864 0 1 13 0 1 13 0 864
+4 864
-30 1728 864 0 0 28 0 0 28 0 864 5
231 204 51
+3 153 51 0 0 0 0 0 0 0 51 18
+5 39
-24 39
110 51 51 0 1 1 0 1 1
+3 255 102 102 1 0 0 1
cfi=(32)
cfn=(94)
calls=51 -15 
* 2004 389 0 22 24 0 22 24 0 227 54 17 16
* 153 51 0 0 0 0 0 0 0 51
224 153 102 0 0 0 0 0 0 0 51 7
+1 3 1 1
cfi=(32)
cfn=(94)
calls=1 98 
* 71 9 0 2 1 0 2 1 0 7 2 1 1
* 2 0 0 0 0 0 0 0 0 1
+3 26 12 13 1 0 0 1
+15 36 12 0 0 0 0 0 0 0 12 6
+5 7
-50 7
+59 25 15 0 2 0 0 2 0 0 5
+3 10 10
+3 35 10 5
+3 20 5 0 0 0 0 0 0 0 5
+4 5
-7 20 5
+3 15 5 0 0 0 0 0 0 0 5 3
+4 124
-7 496 124 0 0 10 0 0 10
+3 377 124 5 0 4 0 0 4 0 124 22
+8 15 5 0 0 0 0 0 0 0 5
+6 12 6 6 1 0 0 1
fi=(28)
44 6
fe=(73)
280 12
fi=(28)
44 6 6 6 0 0 0 0 0 0 0 0 6 1
cfi=(27)
cfn=(74)
calls=6 +36 
* 301 56 48 0 0 0 0 0 0 31 6 6
fe=(73)
281 12 6
-2 6 0 6 0 0 2
fi=(28)
44 6 0 0 1 0 0 1
fe=(73)
281 6 0 0 0 0 0 0 0 0 6
+13 6 6 0 0 1
-3 6 0 6
+3 24 12 6 0 1 2 0 0 0 6
+2 12 0 0 0 0 0 0 0 0 6 1
+3 20 10 0 1 0 0 1
+4 36 12
+7 51
+1 51
-1 153 51
+1 51 0 51 0 0 20 0 0 20
+1 51 51
-2 51 0 51
+2 102 0 51 0 0 2 0 0 2
+1 153 51 51 0 0 1 0 0 1
+3 153 51 0 0 0 0 0 0 0 51 15
+5 39
-15 39 39
+2 39
-2 39
+2 39
-2 39
+2 78 0 0 0 0 0 0 0 0 39 10
-2 12 12 0 1 0 0 1
+2 12
-2 12
+2 12
-2 12
+2 24 0 0 0 0 0 0 0 0 12 8
+16 36 12 0 0 0 0 0 0 0 12 3
+5 7 0 0 1 0 0 1
-28 7
+33 10 0 0 0 0 0 0 0 0 5 1
+3 10 5
+4 129 129
+6 129 129
+1 129 129
+1 129 129
-1 387
+1 129
-1 129 0 129 0 0 33 0 0 33
+1 129 0 129
+1 129 0 129 0 0 17 0 0 17
+3 387 129 0 0 0 0 0 0 0 129 5
+4 129
-14 268 134 0 0 0 0 0 0 0 134 12
+10 15 5 0 0 0 0 0 0 0 5 3
+12 10 0 0 0 0 0 0 0 0 5 1
+1 10 5 0 1 0 0 1 0 0 5
+1 10 5 0 0 0 0 0 0 0 5 4
+1 4 2 0 0 0 0 0 0 0 2 1
+19 63 56 0 1 0 0 1
164 2 0 2 1 0 0 1
-8 2 0 2
257 5 0 0 0 0 0 0 0 0 2 1
+17 3 1 0 1 0 0 1 0 0 1 1
+60 2 0 0 0 0 0 0 0 0 1
-40 2 1
+76 4 3 0 1 0 0 1 0 0 1 1
+2 4 2 0 0 0 0 0 0 0 1
+4 2
-4 120 30 0 0 0 0 0 0 0 30 1
+1 60 0 0 1 0 0 1 0 0 30 3
+2 1 1
+1 2
-1 1
+1 1 0 1
cfi=(32)
cfn=(244)
calls=1 98 
* 32 7 0 3 1 0 3 1 0 6 2
* 2 0 0 0 0 0 0 0 0 1 1

fn=(240) _dl_check_all_versions
392 7 0 5 1 0 0 1
+4 5 0 0 0 0 0 0 0 0 1
-2 1
+4 42 7 7 1 0 0 1 0 0 7 7
cfn=(242)
calls=7 155 
* 24689 7501 1550 51 129 77 51 120 73 4987 400 83 41
-2 7 7
+2 21
-1 7
-1 14 0 0 0 0 0 0 0 0 7 6
+5 7 6

fl=(240) ./elf/./elf/dl-call_fini.c
fn=(1516) _dl_call_fini
24 56 0 28 1 0 0 1
+4 14 7 0 0 1 0 0 0 0 7
+6 7 7 0 0 7 0 0 1
-2 7 0 7 1 0 0 1
+3 14 0 0 0 0 0 0 0 0 7 2
+3 5 5 0 0 5
+1 5 5 0 0 2
-1 5 5
+1 10 5
+3 20 0 0 0 0 0 0 0 0 5
+1 5 5 5 0 5 0 0 0 0 0 0 5 5
cob=(3) /usr/lib/x86_64-linux-gnu/libm.so.6
cfi=(183) ???
cfn=(1696) 0x00000000000104a0
calls=1 -43 
* 152 37 17 5 2 0 2 0 0 39 4 1 1
cob=(6) /usr/lib/x86_64-linux-gnu/libgcc_s.so.1
cfi=(184) ???
cfn=(1666) 0x0000000000004940
calls=1 -43 
* 42 14 12 3 1 0 2 0 0 6 4
cob=(7) /usr/lib/x86_64-linux-gnu/libstdc++.so.6.0.33
cfi=(185) ???
cfn=(1562) 0x00000000000b7aa0
calls=1 -43 
* 8859 3072 1487 62 188 18 54 45 0 1214 105 85 46
cob=(5) /usr/libexec/valgrind/vgpreload_core-amd64-linux.so
cfi=(178) ???
cfn=(1544) 0x00000000000010d0
calls=1 -43 
* 152 37 17 5 2 0 1 0 0 39 12 1 1
cob=(8) /home/konrad/Documents/ast2ast/development/perf_subset
cfi=(211) ???
cfn=(1518) 0x0000000000002500
calls=1 -43 
* 152 37 17 10 9 1 10 1 1 39 15 1 1
* 1 1 1 0 0 0 0 0 0 0 0 1 1
cob=(6)
cfi=(184)
cfn=(1678) 0x0000000000005ad0
calls=1 -43 
* 152 37 17 5 3 0 2 0 0 39 4 1 1
-1 24 0 0 0 0 0 0 0 0 6 1
+5 7 7 0 1 5 0 1 1
+1 14 0 0 0 0 0 0 0 0 7 2
+1 10 10 0 0 4
+1 25 20
-1 5 0 0 0 0 0 0 0 0 0 0 5 5
cob=(4) ???
cfi=(175) ???
cfn=(1712) 0x0000000004dac3a8
calls=1 -49 
* 4 1 0 1 0 0 1
cob=(4)
cfi=(175)
cfn=(1694) 0x0000000004b05748
calls=1 -49 
* 4 1 0 1 0 0 1
cob=(4)
cfi=(175)
cfn=(1664) 0x0000000004a44ce4
calls=1 -49 
* 4 1 0 1 0 0 1
cob=(4)
cfi=(175)
cfn=(1560) 0x000000000483d294
calls=1 -49 
* 4 1 0 1 0 0 1
cob=(4)
cfi=(175)
cfn=(1540) 0x000000000010cc08
calls=1 -49 
* 4 1 0 1 0 0 1
+1 12 10

fl=(77) ./elf/./elf/dl-reloc.c
fn=(262) _dl_relocate_object
207 88 0 64 1 0 0 1
+1 16 8 0 0 0 0 0 0 0 8 1
+12 7
+4 28 0 7 1 0 0 1
-4 7
+6 21 0 0 0 0 0 0 0 0 7
+3 7 7 0 0 2
-1 7 7
+1 14 0 0 0 0 0 0 0 0 7 6
+22 35 14 0 2 0 0 2 0 0 7 6
+4 8 0 0 0 0 0 0 0 0 4
+7 12 4 0 0 2 0 0 0 0 4
fi=(6) ./elf/../sysdeps/x86_64/dl-machine.h
81 20 4 0 0 0 0 0 0 0 6 2
+6 8 6 0 1 2 0 1 0 0 2 2
+4 6 2 0 0 2 0 0 2 0 2
+17 2 2
-11 2 0 2
+11 4 0 0 0 0 0 0 0 0 2
+21 4 2 0 0 0 0 0 0 0 2
+5 8 2 0 0 1
-2 4 0 2
fi=(4) ./elf/../sysdeps/generic/ldsodefs.h
-53 2 2
fe=(77)
301 4 2
fi=(4)
79 4
fe=(77)
301 4 0 0 0 0 0 0 0 0 2
fi=(4)
79 5 5 0 1 0 0 1
fe=(77)
301 10 5 0 0 2
fi=(4)
79 10
fe=(77)
301 9890 47 1070 3 13 198 3 6 195 3473 408
fi=(4)
79 2 2
fe=(77)
301 2 2
fi=(4)
79 4
fe=(77)
301 298 66 44 3 26 0 3 0 0 41 15
-80 14
fi=(6)
393 14 0 14 1 0 0 1
fe=(77)
190 7
+31 7 0 7
-31 7 0 7
fi=(6)
393 21 0 7
fi=(5) ./elf/./elf/do-rel.h
49 7 7
fe=(77)
301 7 7
fi=(5)
50 7 7
+30 7 7
-31 14 0 0 1 0 0 1
+4 7 7
-3 7
+3 7
-3 7 0 7
+3 21 7 0 0 1
+27 14 0 0 0 0 0 0 0 0 7 7
-31 7 7 0 0 2
fe=(77)
301 7 7
fi=(5)
50 7 7
+30 7 7
-31 14
+4 7 7
-3 7
+3 7
-3 7 0 7
+3 21 7
+27 14 0 0 0 0 0 0 0 0 7 5
-7 2
-1 2
+11 16 0 2 1 0 0 1 0 0 2
fi=(6)
514 2224 1112
+4 2224 0 0 0 0 0 0 0 0 1112
+3 3336 1112 0 0 0 0 0 0 0 1112
+1 1112 0 1112 0 0 139 0 0 139
fi=(5)
83 3336 0 0 0 0 0 0 0 0 1112 2
+2 4448 1112 0 1 418 0 1 418 0 1112 2
+11 12 2 0 0 1 0 0 0 0 2 2
fe=(77)
301 42 14 0 1 1 0 1 0 0 14 6
fi=(5)
51 7 7
fi=(4)
+28 35 21 0 0 1
fi=(6)
730 14 0 0 0 0 0 0 0 0 7 3
+4 8 4 0 1 3 0 1 0 0 4
fe=(77)
304 35 14 0 0 0 0 0 0 0 14
+24 7 0 7 0 0 1
+3 14 0 0 0 0 0 0 0 0 7
+17 21 7 0 0 4 0 0 0 0 7 3
+2 64 56 0 0 3
-98 14 7 0 1 7 0 1 0 0 7 4
+3 6 0 0 0 0 0 0 0 0 3
+7 3 3
-9 3
+9 6 0 0 1 0 0 1 0 0 3
fi=(6)
81 6
fi=(5)
+33 36 0 0 1 0 0 1 0 0 12 5
+9 24 0 0 0 0 0 0 0 0 10 6
+1 4 4 0 0 4 0 0 2
fi=(6)
498 4 4
fi=(5)
124 4
fi=(6)
498 8 0 0 0 0 0 0 0 0 4
fi=(5)
124 1026 1026 0 0 128 0 0 128
fi=(6)
498 1026 1026 0 0 128 0 0 128
fi=(5)
124 1026
fi=(6)
498 2052 0 0 0 0 0 0 0 0 1026
+5 2060 0 0 0 0 0 0 0 0 1030
+1 1030 1030 0 0 129 0 0 129
fi=(5)
123 1030
fi=(6)
504 1030
-5 1030 0 1030 0 0 280 0 0 274
fi=(5)
123 2060 0 0 0 0 0 0 0 0 1030 13
+3 36 12 0 1 7 0 1 0 0 12 2
+3 40 20 10 0 5 1 0 0 0 10
+2 36 16 0 1 1 0 1 0 0 10 4
fe=(77)
+59 12
fi=(5)
73 6 0 6
fe=(77)
190 6 0 6 0 0 1
fi=(5)
72 6
fe=(77)
190 54 0 30 1 0 0 1 0 0 6
fi=(5)
-57 12 12 0 0 4 0 0 2
+1 6 6
+1 6 6
-2 6
+2 6 6 0 0 1
+3 6 0 0 1 0 0 1
-5 6
+2 6 0 6
-2 6 6 0 0 6 0 0 3
+1 12
+2 6
-2 6 0 6
+2 18 6 0 0 2
+2 12 0 0 0 0 0 0 0 0 6
-5 7018 7018 0 0 958 0 0 957
+1 3509 3509
+1 3509 3509
-2 3509
+2 3509 3509
+3 3509
-5 3509
+2 3509 0 3509
-2 3509 3509 0 0 1190 0 0 240
+1 7018
+2 3509
-2 3509 0 3509
+2 10527 3509
+2 7018 0 0 0 0 0 0 0 0 3509 11
+9 3447 0 3447
fi=(6)
267 6894 0 0 1 0 0 1 0 0 3447
+7 6894 0 0 0 0 0 0 0 0 3447
+4 6894 0 0 0 0 0 0 0 0 3447
fe=(77)
170 13788 3447 0 0 1711 0 0 1339 0 3447 6
fi=(4)
-30 10290 3430
fe=(77)
+31 6860 0 0 1 0 0 1 0 0 3430
+3 6860 3430 0 0 6 0 0 0 0 3430 809
+8 3614 0 0 0 0 0 0 0 0 1807
-8 16233 0 0 0 0 0 0 0 0 3610 7
+12 3602 3602 0 1 1 0 1
-3 1801 0 1801
+1 1801 0 1801
+2 7216 3614 0 0 0 0 0 0 0 1801 72
-3 6 0 6
+1 6 0 6
+2 1831 12 0 0 0 0 0 0 0 6 2
+1 1807
-1 1807
+2 3614 0 0 0 0 0 0 0 0 1807
-1 7228 1807 1807 1 62 0 1
+3 10842 3614 5421 0 0 1
cfi=(78) ./elf/./elf/dl-lookup.c
cfn=(270) _dl_lookup_symbol_x
calls=1807 772 
* 1286563 342156 118104 73 5908 62 70 2681 43 188066 7776 237 65
+3 1807 1807
+1 3614 1807
-4 1807
+4 9035 3614 1807 1 0 1 1
fi=(6)
+93 13707 3417 0 0 0 0 0 0 0 3430 3
+3 3417 3417
-3 10268 3434 0 0 2 0 0 0 0 3417 1
+3 3434
-3 3434 3434 0 0 1 0 0 1
+5 6872 0 0 0 0 0 0 0 0 3436 10
+25 20682 3447 0 1 6 0 1 2 0 3447 0 3447 596
423 8364 5576 2788 0 354 887 0 354 359
fi=(5)
150 8364 2788 0 1 0 0 1 0 0 2788 1
fi=(6)
423 1268 634 634 0 0 284 0 0 80
fi=(5)
150 1954 636 0 0 0 0 0 0 0 659 15
-19 14078 3527 0 0 0 0 0 0 0 3515 29
+33 24 12 0 1 2 0 1 0 0 6 3
+1 72 6 6 0 0 0 0 0 0 19
+1 252 84 0 1 0 0 1 0 0 84 7
+3 136 68
+4 68 68
-1 68 68
-3 68 68
+2 136 68
+2 68
-2 136 0 68
fe=(77)
-1 272 68 0 1 2 0 1 0 0 68 23
fi=(6)
287 68 68 0 1 0 0 1
+3 68
-3 68 68
+4 136 0 0 0 0 0 0 0 0 68 14
476 136 136 0 1 0 0 1
+2 68 0 68 0 0 0 0 0 0 0 0 68 68
cfi=(15) ./elf/../sysdeps/x86/dl-get-cpu-features.c
cfn=(550) __x86_cpu_features
calls=1 71 
* 6 2 0 1 1 0 1 0 0 1
cob=(3)
cfi=(162) ./math/../sysdeps/x86_64/fpu/multiarch/s_sincos.c
cfn=(518) sincos
calls=1 26 
* 8 4 0 2 0 0 2 0 0 2 1
cob=(3)
cfi=(146) ./math/../sysdeps/x86_64/fpu/multiarch/s_sin.c
cfn=(514) sin
calls=1 27 
* 9 4 0 1 0 0 1 0 0 2 1
cob=(3)
cfi=(161) ./math/../sysdeps/x86_64/fpu/multiarch/e_atan2.c
cfn=(510) __atan2_finite@GLIBC_2.15
calls=1 26 
* 9 4 0 2 0 0 2 0 0 2 1
cob=(3)
cfi=(160) ./math/../sysdeps/x86_64/fpu/multiarch/e_exp2f.c
cfn=(506) exp2f@@GLIBC_2.27
calls=1 27 
* 9 4 0 1 0 0 1 0 0 1
cob=(3)
cfi=(159) ./math/../sysdeps/x86_64/fpu/multiarch/s_expm1.c
cfn=(502) expm1
calls=1 26 
* 9 4 0 2 0 0 2 0 0 1
cob=(3)
cfi=(156) ./math/../sysdeps/x86_64/fpu/multiarch/e_asin.c
cfn=(498) __asin_finite@GLIBC_2.15
calls=1 27 
* 8 4 0 1 0 0 1 0 0 2 1
cob=(3)
cfi=(158) ./math/../sysdeps/x86_64/fpu/multiarch/s_fma.c
cfn=(496) fma
calls=1 49 
* 6 3 0 2 0 0 2 0 0 1 1
cob=(3)
cfi=(157) ./math/../sysdeps/x86_64/fpu/multiarch/s_sinf.c
cfn=(492) sinf
calls=1 26 
* 9 4 0 1 0 0 1 0 0 1
cob=(3)
cfi=(156)
cfn=(488) __acos_finite@GLIBC_2.15
calls=1 35 
* 8 4 0 2 0 0 2 0 0 2 1
cob=(3)
cfi=(155) ./math/../sysdeps/x86_64/fpu/multiarch/e_log.c
cfn=(484) __log_finite@GLIBC_2.15
calls=1 27 
* 9 4 0 2 0 0 2 0 0 2 1
cob=(3)
cfi=(154) ./math/../sysdeps/x86_64/fpu/multiarch/s_log1p.c
cfn=(480) __log1p
calls=1 26 
* 9 4 0 1 0 0 1 0 0 1
cob=(3)
cfi=(153) ./math/../sysdeps/x86_64/fpu/multiarch/e_log2f.c
cfn=(476) log2f@@GLIBC_2.27
calls=1 27 
* 9 4 0 2 0 0 2 0 0 1
cob=(3)
cfi=(151) ./math/../sysdeps/x86_64/fpu/multiarch/e_pow.c
cfn=(472) __pow_finite@GLIBC_2.15
calls=1 27 
* 8 4 0 2 0 0 2 0 0 2 1
cob=(3)
cfi=(150) ./math/../sysdeps/x86_64/fpu/multiarch/e_powf.c
cfn=(468) powf@@GLIBC_2.27
calls=1 30 
* 9 4 0 1 0 0 1 0 0 1
cob=(3)
cfi=(149) ./math/../sysdeps/x86_64/fpu/multiarch/s_sincosf.c
cfn=(464) sincosf
calls=1 26 
* 9 4 0 2 0 0 2 0 0 1
cob=(3)
cfi=(148) ./math/../sysdeps/x86_64/fpu/multiarch/e_log2.c
cfn=(460) log2@@GLIBC_2.29
calls=1 27 
* 9 4 0 1 0 0 1 0 0 1
cob=(3)
cfi=(147) ./math/../sysdeps/x86_64/fpu/multiarch/e_logf.c
cfn=(456) logf@@GLIBC_2.27
calls=1 27 
* 9 4 0 1 0 0 1 0 0 1
cob=(3)
cfi=(146)
cfn=(452) cos
calls=1 34 
* 9 4 0 2 0 0 2 0 0 2 1
cob=(3)
cfi=(145) ./math/../sysdeps/x86_64/fpu/multiarch/e_expf.c
cfn=(448) expf@@GLIBC_2.27
calls=1 27 
* 9 4 0 2 0 0 2 0 0 1
cob=(3)
cfi=(143) ./math/../sysdeps/x86_64/fpu/multiarch/e_exp.c
cfn=(444) __exp_finite@GLIBC_2.15
calls=1 27 
* 9 4 0 2 0 0 2 0 0 2 1
cob=(3)
cfi=(141) ./math/../sysdeps/x86_64/fpu/multiarch/s_cosf.c
cfn=(440) cosf
calls=1 26 
* 9 4 0 1 0 0 1 0 0 1
cob=(2) /usr/lib/x86_64-linux-gnu/libc.so.6
cfi=(139) ./string/../sysdeps/x86_64/multiarch/strncase.c
cfn=(432) strncasecmp
calls=1 31 
* 21 4 0 2 0 0 2 0 0 5 1
cob=(2)
cfi=(138) ./string/../sysdeps/x86_64/multiarch/mempcpy.c
cfn=(428) mempcpy
calls=1 33 
* 22 4 0 3 0 0 3 0 0 6 2
cob=(2)
cfi=(137) ./wcsmbs/../sysdeps/x86_64/multiarch/wcpcpy.c
cfn=(424) wcpncpy
calls=1 31 
* 18 4 0 2 0 0 2 0 0 3 1
cob=(2)
cfi=(136) ./string/../sysdeps/x86_64/multiarch/strspn.c
cfn=(422) strspn
calls=1 29 
* 7 3 0 2 0 0 2
cob=(2)
cfi=(134) ./string/../sysdeps/x86_64/multiarch/memchr.c
cfn=(418) memchr
calls=1 29 
* 23 4 0 2 0 0 2 0 0 4 1
cob=(2)
cfi=(133) ./string/../sysdeps/x86_64/multiarch/memmove.c
cfn=(414) memmove
calls=1 29 
* 22 4 0 4 0 0 4 0 0 6 3
cob=(2)
cfi=(132) ./string/../sysdeps/x86_64/multiarch/stpcpy.c
cfn=(410) stpcpy
calls=1 33 
* 17 4 0 1 0 0 1 0 0 5 1
cob=(2)
cfi=(131) ./debug/../sysdeps/x86_64/multiarch/memmove_chk.c
cfn=(406) __memmove_chk
calls=1 29 
* 22 4 0 1 0 0 1 0 0 6 1
cob=(2)
cfi=(129) ./wcsmbs/../sysdeps/x86_64/multiarch/wmemcmp.c
cfn=(402) wmemcmp
calls=1 29 
* 24 5 0 2 0 0 2 0 0 6
cob=(2)
cfi=(128) ./string/../sysdeps/x86_64/multiarch/strncpy.c
cfn=(398) strncpy
calls=1 29 
* 19 4 0 2 0 0 2 0 0 4 2
cob=(2)
cfi=(127) ./string/../sysdeps/x86_64/multiarch/strlen.c
cfn=(394) strlen
calls=1 29 
* 25 5 0 2 0 0 2 0 0 5 1
cob=(2)
cfi=(100) ./wcsmbs/../sysdeps/x86_64/multiarch/wcscat.c
cfn=(390) wcscat
calls=1 31 
* 18 4 0 1 0 0 1 0 0 3 1
cob=(2)
cfi=(126) ./string/../sysdeps/x86_64/multiarch/strcasecmp_l.c
cfn=(386) strcasecmp_l
calls=1 31 
* 21 4 0 2 0 0 2 0 0 5 1
cob=(2)
cfi=(125) ./string/../sysdeps/x86_64/multiarch/strcpy.c
cfn=(382) strcpy
calls=1 29 
* 17 4 0 2 0 0 2 0 0 5 1
cob=(2)
cfi=(123) ./wcsmbs/../sysdeps/x86_64/multiarch/wmemset.c
cfn=(378) wmemset
calls=2 31 
* 20 8 0 2 0 0 2 0 0 4 2
cob=(2)
cfi=(121) ./string/../sysdeps/x86_64/multiarch/memcmp.c
cfn=(374) bcmp
calls=1 29 
* 24 5 0 3 0 0 3 0 0 6
cob=(2)
cfi=(120) ./string/../sysdeps/x86_64/multiarch/strchrnul.c
cfn=(370) strchrnul
calls=1 31 
* 25 5 0 2 0 0 2 0 0 5
cob=(2)
cfi=(119) ./string/../sysdeps/x86_64/multiarch/strncase_l.c
cfn=(366) strncasecmp_l
calls=1 31 
* 21 4 0 3 0 0 3 0 0 5 1
cob=(2)
cfi=(117) ./string/../sysdeps/x86_64/multiarch/strcat.c
cfn=(362) strcat
calls=1 29 
* 17 4 0 2 0 0 2 0 0 5 1
cob=(2)
cfi=(116) ./wcsmbs/../sysdeps/x86_64/multiarch/wcscpy.c
cfn=(360) wcscpy
calls=1 60 
* 16 4 0 3 0 0 3 0 0 4 1
cob=(2)
cfi=(115) ./string/../sysdeps/x86_64/multiarch/strcspn.c
cfn=(358) strcspn
calls=1 29 
* 7 3 0 1 0 0 1
cob=(2)
cfi=(113) ./string/../sysdeps/x86_64/multiarch/strcasecmp.c
cfn=(354) strcasecmp
calls=1 31 
* 21 4 0 3 0 0 3 0 0 5 1
cob=(2)
cfi=(112) ./string/../sysdeps/x86_64/multiarch/strncmp.c
cfn=(352) strncmp
calls=1 67 
* 21 4 0 3 0 0 3 0 0 5 1
cob=(2)
cfi=(110) ./wcsmbs/../sysdeps/x86_64/multiarch/wmemchr.c
cfn=(348) wmemchr
calls=2 31 
* 46 8 0 3 0 0 3 0 0 8 2
cob=(2)
cfi=(108) ./string/../sysdeps/x86_64/multiarch/stpncpy.c
cfn=(344) stpncpy
calls=1 31 
* 19 4 0 2 0 0 2 0 0 4
cob=(2)
cfi=(107) ./wcsmbs/../sysdeps/x86_64/multiarch/wcscmp.c
cfn=(340) wcscmp
calls=1 30 
* 25 5 0 2 0 0 2 0 0 5 1
cob=(2)
cfi=(106) ./string/../sysdeps/x86_64/multiarch/strrchr.c
cfn=(336) rindex
calls=1 28 
* 25 5 0 1 0 0 1 0 0 5 1
cob=(2)
cfi=(104) ./debug/../sysdeps/x86_64/multiarch/memset_chk.c
cfn=(332) __memset_chk
calls=1 29 
* 24 4 0 1 0 0 1 0 0 6
cob=(2)
cfi=(103) ./string/../sysdeps/x86_64/multiarch/strchr.c
cfn=(330) index
calls=1 65 
* 19 4 0 2 0 0 2 0 0 5 1
cob=(2)
cfi=(100)
cfn=(324) wcschr
calls=2 31 
* 50 10 0 3 0 0 3 0 0 10 2
cob=(2)
cfi=(98) ./string/../sysdeps/x86_64/multiarch/memcmpeq.c
cfn=(320) memcpy@@GLIBC_2.14
calls=1 29 
* 22 4 0 4 0 0 4 0 0 6 2
cob=(2)
cfi=(96) ./wcsmbs/../sysdeps/x86_64/multiarch/wcsncpy.c
cfn=(316) wcsncpy
calls=1 31 
* 18 4 0 1 0 0 1 0 0 3 1
cob=(2)
cfi=(95) ./string/../sysdeps/x86_64/multiarch/memrchr.c
cfn=(312) memrchr
calls=1 29 
* 25 5 0 2 0 0 2 0 0 5 2
cob=(2)
cfi=(94) ./debug/../sysdeps/x86_64/multiarch/memcpy_chk.c
cfn=(308) __memcpy_chk
calls=1 29 
* 22 4 0 5 0 0 5 0 0 6 1
cob=(2)
cfi=(92) ./debug/../sysdeps/x86_64/multiarch/mempcpy_chk.c
cfn=(304) __mempcpy_chk
calls=1 29 
* 22 4 0 5 0 0 5 0 0 6 2
cob=(2)
cfi=(91) ./wcsmbs/../sysdeps/x86_64/multiarch/wcslen.c
cfn=(300) wcslen
calls=1 29 
* 19 4 0 3 0 0 3 0 0 5 1
cob=(2)
cfi=(89) ./string/../sysdeps/x86_64/multiarch/memset.c
cfn=(296) memset
calls=1 29 
* 24 4 0 2 0 0 2 0 0 6
cob=(2)
cfi=(87) ./wcsmbs/../sysdeps/x86_64/multiarch/wcsnlen.c
cfn=(292) wcsnlen
calls=1 30 
* 19 4 0 3 0 0 3 0 0 5 1
cob=(2)
cfi=(86) ./string/../sysdeps/x86_64/multiarch/strcmp.c
cfn=(290) strcmp
calls=1 79 
* 19 4 0 3 0 0 3 0 0 5 1
cob=(2)
cfi=(85) ./string/../sysdeps/x86_64/multiarch/strpbrk.c
cfn=(288) strpbrk
calls=1 29 
* 7 3 0 2 1 0 2
cob=(2)
cfi=(83) ./string/../sysdeps/x86_64/multiarch/strnlen.c
cfn=(284) strnlen
calls=2 31 
* 50 10 0 2 1 0 2 0 0 10 2
cob=(2)
cfi=(81) ./string/../sysdeps/x86/cacheinfo.c
cfn=(280) __x86_cacheinfo
calls=1 86 
* 28 9 8 4 3 2 4 0 2 3 1
fi=(5)
165 68
fi=(6)
479 68 0 68 0 0 3 0 0 1
fi=(5)
165 145 3 0 0 0 0 0 0 0 68 26
-14 126 42 0 2 1 0 2 0 0 42 4
fi=(6)
460 6 2 0 1 0 0 1 0 0 2
+5 4 4 0 1 0 0 1
-1 6 2 2
+1 4
-1 2 0 2
cfi=(29)
cfn=(82)
calls=2 210 
* 25 5 3 0 2 0 0 1 0 7 3
+2 10 6 0 0 0 0 0 0 0 2
+1 4 0 0 1 0 0 1 0 0 2 2
-67 51 17 0 1 0 0 1 0 0 17
+2 68 17 0 0 0 0 0 0 0 17
+4 17 17
+9 17 17
-9 34 17 0 1 3 0 1 3
+9 17 0 17 0 0 5 0 0 5
fi=(5)
150 34 17
fi=(6)
320 42 0 42
+3 42
+29 6 2 0 0 0 0 0 0 0 2
+11 2 2
-9 4 4
+9 2 0 2 0 0 1
fi=(5)
150 4 2
fi=(6)
346 8 0 0 1 0 0 1 0 0 4
+1 12 8 4 0 3 3 0 0 2
fi=(5)
150 8 4
fi=(6)
287 85 17 0 1 0 0 1 0 0 17 2
fi=(5)
141 68 68
+1 68 0 68 1 0 0 1
-1 204 0 68
+2 68
fi=(6)
287 340 68 0 1 0 0 1 0 0 68 20
fe=(77)
175 14605 1623 0 2 0 0 2 0 0 6490 5
+3 1623 1623
-1 1623 0 1623
+19 1623 1623 0 1 0 0 1
-18 3246 0 1623
fi=(6)
295 4 0 0 1 0 0 1 0 0 2
+1 6 2 0 0 0 0 0 0 0 2 2
+11 4 0 4 1 0 0 1
+7 2 0 2 0 0 0 0 0 0 0 0 2 2
cob=(2)
cfi=(133)
cfn=(414)
calls=1 29 
* 22 4 0 0 0 0 0 0 0 6 2
cob=(2)
cfi=(89)
cfn=(296)
calls=1 29 
* 24 4 0 0 3 0 0 0 0 6
* 8 4 0 1 0 0 1
fe=(77)
-13 6 0 4 1 0 0 1
+55 35 21 0 1 2 0 1
+3 7
-3 7
+3 7
+4 14 0 0 1 0 0 1 0 0 7
+1 28 0 7 0 0 1
cfi=(140) ./misc/../sysdeps/unix/syscall-template.S
cfn=(436) mprotect
calls=7 117 
* 42 7 0 2 0 0 2 0 0 7 2
* 14 0 0 0 0 0 0 0 0 7 4
-63 9 0 3 1 0 0 1
fi=(5)
180 7 3 0 1 0 0 1 0 0 2 1
fe=(77)
+10 2
fi=(5)
73 1 0 1 1 0 0 1
fe=(77)
190 3 0 2
fi=(6)
436 7 0 4 0 0 0 0 0 0 1
fi=(5)
182 2 2 0 1 0 0 1
+1 2 2
-1 1
+3 1
-3 4 0 1
+3 2 0 0 0 0 0 0 0 0 1
-3 10 10 0 0 2 0 0 2
+1 10 10
-1 5
+3 5
-3 20 0 5
+3 10 0 0 0 0 0 0 0 0 5
+8 6 0 6
fi=(6)
+74 12 0 0 1 0 0 1 0 0 6
+7 12 0 0 0 0 0 0 0 0 6
+4 12 0 0 0 0 0 0 0 0 6
fe=(77)
170 24 6 0 0 3 0 0 2 0 6 2
fi=(4)
-30 18 6
fe=(77)
+31 12 0 0 0 0 0 0 0 0 6
+3 12 6 0 1 1 0 1 0 0 6
+8 12 0 0 0 0 0 0 0 0 6
-8 54 0 0 0 0 0 0 0 0 12
+12 12 12 0 1 0 0 1
-3 6 0 6
+1 6 0 6
+2 36 12 6 0 0 0 0 0 0 6 2
+4 24 6 6
-4 6
+4 18 6 12 1 0 0 1
cfi=(78)
cfn=(270)
calls=6 772 
* 3734 1111 371 0 74 10 0 9 0 575 48 1 1
+3 6 6
+1 12 6
-4 6
+4 30 12 6
fi=(6)
+93 21 3 0 0 0 0 0 0 0 6 2
+3 3 3 0 1 0 0 1
-3 9 3 0 0 0 0 0 0 0 3
+3 3
-3 3 3
+5 6 0 0 0 0 0 0 0 0 3 1
+25 36 6 0 0 1 0 0 1 0 6 2 6 1
423 6 0 6 1 0 2 1 0 2
fi=(5)
196 18 6 0 0 0 0 0 0 0 6
-16 24 6 0 0 0 0 0 0 0 6 5
+31 7 4 0 1 0 0 1 0 0 1 1
fe=(77)
-33 1621 0 0 1 0 0 1
-3 4863 0 0 0 0 0 0 0 0 1621

fl=(23) ./elf/../misc/sbrk.c
fn=(64) sbrk
37 4 0 2 1 0 0 1
+3 1 1
-3 2 0 1
+21 2 0 0 0 0 0 0 0 0 1
+4 2 0 0 0 0 0 0 0 0 1 1
+16 5 4 0 1 0 0 1

fl=(8) ./elf/./elf/dl-setup_hash.c
fn=(14) _dl_setup_hash
25 7 0 0 1 0 0 1
+3 7 7
-3 7
+3 14 0 0 1 0 0 1 0 0 7
+3 21 14 0 0 0 0 0 0 0 7
+1 14 7 7 0 6 1 0 6 1
+2 7 7
-1 7 7
+3 21 0 0 0 0 0 0 0 0 7
+1 7 0 7
+1 14 7
+7 7
-5 7 0 7
-2 7 0 7 1 0 0 1
+3 14
+2 7 0 7
+2 14 0 7
+5 7 7

fl=(25) ./elf/./elf/dl-environ.c
fn=(70) _dl_next_ld_env_entry
28 3 0 0 1 0 0 1
+1 3 3
+3 99 93 0 0 0 0 0 0 0 3 2
+13 89
-13 178 0 0 0 0 0 0 0 0 89
+2 182 91 0 0 0 0 0 0 0 91 18
+1 12 6 0 0 0 0 0 0 0 6 3
+5 2
-3 2
+3 2 0 2
+2 2 2

fl=(2) ./elf/./elf/rtld.c
fn=(238) version_check_doit
674 2 0 1 1 0 0 1
+2 1
-2 4 0 1 1 0 0 1
+2 3 2 1
cfi=(73)
cfn=(240)
calls=1 392 
* 24800 7521 1562 53 129 77 53 120 73 5002 413 83 41
* 2 0 0 0 0 0 0 0 0 1 1
+4 3 3

fn=(246) init_tls
734 1 0 1 1 0 0 1
+6 1 1 0 0 1
-6 3 0 2
+2 2 1 1 0 1
+4 2 0 0 0 0 0 0 0 0 1
+11 1
fi=(28)
44 1
fe=(2)
746 1
+4 1
fi=(28)
44 1 1 1 0 0 0 0 0 0 0 0 1 1
cfi=(27)
cfn=(74)
calls=1 +36 
* 41 8 7 0 0 0 0 0 0 4 2 1
fe=(2)
761 1 1 0 1 1 0 1 1
-12 1 0 1
+6 1
-9 1 0 1 0 0 1 0 0 1
+11 1 0 1
+4 1 0 0 0 0 0 0 0 0 1
+2 3 1 0 0 0 0 0 0 0 1
-1 2
+3 14 7 0 1 5 0 1 0 0 7 5
+4 3
+2 3
-2 6 0 3
-5 3 3
-1 6 0 0 0 0 0 0 0 0 3 3
+10 3 1 0 0 0 0 0 0 0 1
+3 2 0 1
cfi=(46)
cfn=(248)
calls=1 97 
* 86 15 10 2 4 1 2 2 0 7 2
+3 1 0 1
cfi=(46)
cfn=(250)
calls=1 216 
* 147 30 14 6 2 0 6 1 0 15 7
+7 1 0 1
cfi=(46)
cfn=(252)
calls=1 417 
* 470 34 326 5 0 39 4 0 39 312 15 3 2
* 1 0 0 1 0 0 1
+1 2 0 0 0 0 0 0 0 0 1
+6 1 1
fi=(74) ./elf/../sysdeps/generic/dl-call_tls_init_tp.h
31 2
fe=(2)
793 1 0 1
fi=(74)
31 6 0 2 0 0 0 0 0 0 1 1
+2 1 0 1
cfi=(24)
cfn=(256) __tls_init_tp
calls=1 +35 
* 79 14 17 4 4 0 4 1 0 5 4
fe=(2)
800 1
-3 1 0 1
+3 4 4
-36 4 4 0 1 0 0 1
-1 9 0 0 0 0 0 0 0 0 4 3

fn=(66) dl_main
1346 2 0 1 1 0 0 1
197 1
1346 11 0 8 1 0 1 1 0 1
199 1 0 1
302 1 0 1
+1 1 0 1
197 1 0 1
+99 3 0 3 1 0 0 1
1357 1 0 1 0 0 1 0 0 1
cfi=(24)
cfn=(68) __tls_pre_init_tp
calls=1 53 
* 17 1 5 3 0 1 3 0 1
2749 1 1
2538 1 1
2749 2 0 0 0 0 0 0 0 0 1
2598 1 0 1 0 0 1 0 0 1
+2 2
+15 1
-13 2 0 1 1 0 0 1
cfi=(25)
cfn=(70)
calls=1 28 
* 93 32 1 1 0 0 1 0 0 30 8
* 4 0 2
cfi=(25)
cfn=(70)
calls=2 28 
* 481 163 1 0 0 0 0 0 0 159 15
* 9 0 0 0 0 0 0 0 0 3 1
+4 6 2 0 0 0 0 0 0 0 2
-2 2
+2 6 0 0 0 0 0 0 0 0 2
+1 2
-1 6 2 0 0 0 0 0 0 0 2
+1 17
-1 89 17 0 0 0 0 0 0 0 36 10
+9 12 2 0 1 2 0 1 2 0 2 0 2 2
2727 3 1 0 0 0 0 0 0 0 1 1
1373 1 1
+1 2 1 0 1 0 0 1
-1 2 1 1
+1 2 1 0 0 0 0 0 0 0 1 1
2687 3 1 0 1 0 0 1 0 0 1 1
-47 2 1 0 1 0 0 1 0 0 1
+10 2 1 0 0 0 0 0 0 0 1 1
1637 9 0 2 1 0 0 1
cfi=(26) ./elf/./elf/dl-object.c
cfn=(72) _dl_new_object
calls=1 59 
* 210 31 55 22 4 11 22 4 11 30 16 2 2
* 1 0 1
+2 2 0 0 0 0 0 0 0 0 1
+1 3 0 1 1 0 0 1
+6 1
-5 2 1 1
+1 3 2 1
+4 1 0 1
cfi=(26)
cfn=(84) _dl_add_to_namespace_list
calls=1 31 
* 42 10 9 3 0 0 3 0 0 1 1 2 2
+1 2 1 0 0 0 0 0 0 0 1
1116 1 1 0 1 0 0 1
-1 1 1
1351 1
1143 1
-21 2 2 0 0 1 0 0 1
+21 2
-19 1 0 1
+1 1 0 1
-3 1 0 1 0 0 1 0 0 1
+21 2 0 0 1 0 0 1 0 0 1
+57 1 1
-82 1 0 1
+25 1
-3 1
+4 1
+19 1
+37 4
-56 102 22 0 1 6 0 1 6 0 31 4 9 5
+56 4 4 0 0 1 0 0 1
-1 4 4
+1 8
-1 4
+2 8 4 0 0 0 0 0 0 0 4 2
+1 1 0 1
+2 12 4 0 0 0 0 0 0 0 4
+1 14 0 0 0 0 0 0 0 0 7 3
+4 8 4 0 0 3 0 0 3
+1 8 4 0 0 0 0 0 0 0 4
+1 4 0 4
+4 12
-72 27 0 0 2 0 0 2 0 0 9 7
1253 2 1
+1 22 0 0 0 0 0 0 0 0 11 7
+6 4 0 1
cfi=(30) ./elf/./elf/dl-load.c
cfn=(88) _dl_process_pt_gnu_property
calls=1 868 
* 90 17 4 6 1 0 6 1 0 20 1
-7 26 0 0 0 0 0 0 0 0 13 1
+1 13 13
+6 13
-6 26 0 0 0 0 0 0 0 0 13 6
fi=(31) ./elf/../sysdeps/x86/dl-prop.h
235 4 4 0 1 0 0 1
+1 2 2
-87 4 2 0 0 0 0 0 0 0 2 2
fe=(2)
1148 1 0 0 1 0 0 1
-5 1
+5 2 1 1
-5 2 0 0 0 0 0 0 0 0 1 1
+30 1 1
-9 2 2 0 0 1 0 0 1
+2 1 0 1
-3 1 0 1
+10 2 0 0 1 0 0 1 0 0 1
+18 2 0 1
-38 2 2
-10 1
+10 1 0 1
+1 9 2 1 1 0 0 1
-11 2 0 0 0 0 0 0 0 0 1 1
+1 14 0 0 0 0 0 0 0 0 7 3
1247 1 1 0 0 1 0 0 1
1143 1 0 0 1 0 0 1
1247 2 1 1
1143 3 0 0 0 0 0 0 0 0 1
1266 4 2 0 0 1 0 0 1 0 1 1
+3 3 2 0 1 0 0 1 0 0 1 1
+2 3 1 0 0 0 0 0 0 0 1
1672 3 1 0 1 0 0 1 0 0 1
+2 2 1
-1 1 1
+1 1 1
+1 3 3
-2 2 0 1
cfi=(32)
cfn=(94)
calls=1 98 
* 25 7 0 3 1 0 3 1 0 3 1
* 2 0 0 0 0 0 0 0 0 1
+7 1 0 1 1 0 1 1 0 1
+3 1 1
-5 1 0 1
+3 1 0 1
+2 1 0 0 0 0 0 0 0 0 1
+1 2 0 1
+4 2 1 0 0 0 0 0 0 0 1
+2 2 0 0 1 0 0 1 0 0 1
fi=(3) ./elf/./get-dynamic-info.h
39 4 2 0 0 0 0 0 0 0 1
+4 1
+2 1 1 0 0 1 0 0 1
+9 1
+1 1
-10 2 0 0 0 0 0 0 0 0 1 1
+23 28 0 28 0 0 8 0 0 8
-23 112 28 0 0 7 0 0 7 0 28 1
+4 56 0 0 1 0 0 1 0 0 28 12
+3 6
-1 12 0 0 0 0 0 0 0 0 6
+3 24 0 0 0 0 0 0 0 0 6 1
+1 20
fe=(2)
1243 1 1 0 1 0 0 1
1143 1
1243 1 0 1 0 0 1 0 0 1
1143 2 0 0 0 0 0 0 0 0 1 1
fi=(3)
72 4 2 0 0 0 0 0 0 0 1 1
+43 2 1 0 1 0 0 1 0 0 1
+7 3 2 0 0 0 0 0 0 0 1
+1 4 3 0 1 0 0 1 0 0 1
+6 3 1 0 0 0 0 0 0 0 1 1
+18 4 2 0 0 0 0 0 0 0 1
+5 2 1 1 1 0 1 1 0 1
+2 2 0 0 0 0 0 0 0 0 1 1
+2 2 0 0 0 0 0 0 0 0 1 1
+2 2 0 0 0 0 0 0 0 0 1
+1 2 1 1
+3 4 2 0 1 0 0 1 0 0 1
+2 3 1 1
+1 2 0 0 0 0 0 0 0 0 1 1
+9 2 1 0 0 0 0 0 0 0 1
+6 2 0 0 0 0 0 0 0 0 1
+1 3 2 1 1 0 0 1
+3 3 2 0 0 0 0 0 0 0 1 1
fe=(2)
1698 4 2 0 0 0 0 0 0 0 1 1
+7 2 1 1 1 0 0 1
cfi=(8)
cfn=(14)
calls=1 25 
* 27 8 6 0 1 0 0 1 0 3
+3 2 1 0 1 0 0 1 0 0 1
fi=(33) ./elf/./setup-vdso.h
24 2 1 0 0 0 0 0 0 0 1 1
fi=(36) ./elf/./dl-main.h
+85 2 2 0 1 0 0 1
fi=(35) ./elf/../sysdeps/unix/sysv/linux/dl-vdso-setup.h
-64 1 0 1
fi=(36)
+64 3 2 1
cfi=(30)
cfn=(106) _dl_init_paths
calls=1 706 
* 4352 982 509 80 6 20 80 6 20 726 168 16 8
fe=(2)
1733 3 1 1 1 0 0 1
cfi=(45) ./elf/./elf/dl-debug.c
cfn=(144) _dl_debug_initialize
calls=1 56 
* 34 7 5 4 2 0 4 2 0 5 3
+7 1 1
-5 1 0 1
-2 1
+7 1 0 0 0 0 0 0 0 0 1 1
+4 1 1
+1 1 1
+2 1 0 1
-3 3 0 1
+1 2 1 1 1 0 0 1
+3 1 0 1
+11 1 1 0 0 1 0 0 1
-13 1 0 1
+13 1 0 0 0 0 0 0 0 0 1
+1 2 1 0 0 0 0 0 0 0 1
+5 1 1
-3 2 1 0 1 0 0 1
+2 1 0 1
+1 2 0 1
+5 3
+1 5 1 0 0 1 0 0 1 0 1 1
-1 2 0 0 1 0 0 1 0 0 1 1
224 1 1
+1 1 1
-1 1 1
+1 3 2 0 0 0 0 0 0 0 1 1
+1 2 0 0 1 0 0 1 0 0 1 1
1788 2 1 0 1 0 0 1 0 0 1
+5 1 1
-1 1
1352 1 0 1
1793 1 0 0 0 0 0 0 0 0 1
+24 1 0 1 1 0 0 1
cfi=(46)
cfn=(146)
calls=1 192 
* 6 3 0 1 0 0 1 0 0 1
* 1 0 1
fi=(47) ./elf/../sysdeps/generic/dl-debug.h
29 4 2 0 0 0 0 0 0 0 1
+1 1 0 1
fe=(2)
1823 1 0 1
+1 1 0 1
cfi=(45)
cfn=(150) _dl_debug_state
calls=1 116 
* 2 1 0 1 0 0 1
+1 1
+4 3 1 1
cfi=(48) ./elf/./elf/dl-audit.c
cfn=(152) _dl_audit_activity_map
calls=1 29 
* 17 8 5 2 0 0 2 0 0 1 1
+5 3 2 0 1 0 0 1 0 0 1
+2 1
+2 2 1 0 0 0 0 0 0 0 1 1
+9 2 1 0 0 0 0 0 0 0 1
+16 4 0 1
cfi=(63) ./io/../sysdeps/unix/sysv/linux/access.c
cfn=(200) access
calls=1 25 
* 9 1 1 0 0 0 0 0 0 1 1
* 2 0 0 1 0 0 1 0 0 1
+76 4 2 0 0 0 0 0 0 0 1 1
+16 3 1 0 0 0 0 0 0 0 1 1
85 1
1965 1
85 2
1965 1
85 1
1965 5 2 0 1 0 0 1
85 1 0 1
1965 2 0 1
cfi=(64) ./elf/./elf/dl-deps.c
cfn=(202) _dl_map_object_deps
calls=1 143 
* 33246 6961 3819 154 204 211 153 189 211 5718 905 72 18
92 1
+9 1 1
1971 1 1
92 2
+9 2 0 1
1971 2 0 0 1 0 0 1 0 0 1
+1 6 2 1
-1 4 0 0 0 0 0 0 0 0 1 1
+1 12 6 6
-1 24 0 0 0 0 0 0 0 0 6 5
+4 3 2 1
+1 2 0 0 1 0 0 1 0 0 1
+1 1 0 1
+2 26 1 0 0 0 0 0 0 0 6
+1 12 6 0 0 0 0 0 0 0 6 6
+46 1 1
-42 2 0 0 1 0 0 1 0 0 1
+8 3 1 1
+1 2 0 0 0 0 0 0 0 0 1
+2 1
+2 3 0 0 0 0 0 0 0 0 1 1
+2 1 1
-4 1 0 1
+5 1 1
-1 2 0 0 1 0 0 1 0 0 1 1
+14 2 0 0 0 0 0 0 0 0 1
+1 2 1 1
+1 3 1 0 0 0 0 0 0 0 1 1
-25 1 0 1 1 0 0 1
+36 2
+2 1
-2 1
+2 2
-2 1 0 1 0 0 1
+1 2
+1 1
-1 2 0 1
+1 1 0 1 1 0 0 1
cfi=(50) ./elf/./elf/dl-catch.c
cfn=(236) _dl_receive_error
calls=1 186 
* 24837 7534 1573 57 129 77 57 120 73 5005 414 84 42
+10 1 1
+1 1 1
-1 1 0 1
+1 1 0 0 0 0 0 0 0 0 1 1
+3 2 0 0 0 0 0 0 0 0 1
837 1 1
fi=(253) ./elf/../sysdeps/unix/sysv/linux/dl-osinfo.h
39 2 1 0 0 1
fe=(2)
839 1 0 1
fi=(253)
52 1 1
fe=(2)
848 1 0 1 1 0 0 1
+7 1 0 1
-5 1 0 1
2047 3 1 0 0 0 0 0 0 0 1
2246 2 1
+4 1 1
-4 1 0 1
+10 1 1 0 1 0 0 1
-6 1 0 1
+6 1 0 1
-6 1 0 1 0 0 1
+9 2 1 0 0 0 0 0 0 0 1
+8 2 2
fi=(31)
36 2 2
+1 3 0 0 1 0 0 1 0 0 1
+3 3 3
+13 9 1 0 0 1
-13 6 6
+9 12 6 0 0 0 0 0 0 0 6
-9 1 1
+9 28 7 0 1 0 0 1 0 0 14 1
+4 24 6 0 0 0 0 0 0 0 6
-16 21 0 0 0 0 0 0 0 0 7 5
+34 1 1
fe=(2)
2279 1
fi=(31)
71 1 0 1
cfi=(76) ./elf/../sysdeps/x86_64/dl-cet.c
cfn=(260) _dl_cet_check
calls=1 361 
* 55 11 14 4 1 0 4 0 0 8 1
fe=(2)
2282 1 1
-3 2 1 0 1 0 0 1
+5 1 1
-2 2 0 1
+2 2 0 0 0 0 0 0 0 0 1 1
+1 6 1 1
cfi=(77)
cfn=(262)
calls=1 207 
* 76489 20117 7986 192 608 229 192 532 225 13721 1164 165 77
85 2
2292 1 1 0 0 1
85 2 0 0 1 0 0 1
2292 1 1
+1 20 2 1 0 1 0 0 0 0 5 1
+2 14 14 0 1 4 0 1
+5 14 14 0 0 8
+2 14 0 0 0 0 0 0 0 0 7 3
+6 7 0 7 0 0 1
+2 14 0 0 0 0 0 0 0 0 7 1
+1 48 12 6 0 7
cfi=(77)
cfn=(262)
calls=6 207 
* 1590267 420999 144030 85 10575 1650 82 5877 877 248739 8289 3593 654
+4 20 10 0 1 6 0 1 0 0 10 4
+1 6
-23 3
+23 3 0 3
cfi=(46)
cfn=(438)
calls=3 1017 
* 84 30 21 3 4 1 3 0 0 6 3
-23 7 1 0 0 1 0 0 0 0 3 2
92 3 0 0 1 0 0 1
+1 1
2325 1 1
93 1 0 1 0 0 1
2325 1 0 0 0 0 0 0 0 0 1
+4 4 2 0 0 1 0 0 0 0 2
+2 1 0 1 0 0 1
+7 4 1 1 1 0 0 1
cfi=(46)
cfn=(528)
calls=1 523 
* 306 71 42 7 10 4 6 0 4 49 13 2 2
+3 2 1 0 0 0 0 0 0 0 1
+4 3 2 0 1 1 0 1 0 0 1
+2 2 1 0 0 0 0 0 0 0 1 1
+33 3 1 1
cfi=(169) ./elf/./elf/dl-call-libc-early-init.c
cfn=(552) _dl_call_libc_early_init
calls=1 27 
* 603 131 56 17 33 5 17 12 4 57 16 11 4
+7 1 0 1
cfi=(9) ./elf/../sysdeps/unix/sysv/linux/dl-sysdep.c
cfn=(568) _dl_sysdep_start_cleanup
calls=1 147 
* 2 1 0 1 0 0 1
+3 3 0 1
cfi=(48)
cfn=(570) _dl_audit_activity_nsid
calls=1 41 
* 11 3 0 2 0 0 2 0 0 2
+4 2 0 1
cfi=(45)
cfn=(196) _dl_debug_update
calls=1 38 
* 7 2 0 1 1 0 0 0 0 2 1
+1 1 0 1 0 0 1
-1 1
+2 1 0 1
cfi=(45)
cfn=(150)
calls=1 116 
* 2 1
+1 1
+4 1 0 1
cfi=(67) ./elf/./elf/dl-cache.c
cfn=(572) _dl_unload_cache
calls=1 525 
* 19 5 4 2 1 0 2 0 0 2 1
+5 8 7 0 0 1
2304 1 0 1 1 0 1 1
+1 1 1
-3 2 0 0 0 0 0 0 0 0 1 1
226 2 0 0 0 0 0 0 0 0 1
-2 1 1
+1 1
1773 1 1 0 1 1 0 1 1
+6 1 1 0 0 1 0 0 1
-6 2 1 1 1 0 1 1 0 1
+6 1 0 0 0 0 0 0 0 0 1 1
fi=(3)
56 5 0 0 1 0 0 1 0 0 1
+3 4 0 0 0 0 0 0 0 0 1 1
fi=(34) ./elf/../sysdeps/unix/sysv/linux/dl-vdso.h
-19 2 1 0 1 0 0 1
+1 5 0 2 0 0 0 0 0 0 1
fi=(35)
-11 1 0 1
+3 1 0 1 1 0 0 1
+3 1 0 1
+3 1 0 1
fi=(34)
+16 2
fi=(3)
+17 3 2 0 1 0 0 1 0 0 1
+12 3 1 0 0 0 0 0 0 0 1 1
+1 5 2 1 1 0 0 1 0 0 1
+1 5 2 1 0 0 0 0 0 0 1
+1 5 2 1 0 0 0 0 0 0 1
+1 4 2 0 0 0 0 0 0 0 1 1
+1 5 2 1 1 0 0 1 0 0 1
+1 5 2 1 0 0 0 0 0 0 1
+1 5 2 1 1 0 0 1 0 0 1
+12 2 2
+7 1 1
-7 7 1 1 0 0 0 0 0 0 2 1
+7 2 0 0 0 0 0 0 0 0 1 1
fe=(2)
1743 4 2 1 1 0 0 1
2357 1 0 1 1 0 0 1
cfi=(163) ./elf/./elf/dl-find_object.c
cfn=(530) _dl_find_object_init
calls=1 561 
* 1041 250 78 16 77 5 16 9 4 260 61 1 1
+5 3 1 1
cfi=(7) ./elf/./elf/dl-minimal.c
cfn=(538) __rtld_malloc_init_real
calls=1 76 
* 3003 883 351 10 34 0 10 5 0 418 43 5 3
+3 1 0 1
cfi=(167)
cfn=(546)
calls=1 30 
* 503 115 36 10 10 0 10 7 0 56 11 4 4
85 1
2371 1 0 1
+1 3 2 0 1 0 0 1
85 3
2372 2 0 1
cfi=(77)
cfn=(262)
calls=1 207 
* 1871 587 207 1 27 3 1 1 0 293 30 3 2
92 3
+9 3 0 1
2687 2 1 0 1 0 0 1 0 0 1
+2 1
+1 1
-1 1 0 1
+1 1 0 1
+1 1
2040 2 0 1 1 0 0 1
cfn=(246)
calls=1 734 
* 923 126 393 22 18 41 21 5 40 363 42 5 3
* 2 0 1
2650 2 1 0 1 0 0 1 0 0 1
+2 2 0 1
+1 1
fi=(3)
62 4 0 0 1 0 0 1 0 0 1
+2 4
fe=(2)
1943 10 0 0 1 0 0 1 0 0 1 1
85 1 0 0 1 0 0 1
1842 2 2 0 1 0 0 1
85 3
1842 2 0 1
cfn=(154) handle_preload_list
calls=1 869 
* 3098 729 370 117 37 43 115 37 43 483 160 9 3
* 1
92 3
+9 3 0 1
1943 6 0 1 1 0 0 1 0 0 1
+1 1
-1 1
+4 3 0 1
+1 1 1 0 1 0 0 1
+1 2 0 0 0 0 0 0 0 0 1
+1 2 0 0 0 0 0 0 0 0 1
-7 2

fn=(154)
869 11 0 7 2 0 1 2 0 1
+5 1 1
-5 2 0 2 0 0 1 0 0 1
+5 2 0 0 0 0 0 0 0 0 1
-4 3
+7 3 0 1 1 0 0 1
cfi=(49) ./string/../string/strcspn.c
cfn=(156) strcspn
calls=1 32 
* 254 120 21 5 2 4 5 2 4 23 12
* 1
+1 3 0 0 0 0 0 0 0 0 1 1
+9 1
183 1 1
889 2 1
183 2 0 0 0 0 0 0 0 0 1
891 2 1 0 1 0 0 1 0 0 1
-80 1 1
+5 1
-6 1
-4 1 0 1 0 0 1 0 0 1
+10 2
-6 1 0 1
+4 1 1
+2 2 0 0 1 0 0 1
-5 1 0 1
+1 1 0 1
+4 1 0 1
cfi=(50)
cfn=(158) _dl_catch_error
calls=1 254 
* 2754 588 328 106 35 36 104 35 36 450 145 9 3
+1 3 1 0 0 0 0 0 0 0 1
+8 3 1
+67 1
-18 2 1 0 0 0 0 0 0 0 1
+21 9 7
-15 4 0 1 1 0 0 1
cfi=(29)
cfn=(82)
calls=1 210 
* 19 5 4 0 0 0 0 0 0 4 2
+1 2 0 1

fn=(2) _dl_start
517 16 0 8 2 0 1 2 0 1
85 1
547 4 0 1 0 0 1 0 0 1
85 1
543 1 0 1 0 0 1 0 0 1
fi=(6)
55 1
fe=(2)
+30 1
546 1 0 0 1 0 0 1
85 1 0 1 0 0 1 0 0 1
fi=(3)
-40 1 1 0 0 1 0 0 1
fe=(2)
546 1 0 1 0 0 1 0 0 1
fi=(3)
45 2 0 0 0 0 0 0 0 0 1 1
+23 18 0 18 0 0 7 0 0 7
-23 72 18 0 0 4 0 0 4 0 18 1
+4 36 0 0 0 0 0 0 0 0 18 12
+3 5 0 0 1 0 0 1
-1 10 0 0 0 0 0 0 0 0 5
+3 20 0 0 0 0 0 0 0 0 5 1
+1 16
+1 5 0 0 0 0 0 0 0 0 1 1
fi=(4)
+23 1 1 0 1 0 0 1
fi=(3)
+31 1 1 0 0 1 0 0 1
-38 3 0 0 0 0 0 0 0 0 1
+12 4 1 1 0 0 0 0 0 0 1
+1 3 1 0 0 0 0 0 0 0 1 1
+1 4 1 1 1 0 0 1 0 0 1
+1 4 1 1 0 0 0 0 0 0 1
+1 5 1 1 0 0 0 0 0 0 1
+1 3 1 0 1 0 0 1 0 0 1 1
+1 4 1 1 0 0 0 0 0 0 1
+1 4 1 1 0 0 0 0 0 0 1
+12 7 2 0 0 0 0 0 0 0 2 1
+7 2 0 0 0 0 0 0 0 0 1 1
-51 4 0 0 1 0 0 1 0 0 1 1
+64 3 2 0 2 0 0 2 0 0 1
+6 3 1 0 0 0 0 0 0 0 1
+1 3 2 0 0 0 0 0 0 0 1
+3 2 1 0 0 0 0 0 0 0 1
+1 3 1 0 0 0 0 0 0 0 1
+5 5 2 0 1 0 0 1 0 0 2
+3 5 2 0 0 0 0 0 0 0 2
fe=(2)
563 154 6 11 2 1 4 2 1 4 51 21
fi=(4)
79 1 1
fe=(2)
563 1 1
fi=(4)
79 2
fe=(2)
563 27 4 5 3 0 1 3 0 1 4 2
fi=(6)
287 3 0 1
fi=(5)
49 1 1
fe=(2)
563 1 1
fi=(5)
50 1 1
-1 2
+4 1 1
-3 1
+3 4 1 0 1 0 0 1
+3 2 0 0 0 0 0 0 0 0 1 1
-7 1 1
fe=(2)
563 1 1
fi=(5)
50 1 1
-1 2
+4 1 1
-3 1
+3 4 1
+3 2 0 0 0 0 0 0 0 0 1 1
+7 3 3 0 1 1 0 1 1
+2 3 3
-2 6
fi=(6)
278 3
fi=(5)
64 6
fi=(6)
278 6 0 0 0 0 0 0 0 0 3
+9 24 9 0 0 3 0 0 3 0 3
+3 6 3
+1 6 0 0 0 0 0 0 0 0 3 3
+26 8 0 0 0 0 0 0 0 0 4 3
+6 2 0 2 0 0 1 0 0 1
fi=(5)
61 13 0 0 1 0 0 1 0 0 5 3
fe=(2)
563 6 0 0 0 0 0 0 0 0 2 1
fi=(5)
51 1 1
fi=(4)
+28 2 1
fi=(3)
-17 4 0 0 1 0 0 1 0 0 1
+2 4
fe=(2)
565 1 0 1
+13 1 0 1 1 0 1 1 0 1
cfi=(7)
cfn=(12) __rtld_malloc_init_stubs
calls=1 42 
* 10 1 4 2 0 1 2 0 1
458 2 0 1
85 1
476 2
85 3 0 1
476 1 0 1
cfi=(8)
cfn=(14)
calls=1 25 
* 27 8 6 3 1 1 3 1 1 3
+2 1 1
+16 2 1 0 1 0 0 1
-17 1 0 1
+11 1 0 1
-10 1 0 1 0 0 1 0 0 1
+16 1 0 1
cfi=(9)
cfn=(16) _dl_sysdep_start
calls=1 102 
* 1808033 471252 160383 1040 11975 2345 1030 6966 1550 293812 13042 3987 834
* 1 0 0 1
+2 2 1 0 0 0 0 0 0 0 1
+89 9 7 0 1 1 0 1
fi=(3)
103 3 0 1 2 0 0 2
fe=(2)

fn=(164) map_doit
641 2 0 1 1 0 0 1
+2 1
-2 4 0 1
+2 1 1
+1 2 2
-1 2
+1 3 0 1
cfi=(30)
cfn=(166) _dl_map_object
calls=1 1967 
* 2643 559 293 97 34 34 95 34 34 446 144 8 2
* 1 0 1
+2 3 3

fl=(26)
fn=(84)
31 24 0 12 1 0 0 1
+2 6
-2 12 0 6
+2 6
-2 18 0 6 0 0 1 0 0 1
+2 6 6 6 0 0 0 0 0 0 0 0 6 2
cfi=(24)
cfn=(86)
calls=6 +9 
* 18 6
+2 53 6 0 1 0 0 1 0 0 6 1
+3 80 20 0 0 0 0 0 0 0 20 15
+2 5 0 5
+2 5 0 5
+4 5
+4 5
-4 10 0 5
+1 10 5 5
+1 10 0 5
+3 25 20
-1 5 5 0 0 0 0 0 0 0 0 0 5
cfi=(24)
cfn=(86)
calls=5 -8 
* 15 5
-4 1
+4 1
-4 2 0 1
+1 2 1 1
+1 2 0 1
+3 5 4
-1 1 1 0 0 0 0 0 0 0 0 0 1 1
cfi=(24)
cfn=(86)
calls=1 -8 
* 3 1
-5 2 0 1 1 0 0 1

fn=(72)
59 90 0 60 1 0 3 1 0 3
+3 12 0 0 0 0 0 0 0 0 6 1
+18 10 5
+3 5 0 5
cfi=(22)
cfn=(62)
calls=5 -26 
* 103 13 0 0 0 0 0 0 0 11 1
+4 5
-4 5
+4 5
+5 5
-9 15 0 10
fi=(28)
-39 10 5 5 0 0 0 0 0 0 0 0 5
cfi=(27)
cfn=(74)
calls=5 +36 
* 306 57 48 6 0 2 6 0 2 31 11 5
fe=(26)
+39 1 0 1 1 0 0 1
fi=(28)
-39 2 1 1 0 0 0 0 0 0 0 0 1 1
cfi=(27)
cfn=(74)
calls=1 +36 
* 47 8 8 6 1 1 6 1 1 4 2 1 1
* 6
fe=(26)
+51 12 0 0 0 0 0 0 0 0 6
+5 6 6
+4 6 6 0 1 0 0 1
-6 6 0 6 0 0 4 0 0 4
+2 6
+4 6 6
-5 6 0 6 0 0 6 0 0 6
+4 6
+1 6
-1 6 0 6 0 0 2 0 0 2
+1 12 0 12
cfi=(29)
cfn=(82)
calls=6 210 
* 77 19 13 2 1 8 2 1 8 17 8
* 6 6
+15 6 6
-15 6 0 6
+2 6 0 6 1 0 0 1
+13 12 6 0 0 0 0 0 0 0 6 3
+6 1
+2 7 2 2 0 1 0 0 1
+3 2 1 0 0 0 0 0 0 0 1
-3 35 10 10 0 5 0 0 5
+3 10 5 0 0 0 0 0 0 0 5 3
+2 6 0 6 1 0 0 1
+4 6 0 6
+3 16 0 0 0 0 0 0 0 0 7 3
+2 12 0 8 1 0 1 1 0 1 1 1
-2 8
+2 8 0 8 0 0 3 0 0 3
-2 16 0 0 0 0 0 0 0 0 8 7
+16 12
-5 6 0 6 0 0 6 0 0 6
+5 6
-6 6 0 0 1 0 0 1
+6 6 6 0 0 1 0 0 1
-6 6 0 6
+6 12 0 0 0 0 0 0 0 0 6 1
+2 10 0 5 0 0 4 0 0 4
+3 10 0 0 0 0 0 0 0 0 5
-3 10
+7 24 6 0 0 0 0 0 0 0 6 1
+4 15 0 0 0 0 0 0 0 0 5 2
+8 1 0 1 1 0 0 1
+13 1 1
-10 2 0 1
+10 8 6 0 0 0 0 0 0 0 1 1
-10 10 0 5
+10 15 5 0 0 0 0 0 0 0 5
+2 5 0 5
cfi=(22)
cfn=(62)
calls=5 57 
* 203 33 0 4 0 0 4 0 0 15 4
+21 5 0 0 1 0 0 1
-21 15 0 5
+17 5
-13 15 0 0 0 0 0 0 0 0 5
+50 15 10 5 1
cfi=(29)
cfn=(126)
calls=5 -48 
* 89 21 16 0 0 4 0 0 4 16 7
* 5
+5 10
+1 10 5 0 0 0 0 0 0 0 5 4
-1 158
+1 158 79 0 0 0 0 0 0 0 79 20
+4 10
+1 5 0 5
+3 5 0 5 0 0 1 0 0 1
+4 54 42 0 1 0 0 1
131 12 0 6 1 0 6 1 0 6
-8 5
-4 10 5 0 0 0 0 0 0 0 5 3
+34 1
+7 4 0 0 1 0 0 1 0 0 1
+8 20 5 0 1 0 0 1 0 0 5 3
fi=(28)
56 10 5 5 1 0 0 1 0 0 0 0 5 1
cfi=(27)
cfn=(78)
calls=5 -20 
* 150 35 35 0 0 0 0 0 0 15
* 5
fe=(26)
200 10 0 0 0 0 0 0 0 0 5
-1 10
64 2 0 0 1 0 0 1 0 0 1 1
+2 3 1 0 1 0 0 1 0 0 1
+1 2 0 0 0 0 0 0 0 0 1
+4 6 0 2
+6 2 0 0 1 0 0 1

fl=(62) ./io/../sysdeps/unix/sysv/linux/close_nocancel.c
fn=(194) __GI___close_nocancel
25 6 0 0 1 0 0 1
+1 24 0 0 0 0 0 0 0 0 6
+1 6 6

fl=(63)
fn=(200)
25 1
+2 7 0 1 0 0 0 0 0 0 1 1
+4 1 1

fl=(15)
fn=(550)
71 1 0 0 1 0 0 1
-32 3 1 0 0 1 0 0 0 0 1
+32 2 1

fn=(34) _dl_x86_init_cpu_features
37 1 0 0 1 0 0 1
+2 3 1 0 0 0 0 0 0 0 1 1
+2 1
cfi=(16) ./elf/../sysdeps/x86/cpu-features.c
cfn=(36) init_cpu_features.constprop.0
calls=1 682 
* 7344 808 485 103 19 8 103 19 8 1709 238 1 1

fl=(50)
fn=(236)
186 2 0 1 1 0 0 1
58 1 1
186 4 0 1
+2 1 1
-2 1 0 1
58 1 0 0 1 0 0 1 0 0 1
+1 1 1
+11 1 0 1
192 1 0 1
+2 1 0 1 0 0 0 0 0 0 0 0 1 1
cfi=(2)
cfn=(238)
calls=1 674 
* 24815 7526 1565 55 129 77 55 120 73 5003 414 83 41
69 2 1 0 0 0 0 0 0 0 1
+1 1 0 1
198 1 1
-1 1 0 1
+1 3 3

fn=(160) _dl_catch_exception
204 78 0 39 1 0 2 1 0 2
58 13 13 0 0 1 0 0 1
204 26 0 26 0 0 1 0 0 1
+3 26 0 0 0 0 0 0 0 0 13
+22 13
-1 13 0 13 1 0 1 1 0 1
+1 13 0 13
58 26 0 0 0 0 0 0 0 0 13 7
235 39 0 13
cfi=(51) ./setjmp/../sysdeps/x86_64/setjmp.S
cfn=(162) __sigsetjmp
calls=13 31 
* 312 65 117 2 0 1 2 0 1
* 39 0 0 1 0 0 1 0 0 13
+2 39 26 13 0 0 0 0 0 0 0 0 13 2
cfi=(64)
cfn=(206) openaux
calls=12 61 
* 28439 5986 3035 104 185 194 103 182 194 4886 731 54 14
cfi=(2)
cfn=(164)
calls=1 641 
* 2662 565 297 98 34 34 96 34 34 446 144 8 2
69 13 13
+1 13 13
-1 13 0 0 0 0 0 0 0 0 13
+1 13 0 13
239 52 13 26
-25 13
+34 39 39
59 26 13 13 1 0 0 1
+11 39 0 13

fn=(158)
254 6 0 3 1 0 0 1
+2 1
-2 6 0 1
+2 1 0 1
cfn=(160)
calls=1 -52 
* 2728 580 320 104 35 36 102 35 36 450 145 9 3
+1 2 1 1
+1 1 1
+1 1 1
-1 1 0 1
+1 1 0 1
+2 6 5 0 1 0 0 1

fl=(71) ./malloc/./malloc/scratch_buffer_set_array_size.c
fn=(228) __libc_scratch_buffer_set_array_size
30 65 0 20 1 0 0 1
+4 5
+1 10 0 0 0 0 0 0 0 0 5 2
+10 10 5 0 0 0 0 0 0 0 5 2
+18 5 0 0 1 0 0 1
-17 5
+17 25 25

fl=(67)
fn=(572)
525 1 0 0 1 0 0 1
+1 4 1 0 0 1 0 0 0 0 1 1
-1 1 0 1
+3 1 1
-3 1
+3 1 0 1
cfi=(140)
cfn=(574) munmap
calls=1 117 
* 6 1 0 0 0 0 0 0 0 1
+7 1 1 0 1 0 0 1
-6 1 0 1
+4 1 0 1
+2 1 1

fn=(214) _dl_load_cache_lookup
403 40 0 28 1 0 0 1
+2 8 4 0 0 0 0 0 0 0 4
+3 12 4 0 1 0 0 1 0 0 4 2
+69 9 3 0 0 0 0 0 0 0 3
+5 4 4
205 4 4
482 8 0 0 0 0 0 0 0 0 4
+3 12 4 4
fi=(69) ./elf/../sysdeps/x86/dl-procinfo.h
39 8 0 0 1 0 0 1 0 0 4
+3 12 0 4
cfi=(32)
cfn=(94)
calls=4 +56 
* 100 28 0 0 1 0 0 1 0 12 5
* 16 0 4 0 0 1 0 0 1 4 3
fe=(67)
208 24 0 8 1 0 0 1
cfi=(11)
cfn=(28)
calls=4 387 
* 92 16 4 0 1 0 0 1 0 12 1
* 4 4
+12 4
-10 4 4
-2 4 0 4 1 0 0 1
+12 8 0 0 0 0 0 0 0 0 4
-7 20 0 4
+9 20
+1 4
-32 8
+36 4 4 0 1 0 0 1
-4 4 4 0 0 1 0 0 1
+4 8 0 0 0 0 0 0 0 0 4
-5 160
+1 32
-32 64
+36 32 32
-4 32 32 0 0 29 0 0 28
+4 64 0 0 0 0 0 0 0 0 32
+4 108 36 36
cfn=(222) _dl_cache_libcmp
calls=36 357 
* 2836 424 0 4 35 0 4 33 0 772 50
+1 72 0 0 0 0 0 0 0 0 36 2
346 32 0 0 0 0 0 0 0 0 32 18
+3 15
220 30 0 0 0 0 0 0 0 0 15 2
347 17 0 0 1 0 0 1
220 42 4 0 0 0 0 0 0 0 17 2
+2 40 8 12 1 0 0 1
+20 14 7 0 0 1 0 0 1
+3 14 0 0 0 0 0 0 0 0 7
+2 28 0 7
cfn=(222)
calls=7 357 
* 842 123 0 0 2 0 0 2 0 229 11
* 14 0 0 0 0 0 0 0 0 7 1
+2 3
-9 14 0 0 0 0 0 0 0 0 7 4
-30 12 8
+1 4 0 0 1 0 0 1
fi=(254) ./elf/../sysdeps/x86/dl-isa-level.h
28 8 4 4
fe=(67)
210 8 0 4
fi=(254)
28 4 4
fe=(67)
210 4 0 4
+1 4
-1 12 0 4
+76 12 0 0 1 0 0 1
fi=(254)
28 12 0 4
fe=(67)
259 8 4 0 0 0 0 0 0 0 4 2
+10 12 8 0 1 0 0 1 0 0 4
+1 16 4 0 0 1 0 0 1 0 4
+16 4
fi=(68) ./elf/../sysdeps/generic/dl-cache.h
125 4 4 0 1 0 0 1
fe=(67)
286 12 0 0 0 0 0 0 0 0 4
+9 8 4 0 0 0 0 0 0 0 4
+3 8 4 0 0 0 0 0 0 0 4
+3 4
+1 12 4 0 1 0 0 1 0 0 4 2
+28 8 0 4
500 8 4 0 0 0 0 0 0 0 4
+12 8 4 4
cfi=(22)
cfn=(62)
calls=4 57 
* 140 20 0 0 4 0 0 4 0 12 2
+1 4
-1 4
+1 48 0 4 1 0 0 1 0 0 8 2
+1 4
-1 4
+1 4 4 0 1 0 0 1
-1 4
+1 4 0 4
cfi=(29)
cfn=(82)
calls=4 210 
* 60 16 12 0 0 0 0 0 0 12 5
* 4
+1 4 0 4
cfi=(44)
cfn=(142)
calls=4 40 
* 396 80 60 0 0 3 0 0 3 40 6 4
+1 32 28
411 4 0 1 1 0 0 1
cfi=(52)
cfn=(216) _dl_sysdep_read_whole_file
calls=1 36 
* 103 15 15 3 0 0 3 0 0 12 4
* 1
+8 5 1 0 1 0 0 1 0 0 2
+1 8 3 0 1 1 0 1 1 0 2 1
+3 3
+1 1 1
-1 3 0 0 1 0 0 1 0 0 1
fi=(68)
194 1 1
+1 5 0 0 0 0 0 0 0 0 2 1
fe=(67)
431 1 0 1 1 0 0 1
+1 2 0 1

fn=(222)
357 43 0 0 1 0 0 1
+1 43 43
+32 43 43 0 0 33 0 0 32
-33 43
+1 100 0 0 1 0 0 1 0 0 50 2
+2 245
+2 245
-2 490 0 0 0 0 0 0 0 0 245 9
+20 476 0 0 0 0 0 0 0 0 238
+2 476 0 0 0 0 0 0 0 0 238 36
-12 202 202
+2 202 202 0 0 4 0 0 3
+14 202
+1 202
-29 404 0 0 0 0 0 0 0 0 202 8
+32 21 7
-28 14 0 0 1 0 0 1 0 0 7
+6 7
+2 7 7
-2 7
+1 7
-1 7
+1 7
-1 7
+2 21 0 0 0 0 0 0 0 0 7 2
+2 7 7
-3 7
+3 21 0 0 0 0 0 0 0 0 7 2
+2 14 0 0 0 0 0 0 0 0 7 2
+9 108 36 0 1 0 0 1

fl=(27)
fn=(74)
80 17 0 0 1 0 0 1
+4 17
-4 68
+7 17
+1 51 0 0 0 0 0 0 0 0 17 10
fi=(28)
-32 17 17 0 0 0 0 0 0 0 0 0 17 1
cfi=(27)
cfn=(78)
calls=17 -20 
* 672 144 139 11 3 3 11 1 3 69 14
fe=(27)

fn=(138) __minimal_free
97 6 0 0 2 0 0 1
+2 24 12 0 0 0 0 0 0 0 6

fn=(78)
36 376 0 188 2 0 2 2 0 2
+1 141 47 0 0 4 0 0 1 0 47 1
+11 138 46
+3 46
-3 46 0 46
+3 92 0 0 0 0 0 0 0 0 46 3
-3 2
+3 1
-3 1 0 1
+3 178 0 0 0 0 0 0 0 0 45 2
+19 47 0 47 1 0 0 1
+1 47 0 47
+2 282 235
-17 12 3
+1 6 0 0 0 0 0 0 0 0 3 3
+2 3 0 0 1 0 0 1
+1 21 0 3
cfi=(57) ./misc/../sysdeps/unix/sysv/linux/mmap64.c
cfn=(182) mmap
calls=3 -13 
* 78 12 9 2 0 0 2 0 0 12 4
* 3
+2 6 0 0 0 0 0 0 0 0 3
+2 12 0 3
cfi=(58) ./misc/../sysdeps/unix/sysv/linux/setvmaname.c
cfn=(184) __set_vma_name
calls=3 -31 
* 61 15 7 3 0 1 3 0 1 7 4
+1 9 3 0 0 0 0 0 0 0 3 1
+2 2
+4 2
-4 4 0 2
-24 1 1 0 1 0 0 1
-1 1
+1 1
+1 2
-2 2 0 1 1 0 0 1
+28 1 1 0 1
-3 2 0 1
+4 2

fl=(186) ./elf/../sysdeps/x86_64/dl-trampoline.h
fn=(642) _dl_runtime_resolve_xsave
71 66 0 0 1 0 0 1
+5 66 0 66
+3 66
+2 66
+10 66 66 0 0 3
+6 66 0 66 0 0 3
+1 66 0 66
+1 66 0 66 1 0 0 1
+1 66 0 66
+1 66 0 66
+1 66 0 66
+1 66 0 66
+4 66
+1 66
+3 66 0 66 0 0 3
+1 66 0 66
+2 66 0 66
+1 66 0 66
+1 66 0 66 1 0 0 1
+1 66 0 66
+1 66 0 66
+1 66 0 66
+2 66 0 2244 0 0 15
+7 66 66
+1 66 66
+1 66 0 66 0 0 3
cfi=(187) ./elf/./elf/dl-runtime.c
cfn=(644) _dl_fixup
calls=66 -84 
* 52639 14836 5135 30 680 43 8 148 1 7622 422 9 8
+1 66
+5 66
+1 66
+1 66 2376
+2 66 66 0 1 0 0 1
+1 66 66
+1 66 66
+1 66 66
+1 66 66
+1 66 66
+1 66 66
+2 66
+2 66 66
+4 66
+2 66 0 0 0 0 0 0 0 0 0 0 66 66

fl=(247) ./elf/../sysdeps/x86_64/tls_get_addr.S
fn=(1640) __tls_get_addr
29 2 0 0 1 0 0 1
+1 2 2
+1 2 2 0 0 1
+2 2 2 0 0 1
+1 2 0 0 0 0 0 0 0 0 2
+1 2 2 0 0 1
+3 2
+1 2 2 0 1 0 0 1
+4 2
+1 2 0 0 0 0 0 0 0 0 2
+1 2 2
+1 2 2

fl=(38) ./elf/../sysdeps/x86_64/dl-hwcaps-subdirs.c
fn=(110) _dl_hwcaps_subdirs_active
29 1 0 0 1 0 0 1
fi=(19) ./elf/../sysdeps/x86/get-isa-level.h
+2 1 1
fe=(38)
+7 1
fi=(19)
-8 4 0 0 0 0 0 0 0 0 1 1
fe=(38)
+22 1 1
fi=(19)
-20 3 1 0 0 0 0 0 0 0 1
+4 1
fe=(38)
+2 1
fi=(19)
-2 2 0 0 0 0 0 0 0 0 1
+3 4 1 0 1 0 0 1 0 0 1
+1 4 1 0 0 0 0 0 0 0 1
+5 1
fe=(38)
-7 1
fi=(19)
+7 3 0 0 0 0 0 0 0 0 1
fe=(38)
-2 1
fi=(19)
+5 2 0 0 0 0 0 0 0 0 1
+3 5 1 0 0 0 0 0 0 0 1
+2 4 0 0 1 0 0 1 0 0 1
+1 2 0 0 0 0 0 0 0 0 1
+1 2 0 0 0 0 0 0 0 0 1
+3 1
fe=(38)
-10 1
fi=(19)
+10 3 0 0 0 0 0 0 0 0 1 1
fe=(38)

fl=(70) ./io/../sysdeps/unix/sysv/linux/pread64_nocancel.c
fn=(226) __pread64_nocancel
25 4
+1 8 0 0 0 0 0 0 0 0 2
+1 2 2

fl=(49)
fn=(156)
32 6 0 2 1 0 0 1
+1 3 1 0 0 1 0 0 1 0 1
+1 2 1 0 0 0 0 0 0 0 1
+5 6 0 4 0 0 2 0 0 2
+1 4 0 4 1 0 1 1 0 1
+1 4 0 4 0 0 1 0 0 1
+1 4 0 4
+2 1
+3 3 1 1 1 0 0 1
+1 2 0 0 0 0 0 0 0 0 1 1
-1 6 2 2
+1 4 0 0 0 0 0 0 0 0 2 1
+3 4 2 0 0 0 0 0 0 0 1
+1 4 2 0 0 0 0 0 0 0 1
+1 4 2 0 1 0 0 1 0 0 1
+1 4 2 0 0 0 0 0 0 0 1
+2 3
+6 1 1
-1 1
+1 1 1
+2 2 2
-1 2 2 0 1 0 0 1
+2 1 1
+2 6 1 0 0 0 0 0 0 0 1 1
-5 12 12 0 0 1 0 0 1
-1 12
+1 12 12
+2 24 24
-1 24 24
+2 12 12
+2 72 12 0 0 0 0 0 0 0 12 9
+2 1
+1 4 0 0 0 0 0 0 0 0 1
+1 3 3

fl=(39) ./elf/./elf/dl-hwcaps_split.c
fn=(120) _dl_hwcaps_split
25 5 0 3 1 0 0 1
+1 3 1 0 0 0 0 0 0 0 1 1
+21 1 1 0 1 0 0 1
-20 1
+20 3 3

fn=(114) _dl_hwcaps_split_masked
51 110 0 66 1 0 1 1 0 1
-25 44 11 0 1 0 0 1 0 0 11 9
+36 5
-7 5
+7 35 35
-26 24 0 0 0 0 0 0 0 0 12 3
+5 27 0 9
cfi=(41) ./string/../sysdeps/x86_64/multiarch/../multiarch/strchr-sse2.S
cfn=(118) index
calls=9 -9 
* 216 27 0 3 0 0 3 0 0 18
* 9
+1 18 0 0 0 0 0 0 0 0 9 2
+3 6
+11 12 6 6
+1 18 0 6
+1 12 0 0 0 0 0 0 0 0 6 2
-2 6 3 3
+1 9 0 3
+1 6 0 0 0 0 0 0 0 0 3 2
-28 24 12 12 1 0 0 1
+4 48 12 0 0 1 0 0 1 0 12 6
+1 12 0 6
-1 30 6 0 1 0 0 1 0 0 6
+24 6 6
+9 12 0 0 0 0 0 0 0 0 6 4
-5 6 0 0 1 0 0 1
-2 6
+2 42 42
-19 6 0 3 1 0 0 1
cfi=(22)
cfn=(62)
calls=3 +14 
* 51 6 0 0 0 0 0 0 0 6
* 6

fl=(41)
fn=(118)
32 30 0 0 1 0 0 1
+1 30
+1 30
+1 30
+1 30 0 0 1 0 0 1
+1 30
+1 30
+1 30
+1 30 0 0 0 0 0 0 0 0 30
+1 30 30 0 0 4 0 0 4
+1 30
+1 30
+1 30
+1 30
+1 30
+1 30
+1 30
+1 30 0 0 0 0 0 0 0 0 30 7
+1 23
+4 23
+1 23 0 0 1 0 0 1
+1 23 23
+1 23
+2 23 23
+4 7 7 0 0 1 0 0 1
+1 7
+1 7
+1 7
+1 7
+1 7
+1 7 7 0 0 1 0 0 1
+1 7
+1 7
+1 7
+1 7
+1 7 0 0 1 0 0 1
+1 7
+1 7 7
+1 7
+1 7
+1 7
+1 7
+1 7
+1 7
+1 7
+1 7
+1 7
+1 7 0 0 0 0 0 0 0 0 7 6
+52 7 0 0 1 0 0 1
+4 7
+1 7
+1 7 7
+1 7
+2 7 7

fl=(45)
fn=(144)
56 3 0 0 1 0 0 1
+3 2 0 0 0 0 0 0 0 0 1
+4 1 1 0 0 1 0 0 1
+22 1 1
+10 1 1
-32 2 0 0 0 0 0 0 0 0 1
+1 1 0 1
+21 2 0 0 0 0 0 0 0 0 1 1
+5 2 1 0 1 1 0 1 1
+1 1
+4 1 1
-4 1 0 1
-1 1 0 1
+2 1 0 1
+3 1 0 0 0 0 0 0 0 0 1 1
+4 2 0 0 0 0 0 0 0 0 1 1
+8 2 1
-50 1 0 0 1 0 0 1
+4 2
+35 6 1 1 1 0 0 1

fn=(196)
38 6
+3 6
-1 12 0 0 0 0 0 0 0 0 6 6
+4 12 6 0 2 1 0 1 0 0 6
+4 6 6

fn=(150)
116 2 0 0 1 0 0 1
+1 2 2

fl=(51)
fn=(162)
31 13 0 0 1 0 0 1
+2 13 0 13
+9 13
+1 26 13
+1 13 0 13
+4 13 0 13
+1 13 0 13
+1 13 0 13 0 0 1 0 0 1
+1 13 0 13
+1 13
+2 26 13
+2 13 0 13
+1 13 13 0 1 0 0 1
+1 13
+2 26 13
+2 13 0 13
+8 13
+3 13
+1 13 0 13
+7 13
+1 13 13

fl=(11)
fn=(58) __GI___tunable_set_val
153 15 0 0 1 0 0 1
-81 40 5 0 1 0 0 1 0 0 5
+81 15 0 10
-81 10 0 0 0 0 0 0 0 0 5
+10 5 5
fi=(255) ./elf/./dl-tunable-types.h
+2 5
fe=(11)
+9 40 10 0 1 0 0 1 0 0 5
+1 25 10 0 0 0 0 0 0 0 5
fi=(12) ./elf/./elf/dl-tunables.h
+47 10 0 0 0 0 0 0 0 0 5 3
fe=(11)
-26 25 0 5 1 0 0 1
+1 5 0 5
+1 5 0 5
+1 5 0 5
+39 15 15
fi=(12)
-15 10 0 0 1 0 0 1
fe=(11)
-45 10 0 0 0 0 0 0 0 0 5 2
+3 5
fi=(12)
+51 5
fe=(11)
-51 5
+4 10 0 0 0 0 0 0 0 0 5 2
+7 10 0 0 0 0 0 0 0 0 5
+1 10 0 0 0 0 0 0 0 0 5 2
-12 25

fn=(22) __GI___tunables_init
261 8 0 5 2 0 0 2
+22 1
-22 1 0 1
128 1
283 1
-22 1
+6 4 1 0 0 0 0 0 0 0 1
42 460 92 0 1 0 0 1 0 0 184 1
+6 91 91 0 0 24 0 0 24
-3 91
+3 9282 1248 0 0 24 0 0 24 0 2678 107
+4 182 0 0 0 0 0 0 0 0 91
+4 182 0 0 1 0 0 1
fi=(12)
160 91
fe=(11)
56 182
fi=(12)
161 38 0 0 0 0 0 0 0 0 19
-1 205 129 0 0 1 0 0 1 0 19
+1 311 0 0 0 0 0 0 0 0 110 19
-1 182
fe=(11)
281 14924 0 0 0 0 0 0 0 0 3731 91
+6 27027 7462 0 1 41 0 1 41 0 7462 1005
fi=(12)
160 910 910
+1 1820 0 0 0 0 0 0 0 0 910 38
-1 43 43
+1 172 0 0 0 0 0 0 0 0 86 9
-1 215 43 0 1 0 0 1 0 0 43 6
fe=(11)
304 8 7 0 1 0 0 1

fn=(28)
387 39 0 0 1 0 0 1
+3 78
-3 39
+3 312 39 0 0 35 0 0 31 0 39 3
+9 36 36 0 0 15
-9 72 0 0 2 0 0 1 0 0 36 14
+19 25 0 25
+7 234 39 0 0 4 0 0 0 0 39 31
+2 39 39
-19 14 0 14
+1 14
+9 6 0 0 1 0 0 1

fl=(30)
fn=(166)
1967 156 0 117 2 0 5 2 0 5
+8 26 0 0 0 0 0 0 0 0 13
+1 52 13 0 0 1 0 0 1 0 13
+3 272 56 26 1 0 0 1 0 0 56 5
+5 357 102 0 1 0 0 1 0 0 51
+2 153 0 51 0 0 2 0 0 2
cfi=(52)
cfn=(168)
calls=51 68 
* 5058 1209 268 23 1 1 23 1 1 647 107 32 14
* 102 0 0 0 0 0 0 0 0 51 6
+4 86 43 0 0 0 0 0 0 0 43
+1 129 43 0 0 0 0 0 0 0 43 12
+4 22 22 0 1 0 0 1
-1 110 66 0 0 0 0 0 0 0 22 2
+1 22
+1 22
-1 22
+1 44 0 22
cfi=(32)
cfn=(94)
calls=22 98 
* 550 154 0 0 0 0 0 0 0 66 2
* 44 0 0 0 0 0 0 0 0 22 2
2270 122 96 0 1 0 0 1
2011 15 5 5
-1 10 5 0 0 0 0 0 0 0 5 3
+9 5 5 0 1 0 0 1
-50 5 0 5
+50 10 0 0 0 0 0 0 0 0 5
+17 10
-2 5 0 5
+2 5 0 5
cfi=(41)
cfn=(118)
calls=5 32 
* 120 15 0 0 0 0 0 0 0 10
* 10 0 0 0 0 0 0 0 0 5 3
2202 2 0 0 1 0 0 1 0 0 1
-1 3 0 1
cfn=(140) expand_dynamic_string_token
calls=1 385 
* 175 33 23 0 0 1 0 0 1 15 5 1
+6 1
-7 1 0 1
+1 1
+2 2 0 0 0 0 0 0 0 0 1
+4 7 0 2 1 0 0 1
cfn=(170) open_verify.constprop.0
calls=1 1572 
* 106 22 15 9 1 2 9 1 2 18 3
+3 2 1
-3 1
+3 1 0 0 0 0 0 0 0 0 1
+12 4 1
+45 1 1
+1 5 1 0 1 0 0 1
-1 1 0 1
+1 8 2 5
cfn=(176) _dl_map_object_from_fd
calls=1 944 
* 1940 410 216 72 31 27 70 31 27 358 112 5 1
-1 4 4
+1 20 4
-1 4 0 4
+1 32 8 20
cfn=(176)
calls=4 944 
* 8862 1696 1300 14 108 175 14 108 175 1685 335 20 1
* 15
2040 8 0 4 1 0 0 1
cfi=(22)
cfn=(62)
calls=4 57 
* 68 8 0 0 0 0 0 0 0 8
* 8 0 4 1 0 0 1
+2 8 4 0 0 0 0 0 0 0 4
+7 16 4 0 0 0 0 0 0 0 8 2
+51 52 8 16 1 0 0 1
cfn=(208) open_path
calls=4 1812 
* 5124 1250 819 19 0 10 18 0 10 692 102
+6 4
-6 4
+6 8 0 0 1 0 0 1 0 0 4 2
2222 16 4
+46 8 4
682 4 4 0 1 0 0 1
2107 4
682 8 0 0 1 0 0 1 0 0 4 3
+3 2 0 0 0 0 0 0 0 0 1
2135 8 0 4 1 0 0 1
cfi=(67)
cfn=(214)
calls=4 403 
* 5987 974 245 27 76 4 27 73 4 1332 126 4
* 4
+2 8 0 0 0 0 0 0 0 0 4
+4 8 0 0 0 0 0 0 0 0 4 1
+31 4
-23 8 4 0 0 0 0 0 0 0 4
+23 28 0 8 1 0 0 1
cfn=(170)
calls=4 1572 
* 461 92 62 5 1 0 5 1 0 79 14
+4 8 4
-4 4
+4 4 0 0 0 0 0 0 0 0 4
+1 4 0 4
+17 8 4 0 0 0 0 0 0 0 4 3
2074 20 8 0 2 0 0 2 0 0 4
682 4 4
2075 4
682 12 0 0 0 0 0 0 0 0 4 3
2099 8 4 0 1 0 0 1 0 0 4
+1 8 0 0 0 0 0 0 0 0 4 2
-47 4 4 0 1 0 0 1
+1 4 0 4
696 20 0 12 1 0 0 1
2058 15 5 0 1 0 0 1 0 0 5 3
682 5 5 0 1 0 0 1
2059 5
682 10 0 0 0 0 0 0 0 0 5 4
+3 2 0 0 0 0 0 0 0 0 1
+3 3 1 0 0 0 0 0 0 0 1 1
+3 1 0 1
+1 1
2073 20 16 0 2 0 0 2 0 0 4
+1 8 0 0 0 0 0 0 0 0 4 3
688 3 1 0 1 0 0 1 0 0 1 1
2115 3 0 3 1 0 0 1
+14 6 3 0 0 0 0 0 0 0 3
+2 12 4 0 0 0 0 0 0 0 4 4
-47 8 0 0 1 0 0 1 0 0 4 3
691 1 0 1
2115 1 0 1
+14 2 1 0 1 0 0 1 0 0 1 1

fn=(176)
944 50 0 30 1 0 0 1
+15 5 5
-15 10 0 10 1 0 1 1 0 1
+15 5
-15 10 0 10 0 0 1 0 0 1
+15 10 0 5 0 0 0 0 0 0 5 4
+77 20 5 5 1 0 0 1 0 0 5
+10 10 5 0 0 0 0 0 0 0 5
+7 35 25 5
cfi=(26)
cfn=(72)
calls=5 59 
* 1914 396 291 14 5 40 13 5 40 255 71 15 1
* 5 0 0 1 0 0 1
+1 10 0 0 0 0 0 0 0 0 5
+11 5 5
+5 5 5
-4 5 5
-1 5 0 5 0 0 4 0 0 4
+2 5 5
+2 5
-2 5 0 5
+2 10
+1 15 5 0 1 0 0 1 0 0 5 1
+1 8 0 4
+19 8 4
-2 4 0 4
+2 42 1 0 1 0 0 1 0 0 4 2
-2 1 0 1
+2 55 0 10 1 0 0 1 0 0 6 1
+10 5 5
-10 5
+10 15 0 0 0 0 0 0 0 0 5
+27 5 5
-33 5
-3 5
+2 5 0 5
-1 5 0 5
+35 5
+9 5 0 0 1 0 0 1
-50 5 0 5
+41 5 0 5
+9 5
-36 5 5
+63 25 0 20
-62 200 0 0 1 0 0 1 0 0 100 19
+26 140 60 0 0 4 0 0 4 0 20
+8 40 20 0 1 0 0 1
+1 20
-1 20
+1 80
+1 20 20 0 0 2 0 0 2
-1 20 0 20 0 0 3 0 0 3
+1 20
+2 20 20
-2 20
+2 20 0 20
+2 20 20
-4 20
+1 20 0 20
+3 20
-4 20 0 20 1 0 0 1
+4 100
+2 40 0 20 0 0 4 0 0 4
+13 40 0 0 0 0 0 0 0 0 20 5
+1 75 30 15
+5 15
+1 135 30 15 0 0 2 0 0 2
-28 30
-35 45 0 0 0 0 0 0 0 0 15
+62 5
+1 45 10 5
-28 10
-35 120 0 0 0 0 0 0 0 0 40
+1 307 60 0 2 11 0 2 11 0 152 38
1213 5 5 0 0 2 0 0 2
1100 5
1213 10 5 5 0 0 1 0 0 1
1100 15 0 0 0 0 0 0 0 0 5 3
1218 35 25 0 1 0 0 1 0 0 5
+10 15
+1 5
-1 5
+1 5 0 5
-1 15 0 0 1 0 0 1 0 0 5 2
+1 15
-1 15
+1 15 0 15
-1 45 0 0 0 0 0 0 0 0 15 7
1066 10 0 5
1235 10 0 0 0 0 0 0 0 0 5
+10 20 10 0 0 0 0 0 0 0 10
+7 20 10 0 1 0 0 1
fi=(59) ./elf/./dl-map-segments.h
28 5 5
fe=(30)
1252 15 5 5
fi=(59)
28 10 0 0 0 0 0 0 0 0 5
+1 40 15 10 1 0 1 1 0 1
cfi=(57)
cfn=(182)
calls=5 +18 
* 140 25 15 0 0 1 0 0 1 25 4
+73 10 5
-1 5 0 5
-72 5
+73 5 0 0 0 0 0 0 0 0 5
+3 10 5
+1 5
+2 5 5 0 1 0 0 1
-3 5 0 5
+1 5 0 5
+2 5 0 0 0 0 0 0 0 0 5 2
+17 5 0 5 1 0 0 1
-44 5 5
fi=(60) ./elf/./dl-load.h
+10 40 20 0 0 0 0 0 0 0 20 3
fi=(59)
+58 80 40 0 0 0 0 0 0 0 20 11
+6 5 5 0 1 0 0 1
+2 5 5
-2 5
+1 5
+2 10
-1 10
+3 10
+5 10 0 0 0 0 0 0 0 0 5
+3 15 5 0 0 0 0 0 0 0 5
+8 30 0 10
cfi=(43)
cfn=(130)
calls=5 -44 
* 763 5 400 1 0 101 1 0 101 109 24
* 5 5
+6 10 0 0 0 0 0 0 0 0 5 2
+12 20 0 0 1 0 0 1
-59 120 20 0 1 0 0 1 0 0 20 4
+2 60 30 0 0 0 0 0 0 0 15
+2 120 60 15
cfi=(57)
cfn=(182)
calls=15 -92 
* 315 60 45 0 0 0 0 0 0 45
* 30 0 0 0 0 0 0 0 0 15 2
fe=(30)
1264 5 0 0 1 0 0 1
fi=(56) ./elf/../sysdeps/posix/dl-fileid.h
37 10 0 5 0 0 1 0 0 1
cfi=(55) ./io/../sysdeps/unix/sysv/linux/fstat64.c
cfn=(178) fstat
calls=5 -7 
* 30 5 0 2 0 0 2 0 0 5 1
* 10 0 0 0 0 0 0 0 0 5
fe=(30)
989 10 5 0 1 0 0 1
fi=(56)
40 15 15
fe=(30)
989 5
fi=(56)
40 5 0 5
fe=(30)
989 80 25 0 0 0 0 0 0 0 25 9
+1 40 20 0 1 0 0 1 0 0 20
fi=(56)
49 60 30 0 0 1 0 0 1 0 30 9
fe=(30)
1519 45 35 0 1 0 0 1
1074 13 0 0 1 0 0 1 0 0 2 2
+1 2 1
-1 1
+1 1
-1 1 0 1
+1 1 0 1 0 0 1 0 0 1
cfi=(70)
cfn=(226)
calls=1 25 
* 7 1 0 0 0 0 0 0 0 1
* 2 0 0 0 0 0 0 0 0 1 1
+46 2 1 1
+1 1
-15 10 5 0 1 1 0 1 1 0 5
+7 5 5
+2 5 5 0 1 0 0 1
-2 5 0 5
+1 5 5 0 0 1 0 0 1
+1 5
-1 10 0 5
+1 40 5 5
+60 9 3 0 1 1 0 1 1 0 3
+5 3 3
-1 6
+5 3
-5 6 0 3 0 0 3 0 0 3
-66 3 3
+71 12 0 3 0 0 1 0 0 1
+1 3 3 0 1 0 0 1
+3 3 0 3 0 0 2 0 0 2
-3 3 0 3
+8 12 3 0 0 0 0 0 0 0 3 2
+15 10 5 5 1 0 0 1
+1 5
1008 10 5 0 1 0 0 1 0 0 5 3
1268 20 10 0 1 0 0 1 0 0 5
+1 15 5 5
fi=(61) ./elf/./elf/get-dynamic-info.h
39 10 0 0 0 0 0 0 0 0 5
+6 5 5 0 0 5 0 0 5
-2 5
+11 5 0 0 1 0 0 1
+1 5
-10 10 0 0 0 0 0 0 0 0 5 5
+8 6
+15 6 0 6 0 0 2 0 0 2
-23 24 6 0 0 1 0 0 1 0 6
+23 132 0 132 0 0 31 0 0 31
-23 528 132 0 0 33 0 0 33 0 132 5
+4 276 0 0 0 0 0 0 0 0 138 40
+3 37
-1 74 0 0 1 0 0 1 0 0 37 4
+3 124 0 0 0 0 0 0 0 0 31 10
+1 104
+1 25 0 0 1 0 0 1 0 0 5 2
+16 20 5 0 0 0 0 0 0 0 10
+12 17 5 2 1 0 0 1 0 0 5 2
+1 20 5 5 0 0 0 0 0 0 5
+1 20 5 5 0 0 0 0 0 0 5
+1 20 5 5 0 0 0 0 0 0 5 1
+1 17 5 2 0 3 0 0 3 0 5 2
+1 19 5 4 1 1 0 1 1 0 5 1
+1 19 5 4 0 1 0 0 1 0 5 1
+1 20 5 5 0 0 0 0 0 0 5
+12 5 5
+7 5 5
-7 35 5 5 1 0 0 1 0 0 10
+7 11 0 0 0 0 0 0 0 0 5 3
+5 8 4 0 0 0 0 0 0 0 4
+7 8 4 0 0 0 0 0 0 0 4
+1 15 10 0 1 0 0 1 0 0 5
+6 15 5 0 0 0 0 0 0 0 5 4
+1 6 4 0 0 0 0 0 0 0 2
+17 15 5 0 0 0 0 0 0 0 5 3
+5 4 2 2 0 0 1 0 0 1
+2 4 0 0 0 0 0 0 0 0 2 2
+2 4 0 0 0 0 0 0 0 0 2 2
+2 4 0 0 0 0 0 0 0 0 2 2
+4 15 5 0 1 0 0 1 0 0 5 2
+2 9 3 3 1 0 0 1
+1 6 0 0 0 0 0 0 0 0 3
+9 6 3 0 0 0 0 0 0 0 3
+6 6 0 0 0 0 0 0 0 0 3 2
+4 10 5 0 0 0 0 0 0 0 5 5
fe=(30)
1275 10
+1 10 0 0 1 0 0 1 0 0 5 5
+2 10 0 0 0 0 0 0 0 0 5 5
+10 15 5 0 0 0 0 0 0 0 5
+19 15 5 5
+2 30 10 0 1 0 0 1 0 0 5
+52 15 5 0 0 2 0 0 2 0 5 2
+1 6 3 3
+6 45 10 0 1 0 0 1 0 0 5
+1 100 0 0 0 0 0 0 0 0 50 18
+6 20 0 5
cfn=(88)
calls=5 868 
* 372 73 14 1 7 0 0 7 0 82 7
-7 125 5 0 0 0 0 0 0 0 60 5
+1 60 60 0 1 50 0 1 50
+6 60
-6 120 0 0 0 0 0 0 0 0 60 19
fi=(31)
149 20 10 0 0 0 0 0 0 0 10 9
fe=(30)
1380 10 5 5 1 0 0 1
cfi=(62)
cfn=(194)
calls=5 25 
* 30 5 0 1 0 0 1 0 0 5
* 10 0 0 0 0 0 0 0 0 5
+13 10 5 0 1 0 0 1 0 0 5
+2 20 10 5
+2 10 5 0 0 0 0 0 0 0 5
+16 10 0 5
cfi=(8)
cfn=(14)
calls=5 25 
* 135 40 30 0 4 0 0 4 0 15
+4 10 5 0 0 0 0 0 0 0 5
+1 10 5 0 1 0 0 1 0 0 5 5
+17 10 5 0 0 0 0 0 0 0 5 2
+1 1 0 1
+3 1 1
+5 1 1
-5 1 0 1
+5 1 0 0 0 0 0 0 0 0 1
-5 4 4
+5 4 4
-5 4 0 4
+5 4 0 0 0 0 0 0 0 0 4
+5 10 5 0 0 0 0 0 0 0 5
+12 40 15 0 1 0 0 1 0 0 5 3
+10 10 5 0 0 0 0 0 0 0 5 2
+1 12 3 0 0 0 0 0 0 0 3
+5 6 0 3
cfi=(46)
cfn=(224)
calls=3 125 
* 36 12 9 2 0 0 2 0 0 3
+7 15 5 5 1 0 0 1
cfi=(26)
cfn=(84)
calls=5 31 
* 295 70 50 0 0 1 0 0 1 25 15 10 1
+3 10 5 0 0 0 0 0 0 0 5
+4 10 5 5
cfi=(45)
cfn=(196)
calls=5 38 
* 35 10 0 1 0 0 1 0 0 10 5
* 5
+1 15 5 0 0 0 0 0 0 0 5 4
+22 35 15 0 1 0 0 1 0 0 5
+1 15 5 5 1 0 0 1
cfi=(48)
cfn=(198) _dl_audit_objopen
calls=5 77 
* 25 10 0 1 0 0 1 0 0 5
* 5
fi=(60)
92 16 8 0 1 0 0 1 0 0 4
+2 4 4
-1 4 4
+1 4
-1 4
+1 4
-1 4 0 0 1 0 0 1
+1 4
-1 8 0 0 0 0 0 0 0 0 4
+3 16 0 4
fi=(61)
-37 20 0 0 1 0 0 1 0 0 5
+3 20 0 0 0 0 0 0 0 0 5
+2 20
181 6 2 2
-22 4 0 2
fe=(30)
1510 10 0 0 1 0 0 1 0 0 5 3
1074 2 0 1 1 0 0 1
fi=(59)
186 16 2 2 2 0 0 2
cfi=(57)
cfn=(182)
calls=2 47 
* 42 8 6 0 0 0 0 0 0 6
+3 4 0 0 0 0 0 0 0 0 2 2
fe=(30)
1462 12 4 0 1 0 0 1 0 0 4 1
+2 3 3
-1 15 9 0 0 0 0 0 0 0 3 2
+1 3
-1 3
+1 3
-1 3 0 3
cfi=(32)
cfn=(94)
calls=3 98 
* 75 21 0 0 4 0 0 4 0 9
* 6 0 0 0 0 0 0 0 0 3 3
+2 5 1 1
1275 4 2 0 1 0 0 1

fn=(204) _dl_dst_count
238 24 0 12 1 0 0 1
+3 12
-3 60 0 48 0 0 1 0 0 1
+7 12
-7 24 0 12 0 0 1 0 0 1
+3 12 0 12
cfi=(41)
cfn=(118)
calls=12 32 
* 384 48 0 0 6 0 0 6 0 28 7
+3 24 0 0 0 0 0 0 0 0 12 1
+20 108 84 0 1 0 0 1

fn=(170)
1572 350 0 210 1 0 1 1 0 1
+32 35 35
-32 70 0 70
+32 70 0 0 0 0 0 0 0 0 35
+19 140 0 35 0 0 2 0 0 2
cfi=(53) ./io/../sysdeps/unix/sysv/linux/open64_nocancel.c
cfn=(172) __open_nocancel
calls=35 28 
* 790 70 100 2 0 1 2 0 1 105 4
* 35
+2 70 0 0 1 0 0 1 0 0 35 2
+8 5 0 5
+1 10
+5 5
-5 5 0 5 0 0 1 0 0 1
+5 25 0 5
cfi=(54) ./io/../sysdeps/unix/sysv/linux/read_nocancel.c
cfn=(174) __read_nocancel
calls=5 25 
* 30 5 0 1 0 0 1 0 0 5
+2 10 0 0 1 0 0 1 0 0 5
+2 10 5 5
+2 10 0 0 0 0 0 0 0 0 5
+6 10 0 0 0 0 0 0 0 0 5
+17 65 20 0 2 1 0 2 1 0 20 7
+81 10 5 0 0 0 0 0 0 0 5 2
+5 10 5 0 1 0 0 1 0 0 5
+6 20 5 0 0 0 0 0 0 0 5 2
+6 10 5 0 0 0 0 0 0 0 5
+6 5 5 0 0 1 0 0 1
+1 5 5
-1 15
+1 15 0 0 1 0 0 1 0 0 5 1
+26 315 245
-22 13 0 0 1 0 0 1 0 0 2 2
+1 2
-1 1 0 0 1 0 0 1
+1 1 0 1
cfi=(70)
cfn=(226)
calls=1 25 
* 7 1 0 0 0 0 0 0 0 1
* 2 0 0 0 0 0 0 0 0 1 1
1668 9 3 0 2 0 0 2 0 0 3 2
-59 60 0 0 1 0 0 1
1777 2 0 1 1 0 0 1

fn=(106)
706 11 0 7 2 0 0 2
+14 1
-14 2 0 1
+14 2 0 1
cfi=(37) ./elf/./elf/dl-hwcaps.c
cfn=(108) _dl_important_hwcaps
calls=1 172 
* 1244 255 222 34 1 7 34 1 7 136 46 2 2
fi=(28)
56 1
fe=(30)
720 1 0 1 0 0 1 0 0 1
fi=(28)
56 1 1 1 0 0 0 0 0 0 0 0 1 1
cfi=(27)
cfn=(78)
calls=1 -20 
* 30 7 7 0 0 0 0 0 0 3
fe=(30)
725 1 0 1
+2 3 0 0 1 0 0 1 0 0 1
+8 2 1
-1 3
+5 3
fi=(28)
56 1 1 1 0 0 0 0 0 0 0 0 1 1
cfi=(27)
cfn=(78)
calls=1 -20 
* 30 7 7 0 0 0 0 0 0 3
fe=(30)
739 1 0 1 0 0 1 0 0 1
+2 4 2 0 1 0 0 1 0 0 1
+7 1 0 1
+8 1
+2 1
+12 2
-23 1 0 1
+9 1 0 1 1 0 0 1
+11 1 1
-4 1
-5 1 0 1
+3 2 0 1 0 0 1 0 0 1
+7 2 0 1
+2 2
-11 1 0 1
+11 3 0 1 1 0 0 1
-8 1 0 1
+4 1
+1 3 0 1 0 0 0 0 0 0 1
+1 16 4 4
cfi=(43)
cfn=(130)
calls=4 132 
* 56 4 8 3 0 1 3 0 1 8 7
+2 15 3 0 0 0 0 0 0 0 4 1
-14 3
+10 3
+4 9 3 3 1 0 0 1
-12 3
-2 3 0 3
+2 3 0 3 0 0 2 0 0 2
+4 3 3 0 0 1 0 0 1
-3 3 0 3
+3 3 0 3 0 0 1 0 0 1
+1 3
-2 3 0 3
+5 9 3 0 0 1 0 0 1 0 3
+1 6 0 0 1 0 0 1 0 0 3 3
+3 1 0 1
+15 1
-8 1 0 1
+5 1 1
-6 1 0 1
+9 2
+2 4 1 0 1 0 0 1 0 0 1
+2 3 1 0 0 0 0 0 0 0 1 1
+36 5 2 0 1 0 0 1 0 0 2 1
+2 2 0 1 1 0 0 1
cfi=(22)
cfn=(62)
calls=1 57 
* 35 5 0 2 0 0 2 0 0 3 1
* 9 0 0 0 0 0 0 0 0 1 1
-19 1 1 0 1 0 0 1
-2 1 0 1
+2 2 0 0 0 0 0 0 0 0 1 1
+19 9 1 1 2 0 0 2 0 0 1 1
cfi=(29)
cfn=(82)
calls=1 210 
* 19 5 4 1 0 0 1 0 0 4 2
* 1
+5 4 1 0 0 0 0 0 0 0 1
-1 2
+2 1
+1 2
-2 4 1 0 1 0 0 1 0 0 1 1
+1 60
+1 120
-2 240 60 0 0 0 0 0 0 0 60 9
+5 1
fi=(28)
56 1 1 1 0 0 0 0 0 0 0 0 1 1
cfi=(27)
cfn=(78)
calls=1 -20 
* 30 7 7 0 0 0 0 0 0 3
fe=(30)
836 1 0 1
fi=(28)
56 1
fe=(30)
838 2 0 0 0 0 0 0 0 0 1
+6 6 1 1
cfn=(132) fillin_rpath.isra.0
calls=1 468 
* 2256 590 196 23 3 6 23 3 6 482 93 11 3
+3 3 2 0 0 0 0 0 0 0 1
+6 1 0 1
+4 8 7
-35 2 0 1 1 0 0 1
+5 2 0 1 1 0 0 1

fn=(88)
868 6 0 0 1 0 0 1
+8 6 6
-8 12
+8 6 0 0 0 0 0 0 0 0 6
-6 6 6
+12 12 0 0 0 0 0 0 0 0 6
-13 6 6
+13 6
-13 6 6
+13 12
+3 18 6 0 1 5 0 1 5 0 6
+1 12 6 0 0 1 0 0 1 0 6
+1 12 6 0 0 0 0 0 0 0 6
+3 18 6 0 0 0 0 0 0 0 6
+1 18 0 0 1 0 0 1 0 0 6
+4 6
+1 12
+22 6
+2 6
-2 12
+2 18 0 0 0 0 0 0 0 0 6 4
-20 18 9 0 1 0 0 1
+1 9 9
+3 18 0 0 0 0 0 0 0 0 9
+3 9
+1 36 0 0 0 0 0 0 0 0 9
fi=(31)
95 36 0 0 2 0 0 1 0 0 9
+7 18 0 0 0 0 0 0 0 0 9
+16 9 9 0 0 2 0 0 2
-3 18 0 0 0 0 0 0 0 0 9 4
254 12 0 0 0 0 0 0 0 0 6
+1 6 0 6
+2 24 6 6
+3 6
-8 6 0 0 1 0 0 1 0 0 3
+5 3 3
-4 3 0 3
+4 9 0 3
+3 3 3
-2 3 3
fe=(30)

fn=(132)
468 9 0 6 2 0 0 2
+4 1
-4 8 0 6
+6 3 2 1
cfi=(7)
cfn=(134) strsep
calls=1 239 
* 20 5 2 2 1 0 2 1 0 4
* 12 8 4
cfi=(7)
cfn=(134)
calls=4 239 
* 992 307 5 0 0 0 0 0 0 303 22
* 15 0 0 1 0 0 1 0 0 5 2
+7 8 4 0 0 0 0 0 0 0 4 1
+2 9 3 3
cfn=(140)
calls=3 -98 
* 459 87 63 6 0 2 6 0 2 37 10 3 1
* 3
+4 6 0 0 0 0 0 0 0 0 3
+5 6 0 3
cfi=(22)
cfn=(62)
calls=3 57 
* 87 12 0 0 2 0 0 2 0 8 3
* 3
+1 6 0 0 0 0 0 0 0 0 3 3
+7 15 3 0 1 0 0 1 0 0 6 6
+9 75 25 0 0 0 0 0 0 0 25 8
+1 48 23 1 1 0 0 1 0 0 22 16
cfi=(42) ./string/../sysdeps/x86_64/multiarch/../multiarch/memcmp-sse2.S
cfn=(122) bcmp
calls=1 59 
* 15 5 0 2 0 0 2 0 0 2 2
* 2 0 0 0 0 0 0 0 0 1 1
fi=(28)
50 8 8 4 0 0 0 0 0 0 0 0 4 1
cfi=(27)
cfn=(138)
calls=4 +47 
* 20 8 0 1 0 0 1 0 0 4
+1 4
fe=(30)
509 1 1 0 1 0 0 1
-32 1 0 1
+1 1
+31 2 0 0 0 0 0 0 0 0 1 1
+19 16 4 4 1 0 0 1 0 0 4 2
+4 16 8
fi=(28)
56 4 4 4 0 0 0 0 0 0 0 0 4 1
cfi=(27)
cfn=(78)
calls=4 -20 
* 120 28 28 0 0 0 0 0 0 12
* 4
fe=(30)
534 8 0 0 1 0 0 1 0 0 4
+5 4 4
+1 8
-1 4
-1 4 0 4 0 0 1 0 0 1
+2 4 0 4
cfi=(29)
cfn=(126)
calls=4 197 
* 52 10 6 0 0 2 0 0 2 10 4
+3 4 4
-3 4 0 4 0 0 1 0 0 1
+1 4 0 4
+2 4 0 0 0 0 0 0 0 0 4 4
+6 4
+1 4 4 0 1 0 0 1
-1 12 4
+1 20 0 0 0 0 0 0 0 0 8 4
+1 4 0 0 1 0 0 1
-1 4
+1 4 0 4
-1 12 0 0 0 0 0 0 0 0 4
+1 4 0 4
-1 8 0 0 0 0 0 0 0 0 4
+1 4 0 4
+2 8 4 4
+1 12 4 0 1 0 0 1 0 0 4 4
+1 4 0 4
+6 8 4 4
+1 4 0 4
+3 12 0 4
-60 6 0 3
-22 6 0 3
+88 1 0 1
+3 8 7
-24 8 0 0 1 0 0 1

fn=(140)
385 36 0 24 1 0 0 1
241 8
385 4
241 4 0 4 0 0 1 0 0 1
cfi=(41)
cfn=(118)
calls=4 32 
* 168 21 0 2 0 0 2 0 0 11 6
+3 8 0 0 0 0 0 0 0 0 4 1
410 4
-11 4
+11 24 24 0 1 0 0 1
-11 4
cfi=(44)
cfn=(142)
calls=4 40 
* 370 75 58 2 0 2 2 0 2 37 8 4 1

fn=(208)
1812 32 0 24 1 0 1 1 0 1
+1 4 4
-1 12 0 12 1 0 2 1 0 2
+1 4 0 4
+6 8 0 0 0 0 0 0 0 0 4
+5 68 8 0 1 0 0 1 0 0 8 4
+67 8 4 0 1 0 0 1
-74 4 0 4
+7 12 0 8
+57 4
-65 4 0 4
+65 4 0 4
+10 8 0 8 1 0 0 1
-64 8 8
+8 24 4 4 0 0 0 0 0 0 4
-8 24 24
+8 72 12 12 0 0 0 0 0 0 12
+7 32 32
-11 16
+12 16
-1 64 16 32 1 0 1 1 0 1
cfi=(29)
cfn=(126)
calls=16 197 
* 208 40 24 1 0 0 0 0 0 40 12
+1 160 32 32 0 0 0 0 0 0 16
+50 42 0 0 0 0 0 0 0 0 21 1
-2 84 0 21
-48 176 64 0 1 0 0 1 0 0 64 11
+3 96 48 0 0 0 0 0 0 0 48 8
+5 210 120 30 1 0 0 1
cfi=(29)
cfn=(126)
calls=30 197 
* 390 58 28 0 0 0 0 0 0 92 15
* 120 60 30
cfi=(29)
cfn=(126)
calls=30 197 
* 390 90 60 0 0 0 0 0 0 60 19
+3 60
+6 90 30 0 0 0 0 0 0 0 30
+3 210 90 30 1 0 0 1
cfn=(170)
calls=30 1572 
* 1680 300 360 2 0 3 2 0 3 150 6
* 30
+2 90 30 0 0 0 0 0 0 0 30 6
+2 18 0 0 0 0 0 0 0 0 9 2
+93 36 28 0 1 0 0 1
-88 18 0 0 1 0 0 1 0 0 9
+1 63 27 0 0 0 0 0 0 0 9 2
+6 9 9 0 1 0 0 1
+2 18 9
-2 18 0 9
+2 9 0 9
cfi=(65) ./io/../sysdeps/unix/sysv/linux/stat64.c
cfn=(210) stat
calls=9 28 
* 138 9 6 1 0 0 1 0 0 9 6
* 9
+3 9
-3 18 0 0 0 0 0 0 0 0 9 2
+1 6 3
+9 24 3 6
+2 3
-2 6 0 6
+2 22 16 0 1 0 0 1
+44 128 32 16 1 0 2 1 0 2 48
+6 32 16 16
-2 16 0 16
+2 32 16 0 0 0 0 0 0 0 16 8
+3 12 8 0 0 0 0 0 0 0 4
1822 8
+2 8 0 4 1 0 1 1 0 1

fl=(57)
fn=(182)
47 26 0 0 1 0 0 1
+3 52 0 0 0 0 0 0 0 0 26
-3 156 0 78 0 0 1 0 0 1
+6 52 0 0 0 0 0 0 0 0 26 6
+5 156 0 0 0 0 0 0 0 0 26
+2 104 104
-7 55 5 0 1 0 0 1 0 0 14 4

fl=(55)
fn=(178)
30 6 0 0 1 0 0 1
+9 24 0 0 1 0 0 1 0 0 6 1
+33 6 6

fl=(42)
fn=(122)
59 2 0 0 1 0 0 1
+12 2
+1 2 0 0 0 0 0 0 0 0 2 1
+22 1
+1 1 0 0 0 0 0 0 0 0 1 1
+45 1 1 0 1 0 0 1
+1 1 1
+2 1
+1 1 0 0 0 0 0 0 0 0 1
+2 1 1
+1 1 1
+2 1
+1 1 0 0 0 0 0 0 0 0 1 1
+47 1
+1 1
+1 1
+1 1
+1 1
+1 1 1
+53 1 0 0 1 0 0 1
+2 1 1
+1 1 1
+1 1
+1 1
+1 1
+1 1 0 0 0 0 0 0 0 0 1 1
+68 1 0 0 1 0 0 1
+1 1 1
+1 1 1
+1 1
+1 1 1

fl=(54)
fn=(174)
25 5 0 0 1 0 0 1
+1 20 0 0 0 0 0 0 0 0 5
+1 5 5

fl=(7)
fn=(134)
239 5 0 0 1 0 0 1
+3 10 5 0 0 1 0 0 1 0 5
+2 5 5
+1 10 0 0 0 0 0 0 0 0 5 1
+4 12 4 0 0 0 0 0 0 0 4
-2 8
+4 122
+5 348 116 0 0 0 0 0 0 0 116 4
-2 238 119 0 0 0 0 0 0 0 119 12
+6 6 0 3
+7 3 0 3
+4 6 3 0 1 0 0 1
-4 1 0 1
+4 4 2
-22 58 58
+15 58
-15 118 0 0 0 0 0 0 0 0 58 5

fn=(542) lookup_malloc_symbol
61 8 0 4 1 0 0 1
+3 4
-3 12 0 8
+3 4
-3 12 0 4
+3 4
-3 4
+2 4 0 4
+1 16 4 12
cfi=(78)
cfn=(270)
calls=4 772 
* 2720 814 297 4 33 0 4 4 0 392 39 5 3
+4 28 16 0 1 0 0 1 0 0 4
+1 28 12 0 0 0 0 0 0 0 8
+2 4 0 4
fi=(166) ./elf/./dl-sym-post.h
-30 8 0 0 0 0 0 0 0 0 4
+12 12 4 0 0 0 0 0 0 0 4
fe=(7)
+19 24 20

fn=(538)
76 2 0 1 1 0 0 1
+10 1
fi=(165) ./elf/../sysdeps/generic/dl-hash.h
-41 1
-1 1
fe=(7)
+32 8 0 5
+11 1 0 1
-1 1 0 1 1 0 0 1
fi=(165)
-43 1
+5 3
+14 4
-17 3 1 0 0 1 0 0 1 0 1 1
+3 15
+14 20
-17 15 5 0 0 0 0 0 0 0 5 3
fe=(7)
+46 2
fi=(165)
-24 1
fe=(7)
+22 1 0 1
+2 2 0 0 1 0 0 1
fi=(165)
-19 1 0 1
fe=(7)
+19 1 0 1
cfn=(542)
calls=1 -30 
* 696 218 85 6 12 0 6 2 0 96 12 1 1
+1 3
-1 1
+1 1 0 1
cfn=(542)
calls=1 -31 
* 733 221 85 0 7 0 0 0 0 107 12 1
+1 3
-1 1
+1 1 0 1
cfn=(542)
calls=1 -32 
* 794 226 85 0 7 0 0 2 0 115 9 2 2
+1 3 0 0 1 0 0 1
-1 1
+1 1 0 1
cfn=(542)
calls=1 -33 
* 669 205 78 0 7 0 0 0 0 94 6 1
+5 1 0 1
+1 1 0 1
+1 1 0 1
+1 1 0 1
+1 8 7

fn=(12)
42 1 0 0 1 0 0 1
+1 2 0 1 1 0 1 1 0 1
+1 2 0 1
+1 2 0 1
+1 2 0 1
+1 1 1

fl=(163)
fn=(534) _dlfo_process_initial
474 2 0 2
+3 2
-3 6 0 2
+1 2 2
+3 4 2 0 1 0 0 1 0 0 2
+26 14 2 0 0 1 0 0 0 0 2
+1 6 2 0 0 0 0 0 0 0 2 2
+1 14 14 0 0 1
-1 28 0 0 0 0 0 0 0 0 14 2
+3 52 12 0 1 0 0 1 0 0 26 2
+3 48 12 0 0 0 0 0 0 0 12 4
-7 10 2 0 1 0 0 1 0 0 2
+27 2
-2 2 0 2
+2 6 6
-18 36 12 0 1 1 0 1 1 0 12 3
+3 12
-1 12 0 6
cfi=(164) ./elf/./dl-find_object.h
cfn=(532) _dl_find_object_from_map
calls=6 95 
* 373 101 24 0 61 4 0 8 4 118 17
+2 24

fn=(536) _dlfo_sort_mappings
536 1 0 0 1 0 0 1
+1 2 0 0 0 0 0 0 0 0 1
+3 4 0 0 1 0 0 1
+4 1
+1 1
-1 1 1
+1 2 0 0 0 0 0 0 0 0 1
-1 4
+1 4
-1 4 4
+1 18 0 0 0 0 0 0 0 0 4
+1 75 15 0 0 0 0 0 0 0 15 10
+3 5
-1 5
-3 45 0 0 1 0 0 1 0 0 15 9
+8 15 5
+1 10 5
-1 5 5
-13 10 5
+14 15 5 10
+1 10 0 10
-15 10 0 0 0 0 0 0 0 0 5 2
+17 1 1

fn=(530)
561 2 0 1 1 0 0 1
+3 1 1 0 0 1
-3 3 0 2
+5 2 1 0 0 0 0 0 0 0 1 1
+13 1 0 1 1 0 0 1
cfn=(534)
calls=1 474 
* 129 33 3 4 3 0 4 1 0 36 7
+1 1 1
-1 1
+1 1
fi=(28)
56 1 1 1 0 0 0 0 0 0 0 0 1 1
cfi=(27)
cfn=(78)
calls=1 -20 
* 30 7 7 0 1 0 0 0 0 3
fe=(163)
580 1 0 1
fi=(28)
56 1
fe=(163)
582 2 0 0 0 0 0 0 0 0 1
+3 2 0 0 0 0 0 0 0 0 1
+5 1 0 1 1 0 0 1
+1 1 0 1
cfn=(534)
calls=1 474 
* 526 134 33 0 61 4 0 8 4 154 23
+3 3 1 0 0 0 0 0 0 0 1 1
+10 4 4
-37 2 0 1 1 0 0 1
cfi=(164)
cfn=(532)
calls=1 95 
* 68 18 4 3 11 1 3 0 0 22 8
* 1
+29 2 0 1 1 0 0 1
cfn=(536)
calls=1 -60 
* 248 46 20 3 0 0 3 0 0 41 21
+3 6 3 1 1 0 0 1
+2 1

fl=(58)
fn=(184)
33 3 0 0 1 0 0 1
+2 11 5 0 0 0 0 0 0 0 3 1
-2 4 0 2
+7 1
-7 2 0 1
+7 1
-7 2 0 1
+7 1
-7 1 0 0 1 0 0 1
+7 1 0 1 0 0 1 0 0 1
cfi=(11)
cfn=(28)
calls=1 387 
* 24 4 1 0 0 0 0 0 0 3 2
* 3 1 0 0 0 0 0 0 0 1 1
+7 1 0 1 1 0 0 1
+2 6 5

fl=(1) ???
fn=(0) 0x000000000001f540
0 2 0 1 1 0 1 1 0 1
cfi=(2)
cfn=(2)
calls=1 517 
0 1808706 471355 160458 1071 11988 2367 1060 6978 1572 293964 13098 3987 834
0 8 1 1 1 0 0 0 0 0 1 1
cfi=(76)
cfn=(580) _dl_cet_setup_features
calls=1 331 
0 4 1 0 1 0 0 1 0 0 1
0 10 2 1 1 1 0 1
cfi=(177) ./elf/./elf/dl-init.c
cfn=(584) _dl_init
calls=1 81 
0 93679 27623 13487 639 817 236 610 187 182 14630 943 1090 208
0 3 0 0 1 0 0 0 0 0 0 0 1 1
cob=(8)
cfi=(211)
cfn=(1306) (below main)
calls=1 0 
0 1729781520 624474409 96557578 348 6930587 6782051 307 59 4155 384623485 5585 5288 86

fl=(48)
fn=(570)
41 3 0 0 2 0 0 1
+4 12 3 0 0 1
+1 3 3 0 0 1
+1 15 3 0 2 0 0 1 0 0 6

fn=(152)
29 2 0 1
+2 1 1
-2 5 0 4 1 0 0 1
+1 1 1
+1 2 0 0 0 0 0 0 0 0 1 1
+6 6 6 0 1 0 0 1

fn=(1542) _dl_audit_objclose
97 7 0 0 1 0 0 1
+1 28 14 0 0 0 0 0 0 0 7

fn=(1322) _dl_audit_preinit
118 1 0 0 1 0 0 1
+1 4 2 0 0 1 0 0 0 0 1

fn=(198)
77 5 0 0 1 0 0 1
+1 20 10 0 0 0 0 0 0 0 5

fl=(24)
fn=(68)
53 3 0 0 1 0 0 1
+3 8 0 2 1 0 1 1 0 1
+5 1
-5 1
+5 1 0 1
+1 1 0 1 1 0 0 1
-6 1 0 1
+8 1 1

fn=(256)
68 2 0 1
fi=(256) ./elf/../include/list.h
-24 1
fe=(24)
+24 3 0 1
fi=(256)
-25 1 1 0 0 1
fe=(24)
+26 1 1
+3 1
fi=(256)
-29 1 0 1 1 0 0 1
+1 1 0 1
+1 1 0 1
+2 1 0 1
fe=(24)
+28 4 0 1
+1 2 0 1
+1 1 0 1 1 0 0 1
+5 2 1 1
+5 1
+6 1
-3 1 0 1
+3 1
-6 3 0 1
+6 1
+12 4 0 1 1 0 0 1
cfi=(11)
cfn=(28)
calls=1 387 
* 24 4 1 0 2 0 0 1 0 3 2
fi=(75) ./elf/../sysdeps/unix/sysv/linux/rseq-internal.h
-73 3 1 0 0 0 0 0 0 0 1 1
+8 1 0 1
fe=(24)
+81 3 2 1 0 1
+7 2 1 1
+1 3 3
fi=(75)
-95 7 0 0 1 0 0 1
+3 2 0 0 0 0 0 0 0 0 1 1
fe=(24)

fn=(86)
42 178
+2 356 178

fl=(52)
fn=(168)
68 812 0 348 1 0 1 1 0 1
+1 232 116 116
cfi=(32)
cfn=(94)
calls=116 +29 
* 3710 773 0 14 1 0 14 1 0 440 67 39 28
* 232 0 0 0 0 0 0 0 0 116
+3 116 116
+2 232 0 0 0 0 0 0 0 0 116 12
+6 113 113
-6 226 0 0 0 0 0 0 0 0 113 25
+1 399 133 133 1 0 0 1
cfi=(32)
cfn=(94)
calls=133 +23 
* 4454 908 0 7 0 0 7 0 0 529 80 46 9
* 266 0 0 0 0 0 0 0 0 133 21
+8 20 20
-13 20
+13 156 156
-1 96
+1 288 288

fn=(216)
36 2 0 1 1 0 0 1
+3 1
-3 7 0 3
+3 1
-3 2 0 1
+3 1 0 1
cfi=(53)
cfn=(172)
calls=1 -11 
* 20 2 2 0 0 0 0 0 0 3
+1 2 0 0 1 0 0 1 0 0 1 1
+23 8 6
-21 4 0 1
cfi=(55)
cfn=(178)
calls=1 -12 
* 6 1 0 0 0 0 0 0 0 1
* 2 0 0 0 0 0 0 0 0 1
+2 2 1 1
+3 2 0 0 1 0 0 1 0 0 1 1
+13 2 0 1
cfi=(62)
cfn=(194)
calls=1 -35 
* 6 1 0 0 0 0 0 0 0 1
* 1
-11 6 0 1
cfi=(57)
cfn=(182)
calls=1 -2 
* 26 4 3 0 0 0 0 0 0 4 2
* 2

fn=(524) _dl_higher_prime_number
87 2 0 0 1
+38 2
-1 2
+3 2
+2 80
+1 30 10 0 0 4 0 0 2 0 10 3
+3 7
-6 24 0 0 1 0 0 1 0 0 12 11
+18 2 2
+1 2 2
-15 6

fl=(9)
fn=(16)
102 5 0 2 1 0 0 1
+4 1
-4 1
+1 1 0 1
+3 1 0 1 0 0 1 0 0 1
cfn=(18) _dl_sysdep_parse_arguments
calls=1 -28 
* 567 158 98 7 18 11 7 18 11 189 26
+4 2 1 1
cfi=(11)
cfn=(22)
calls=1 261 
* 56433 10026 6 7 90 0 7 90 0 15334 1276
+3 1 0 1
cfi=(13) ./elf/./elf/dl-sort-maps.c
cfn=(26) _dl_sort_maps_init
calls=1 289 
* 38 7 4 4 1 0 4 1 0 3 2
+2 2 0 1
cfi=(14) ./elf/../sysdeps/unix/sysv/linux/brk.c
cfn=(30) brk
calls=1 -79 
* 8 1 1 1 0 1 1 0 1 1
fi=(6)
220 1 0 1
cfi=(15)
cfn=(34)
calls=1 37 
* 7349 809 485 104 19 8 104 19 8 1710 239 1 1
fe=(9)
-98 3 1 0 1 0 0 1 0 0 1
+1 1 0 1
cfi=(22)
cfn=(62)
calls=1 -66 
* 17 2 0 1 1 0 1 1 0 2
* 1 0 1
+2 2 0 1
cfi=(23)
cfn=(64)
calls=1 -88 
* 16 5 3 2 0 0 2 0 0 2 1
* 3 0 0 0 0 0 0 0 0 1
+12 3 1 0 0 0 0 0 0 0 1
+3 5 3 1 1 0 0 1 0 0 0 0 1 1
cfi=(2)
cfn=(66)
calls=1 1346 
* 1743568 460234 159774 910 11845 2324 901 6837 1529 276568 11498 3985 832
+3 4 4 0 1 1

fn=(18)
78 1 0 1 1 0 0 1
+2 1
-2 6 0 3
+1 1 1 0 0 1 0 0 1
+1 1 0 1
-1 1 0 1 0 0 1 0 0 1
+2 2
+2 1 1 0 1 0 0 1
-2 1 0 1 0 0 1 0 0 1
+2 2 0 0 0 0 0 0 0 0 1
-1 1
+1 2 1 0 0 0 0 0 0 0 1 1
-1 90
+1 180 90 0 0 11 0 0 11 0 90 9
+7 56 0 52 0 0 7 0 0 7 52 10
fi=(10) ./elf/../sysdeps/unix/sysv/linux/dl-parse_auxv.h
-49 1 1
fe=(9)
+45 1
fi=(10)
-54 1
fe=(9)
+54 1 0 1 1 0 1 1 0 1
fi=(10)
-54 1 0 1
+1 1 0 1
+1 1 0 1
+7 3 0 0 0 0 0 0 0 0 1
+1 44 0 0 0 0 0 0 0 0 22
+1 22 22 0 0 6 0 0 6
-2 22 0 0 1 0 0 1
+2 22 0 22
-2 67 23 0 0 0 0 0 0 0 22 6
fe=(9)
+52 3 3
+1 1 1
+1 2 2 0 1 0 0 1
fi=(10)
-49 1 1
+1 1 1
fe=(9)
+46 1
fi=(10)
-45 1 1
+3 1 1
+1 1 1
+1 1 1
+1 1 1
+2 1 1
-5 1 0 1 1 0 0 1
-4 1 0 1
+1 1 0 1
+4 1 0 1 0 0 1 0 0 1
+1 1 0 1
+3 1 0 1
-7 1 0 1
-4 1 0 1
+1 1 0 1
+8 1 0 1 1 0 0 1
fe=(9)
+40 1 0 1
-1 1 0 1
+2 1 0 1
+1 6 5

fn=(568)
147 1 0 0 1 0 0 1
+1 1 1

fl=(65)
fn=(210)
28 18
+1 36
cfi=(66)
cfn=(212)
calls=9 146 
* 84 9 6 1 0 0 1 0 0 9 6

fl=(187)
fn=(644)
46 726 0 396 2 0 0 2
+2 330 264 0 0 6 0 0 0 0 66 34
+1 66 66
+6 66
fi=(257) ./elf/../sysdeps/x86_64/dl-runtime.h
-27 66
fe=(187)
+21 66 66
+5 66 66 0 0 3
+1 66 66 0 0 3
-6 66 0 0 1 0 0 1
+6 132
+1 66 66 0 0 62
+2 66 66 0 0 5
-2 66
+2 66
-2 330 0 66 0 0 3
+7 132 0 0 0 0 0 0 0 0 66 2
+4 132 66 0 0 66 0 0 41 0 66
+4 66 66 0 1 3 0 1
-2 66
+2 132 0 0 0 0 0 0 0 0 66 1
+4 198 132 0 0 58
+1 264 66 0 0 2
+1 198 66 0 0 14 0 0 0 0 66 14
+8 66 66
-1 66 0 0 1 0 0 1
+1 132 0 0 0 0 0 0 0 0 66 10
+10 660 132 198 0 3
cfi=(78)
cfn=(270)
calls=66 772 
* 45973 12460 4343 22 453 40 0 107 1 6764 355 9 8
* 66
+4 330 198 0 1 0 0 1 0 0 66
+10 660 264 66 0 0 0 0 0 0 198 4
+15 264 66 0 1 0 0 1 0 0 66
+9 198 66 0 0 0 0 0 0 0 66 2
+26 198 66 0 0 2 0 0 0 0 66
fi=(6)
+75 66 0 66
fe=(187)
-71 528 462 0 1 0 0 1

fl=(37)
fn=(108)
172 6 0 3 1 0 0 1
+3 1
-3 3 0 2
+3 1
-3 5 0 4 1 0 2 1 0 2
+2 1 0 1
cfi=(38)
cfn=(110)
calls=1 29 
* 49 6 0 3 0 0 3 0 0 12 2
+1 1
fi=(40) ./elf/./dl-hwcaps.h
43 1 0 1
fe=(37)
174 1 0 1
fi=(40)
45 2 0 1
+32 1 0 1
+1 1 0 1
+1 1
fe=(37)
-27 2 0 1 1 0 0 1
cfi=(39)
cfn=(114)
calls=1 -1 
* 23 8 6 2 0 1 2 0 1 1
* 2 0 0 0 0 0 0 0 0 1
fi=(40)
-9 1
+2 1 0 1
-2 1 0 1
+34 2 1 1
+1 2 1 1
+1 1 0 0 1 0 0 1
fe=(37)
-24 2 2
-1 2
+1 2
+1 2
+1 2
-5 4 0 2
cfi=(39)
cfn=(114)
calls=2 -1 
* 130 28 19 1 0 0 1 0 0 14 7
* 2 0 1
cfi=(39)
cfn=(114)
calls=1 -1 
* 125 22 15 6 1 0 6 1 0 15 4
* 6 0 0 0 0 0 0 0 0 3 2
+48 4 0 2
fi=(28)
-44 2 1 1 0 0 0 0 0 0 0 0 1 1
cfi=(27)
cfn=(78)
calls=1 -20 
* 30 7 7 0 0 0 0 0 0 3
fe=(37)
+46 2 1 0 1 0 0 1
-2 1 0 1 0 0 1 0 0 1
+2 1 0 0 0 0 0 0 0 0 1
+3 1 0 1
+3 1
fi=(40)
-65 1 0 1
+2 1 0 1
fe=(37)
+67 1 0 1
fi=(40)
-66 1
fe=(37)
+66 2 0 1 1 0 0 1
cfi=(39)
cfn=(120)
calls=1 -87 
* 13 5 3 2 0 0 2 0 0 1 1
* 2 0 0 0 0 0 0 0 0 1
fi=(40)
-69 1
+2 1 0 1
-2 1 0 1
+34 2 1 1
+1 2 1 1 1 0 0 1
+1 1
fe=(37)
+48 10 4 2 0 0 1 0 0 1
+1 4 2 2
+1 2
+1 2
-1 2 0 2
-4 4 0 2
cfi=(39)
cfn=(114)
calls=2 -74 
* 130 28 19 0 0 0 0 0 0 14 7
* 2 0 1
cfi=(39)
cfn=(114)
calls=1 -74 
* 125 22 15 0 0 0 0 0 0 15 4
* 6 0 0 0 0 0 0 0 0 3 2
+8 3 1 0 1 0 0 1 0 0 1
+9 5 1 1 0 0 0 0 0 0 1
+3 8 1 5 1 0 0 1
-2 6 0 1
+14 1 0 0 0 0 0 0 0 0 1 1
+4 1 1
+1 1 1
+1 1 0 1
-20 3
+19 1 0 1
+1 1 0 1
-20 2 0 0 0 0 0 0 0 0 1 1
+8 2 2 0 1 0 0 1
+4 2 2
-4 3
+4 2 0 1 1 0 0 1
cfi=(42)
cfn=(122)
calls=1 -96 
* 19 5 0 2 0 0 2 0 0 4 2
+1 3 1 0 0 0 0 0 0 0 1 1
-14 8 6 0 0 0 0 0 0 0 1
+47 1 1
-4 2 0 1 1 0 0 1
+4 2 0 1 0 0 1 0 0 1
-3 1
+7 1 1
-7 2
+7 1
fi=(28)
56 1 1 1 0 0 0 0 0 0 0 0 1 1
cfi=(27)
cfn=(78)
calls=1 -20 
* 30 7 7 0 0 0 0 0 0 3
* 1
fe=(37)
194 2 0 0 0 0 0 0 0 0 1
+8 1 1
fi=(40)
43 1 0 1 1 0 0 1
fe=(37)
201 1
80 1
fi=(40)
-35 1 0 1
fe=(37)
+35 1
202 1 1
fi=(40)
77 1 0 1
+1 1 0 1
fe=(37)
202 3 0 1
fi=(40)
79 1 0 0 1 0 0 1
fe=(37)
-2 2 0 1 1 0 0 1
cfi=(39)
cfn=(114)
calls=1 -26 
* 23 8 6 0 0 0 0 0 0 1
* 2 0 0 0 0 0 0 0 0 1
fi=(40)
-34 1
+2 1 0 1
fe=(37)
+35 2
fi=(40)
-37 1 0 1
+34 2 1 1
+1 2 1 1
+1 3 0 2
fe=(37)
+1 4 2
+7 2
-7 8 2 6 0 0 1 0 0 1
cfi=(29)
cfn=(126)
calls=2 197 
* 26 6 4 1 0 0 1 0 0 4 4
+4 2 0 2
+2 2 2
+2 2
-2 4 0 2
-9 4 0 2
cfi=(39)
cfn=(114)
calls=2 -26 
* 130 28 19 0 0 0 0 0 0 14 4
* 2 0 1 1 0 0 1
cfi=(39)
cfn=(114)
calls=1 -26 
* 125 22 15 0 0 0 0 0 0 15 2
* 6 0 0 0 0 0 0 0 0 3 2
213 2 2 0 1 0 0 1
-5 1 0 1
+1 1 0 1
-1 1 1
+5 1 0 1
+3 9 7

fl=(164)
fn=(532)
95 14 7 7 1 4 2 1 0 1
+1 14 7 7 1 0 0 1
+1 7 0 7 0 0 3 0 0 3
+6 35 14 0 0 6
+1 203 0 0 0 0 0 0 0 0 70 4
+1 140 70 0 1 59 0 1 8 0 70 21
+2 21 14 7 0 3
+5 7 7

fl=(168)
fn=(548)
74 30 0 18 1 0 0 1
+2 3 3
-2 6 0 6 1 0 0 1
+4 3 3
-4 3 0 3
+2 3 0 0 0 0 0 0 0 0 3 1
+2 9
+37 3
-37 9 6 0 0 2
+1 6 0 0 0 0 0 0 0 0 3
+2 12 3 3 1 0 0 1
+3 25 5 0 0 3 0 0 1 0 5 2
+2 6 3
-54 3
+54 3
-54 3 3
+54 3
-54 9 6 0 0 0 0 0 0 0 3 3
+1 9 0 0 1 0 0 1
+2 6 3 0 0 3 0 0 3
+1 6 3 0 0 0 0 0 0 0 3
+12 9 3 3 0 0 0 0 0 0 3
+3 3 3
+2 6 3 3
-2 3 3
+2 9 3 3 1 0 0 1
cfi=(32)
cfn=(94)
calls=3 +45 
* 209 28 0 0 7 0 0 7 0 22 5 3 3
* 6 0 0 0 0 0 0 0 0 3
+4 6 6
+1 3 3
-1 3 3 0 0 2
+1 18 6 0 0 1 0 0 0 0 3
+1 9 6 3
cfi=(32)
cfn=(94)
calls=3 +39 
* 198 27 0 0 2 0 0 1 0 21 2 3 3
* 6 0 0 0 0 0 0 0 0 3
+57 27 21
-23 6 0 0 2 0 0 2 0 0 2 2

fl=(237) ./elf/./elf/dl-fini.c
fn=(1510) _dl_fini
26 5 0 3 1 0 0 1
+17 1
-17 6 0 4
+20 13 1 0 1 1 0 1 0 0 2 1
+3 2 1 1 0 1 0 0 0 0 0 0 1 1
cob=(2)
cfi=(238) ./nptl/./nptl/pthread_mutex_lock.c
cfn=(1512) pthread_mutex_lock@@GLIBC_2.2.5
calls=1 +28 
* 44 12 6 6 1 0 6 0 0 9 3
+2 1 1 0 1 1 0 1
+3 2 0 0 0 0 0 0 0 0 1
+2 5 2 0 0 1 0 0 0 0 1
+7 3 0 1
-2 1 0 1
+2 1 0 1
cfi=(48)
cfn=(570)
calls=1 -22 
* 11 3 0 2 1 0 0 0 0 2
+5 15 1 0 1 0 0 1 0 0 2 2
+5 1 1
-5 1 0 0 1 0 0 1
+5 3 0 0 0 0 0 0 0 0 1 1
+2 14 7 0 0 7 0 0 1 0 7
+2 14 0 0 0 0 0 0 0 0 7
+2 14 0 7 0 0 1
+1 7 0 7 0 0 7
+1 7
+4 7 0 7 1 0 6 1
-12 21 7 0 0 2 0 0 0 0 7 3
+14 6 0 0 0 0 0 0 0 0 2
+1 4 0 0 0 0 0 0 0 0 1 1
+6 6 0 2 1 0 0 1
cfi=(13)
cfn=(232) _dl_sort_maps
calls=1 298 
* 556 156 86 18 11 0 0 0 0 107 43
+9 2 1 1 0 0 0 0 0 0 0 0 1 1
cob=(2)
cfi=(239) ./nptl/./nptl/pthread_mutex_unlock.c
cfn=(1514) pthread_mutex_unlock@@GLIBC_2.2.5
calls=1 367 
* 34 8 5 4 0 0 4 0 0 8 5
+5 6 1 0 0 0 0 0 0 0 1
+2 1 1
+2 2 1 0 0 0 0 0 0 0 1 1
-2 6 6
+2 12 6 0 0 0 0 0 0 0 6 3
+2 28 0 21 1 0 0 1
cfi=(240)
cfn=(1516)
calls=7 -90 
* 9775 3326 1608 98 234 19 79 48 1 1408 149 100 61
+3 14 0 7
cfi=(48)
cfn=(1542)
calls=7 -20 
* 35 14 0 1 0 0 1 0 0 7
-9 14 14 0 1 0 0 1
+14 7 0 7
-14 21 0 0 0 0 0 0 0 0 7 3
+18 3 0 1
cfi=(48)
cfn=(570)
calls=1 -85 
* 11 3 0 0 1 0 0 0 0 2
* 2 1
+6 4 2 1 0 0 0 0 0 0 1
+2 1
-2 2 0 0 0 0 0 0 0 0 1
+6 2 1 0 0 0 0 0 0 0 1
+7 8 7
-77 2 0 1 1 0 0 1

fl=(16)
fn=(42) update_active.constprop.0
72 8 0 6 2 0 0 2
+4 1 1
+10 1 1
+9 1 1
+9 1 1
-19 1
-1 1
+29 1 1
-4 1
-24 1
+9 1
+9 1
+9 1
-28 2 1 0 1 0 0 1
+25 1
-15 1
-9 1
+9 1 1
+9 1
+9 1
-3 1
+7 1
-13 1 1
+9 1 1
+4 2 1 0 1 0 0 1
-22 1 0 1
+22 2 0 2 0 0 1 0 0 1
-13 1 0 1
+6 1 0 1
+3 1 0 1
+5 1 1
+12 1 1
-8 1
-4 1 0 1 1 0 0 1
+7 1 1
-3 4 1 2
+1 1 1
+2 1 0 1
-2 2 0 1
+1 3 1 1 1 0 0 1
+5 1
+2 1 1 0 0 1 0 0 1
-2 4 1 1
+1 1
+1 1
-1 2 1
+1 1 0 1
-1 1 0 1 1 0 0 1
+3 2 0 0 0 0 0 0 0 0 1
+1 4 0 1
+14 2 0 0 0 0 0 0 0 0 1 1
356 2 0 0 0 0 0 0 0 0 1 1
+4 3 1 0 1 0 0 1 0 0 1 1
fi=(18) ./elf/../sysdeps/unix/sysv/linux/x86/dl-hwcap2.h
25 2 1 0 0 0 0 0 0 0 1 1
fi=(19)
+5 1
-2 1
+2 3 0 0 0 0 0 0 0 0 1 1
fe=(16)
369 1 0 1
+1 8 7
151 2 0 1 1 0 0 1
+1 2 0 1
-1 5 0 3 1 0 0 1
+1 2
+2 3 0 0 0 0 0 0 0 0 1 1
+90 1 1
+1 1 1
-1 2 0 0 0 0 0 0 0 0 1 1
+17 4 0 0 1 0 0 1 0 0 1
+16 2 0 0 0 0 0 0 0 0 1 1
+5 1 1 0 1 0 0 1
-1 2 0 1
+4 4 1 1
+4 2 0 0 0 0 0 0 0 0 1
+4 3 0 0 1 0 0 1
+1 2 0 0 0 0 0 0 0 0 1
+3 1
-1 1
+9 1
-5 1
+2 1 0 1
-2 1 0 1
+5 1 0 0 0 0 0 0 0 0 1 1
+51 1 0 0 1 0 0 1
fi=(19)
31 1 1
fe=(16)
356 2
fi=(19)
32 3 0 0 0 0 0 0 0 0 1
+4 3 0 0 0 0 0 0 0 0 1 1
fe=(16)
158 4 0 1 1 0 0 1 0 0 1
+3 1
+3 2 0 0 0 0 0 0 0 0 1 1
+14 1 1
+2 1 1
+10 3 0 1
-12 1 0 0 1 0 0 1
+12 1 0 1
-12 1
+2 2
-2 1 0 1
+2 1
+8 1 1
-8 1 0 1
+6 3
+2 1 1
-2 1 0 1
+2 3 0 1 1 0 0 1
+7 5 0 1 0 0 0 0 0 0 1 1
fi=(19)
39 2 0 0 1 0 0 1 0 0 1
+1 4 1 0 1 0 0 1 0 0 1
-2 1
+7 4 0 0 0 0 0 0 0 0 1
+2 1
+1 2 0 0 0 0 0 0 0 0 1
+3 5 1 0 1 0 0 1 0 0 1
+2 4 0 0 0 0 0 0 0 0 1
+1 2 0 0 0 0 0 0 0 0 1
+1 2 0 0 0 0 0 0 0 0 1
+3 1
-1 1
+1 3 0 0 0 0 0 0 0 0 1 1
fe=(16)
171 1 0 1 1 0 1 1 0 1
-5 2 0 1
+4 1

fn=(36)
682 1 0 1 1 0 0 1
+17 1
-17 7 0 5
+3 1 0 1
+1 1 0 1 1 0 0 1
+1 1 0 1
+3 1 0 1 0 0 1 0 0 1
+9 2 0 1
+3 6 0 0 1 0 0 1 0 0 3 1
1001 3 1 0 1 0 0 1 0 0 1
+1 2 0 1
+3 2 0 0 0 0 0 0 0 0 1
+1 2 0 1
+6 1 0 1
+1 1 0 1
+1 1 0 1
+1 1 0 1 1 0 0 1
fi=(20) ./elf/../sysdeps/x86/dl-cacheinfo.h
792 1 0 1
+1 1 0 1
+2 1 0 1
+14 2 0 0 0 0 0 0 0 0 1 1
+85 1 1 0 1 0 0 1
+1 1 1
+15 1
-5 1 0 1
+5 1
-10 1 0 1 0 0 1 0 0 1
-6 1 0 1 0 0 1 0 0 1
+2 1 1
+14 1
-15 1 0 1
+2 1 1 0 1 0 0 1
-1 1 0 1
+2 1 1
-1 1 0 1
+2 1 1
-1 1 0 1
+1 1 0 1
+2 1 0 1
+1 1 0 1
+1 1 0 1 1 0 0 1
+1 1 0 1
+35 2 0 0 0 0 0 0 0 0 1
-15 3 1
+8 2
+27 6 0 0 1 0 0 1
+9 2 0 0 0 0 0 0 0 0 1 1
+19 2 1
+8 6 0 1 1 0 0 1
cfi=(11)
cfn=(28)
calls=1 387 
* 23 4 1 0 1 0 0 1 0 3 1
* 1 1
+2 2 0 0 0 0 0 0 0 0 1 1
+3 4 0 1
cfi=(11)
cfn=(28)
calls=1 387 
* 23 4 1 0 1 0 0 1 0 3 1
* 1 1
+2 2 0 0 0 0 0 0 0 0 1 1
+3 4 0 1 1 0 0 1
cfi=(11)
cfn=(28)
calls=1 387 
* 23 4 1 0 1 0 0 1 0 3 1
* 1 1
+1 5 0 1 0 0 0 0 0 0 1
+16 2 0 1 1 0 0 1
-12 5 0 2
cfi=(11)
cfn=(28)
calls=1 387 
* 23 4 1 0 1 0 0 1 0 3 1
* 1 1
+1 3 1 0 0 0 0 0 0 0 1 1
+6 3 0 1
+3 1 0 0 1 0 0 1
-3 2 0 1
cfi=(11)
cfn=(28)
calls=1 387 
* 23 4 1 0 1 0 0 1 0 3 1
* 1 1
+3 5 1 1
-3 1 0 1
+3 5 1 4 1 0 0 1
cfi=(11)
cfn=(58)
calls=1 153 
* 62 9 6 5 0 0 5 0 0 9 4
+1 10 2 5 1 0 0 1
cfi=(11)
cfn=(58)
calls=1 153 
* 62 9 6 0 0 0 0 0 0 9 4
+1 11 2 5 1 0 0 1
cfi=(11)
cfn=(58)
calls=1 153 
* 62 9 6 0 0 0 0 0 0 9 1
+3 10 1 5
cfi=(11)
cfn=(58)
calls=1 153 
* 62 9 6 0 0 0 0 0 0 9
+2 10 1 5 1 0 0 1
cfi=(11)
cfn=(58)
calls=1 153 
* 62 9 6 0 0 0 0 0 0 9
+13 1 1
+2 1 1
fe=(16)
-23 1
fi=(20)
+21 1 1
+3 1 1 0 1 0 0 1
fe=(16)
-24 1
fi=(20)
+26 1 0 1
-5 1 1
+2 1 0 1
-2 1
+3 1 0 1
fe=(16)
-24 1
fi=(20)
+25 1 0 1
+3 1 0 1
-1 1 0 1 1 0 0 1
fe=(16)
-27 1 0 1
cfi=(11)
cfn=(28)
calls=1 387 
* 22 3 1 1 1 0 1 1 0 2 2
+3 4 0 1
cfi=(11)
cfn=(28)
calls=1 387 
* 24 4 1 0 1 0 0 1 0 3 2
+6 3 1 0 0 0 0 0 0 0 1 1
+54 1 1 0 1 0 0 1
-1 1 0 1
+1 1 0 0 0 0 0 0 0 0 1 1
+45 4 0 1
cfi=(11)
cfn=(28)
calls=1 387 
* 22 3 1 0 1 0 0 1 0 2 2
+2 4 0 1
cfi=(11)
cfn=(28)
calls=1 387 
* 22 3 1 0 1 0 0 1 0 2 2
+6 4 0 1
cfi=(11)
cfn=(28)
calls=1 387 
* 24 4 1 0 1 0 0 1 0 3 2
+7 8 7
fi=(20)
974 12 0 0 2 0 0 2
fe=(16)
+68 1 1
-1 2
+1 3 0 0 1 0 0 1 0 0 1 1
+44 3 1 0 0 0 0 0 0 0 1 1
+27 2 0 1
-10 2 0 0 1 0 0 1 0 0 1
+1 2 0 0 0 0 0 0 0 0 1
+2 3 0 0 0 0 0 0 0 0 1
+1 2 1 0 0 0 0 0 0 0 1
+2 3 0 0 0 0 0 0 0 0 1
+1 2
fi=(20)
811 2 0 1 1 0 0 1
cfn=(50) handle_intel.constprop.0
calls=1 255 
* 455 49 19 13 6 0 13 6 0 116 24
+1 1
-1 1 0 1
+1 1 0 1 1 0 0 1
cfn=(50)
calls=1 255 
* 503 49 19 0 0 0 0 0 0 128 24
+1 1
-1 1
+1 1 0 1
cfn=(50)
calls=1 255 
* 530 49 19 0 0 0 0 0 0 136 20
+4 1
-4 1 0 1
+1 2 0 2
+3 1 0 1
cfn=(50)
calls=1 255 
* 476 49 19 0 0 0 0 0 0 120 11
+2 1
-2 1 0 1
+2 1 0 1
cfn=(50)
calls=1 255 
* 468 49 19 1 0 0 1 0 0 122 9
+3 1
-3 1 0 1 1 0 0 1
+1 2 1 1
+2 1 0 1
cfn=(50)
calls=1 255 
* 446 49 19 0 0 0 0 0 0 117 11
+2 1
-2 1 0 1
+2 1 0 1
cfn=(50)
calls=1 255 
* 447 49 19 0 0 0 0 0 0 118 9
+3 1
-2 1 0 1
-1 1 0 1
+3 1 0 1
cfn=(50)
calls=1 255 
* 494 49 19 0 0 0 0 0 0 129 15
+2 1 0 0 1 0 0 1
-2 1 0 1
+2 1 0 1
cfn=(50)
calls=1 255 
* 495 49 19 0 0 0 0 0 0 130 9
+1 1 1
+2 1
-3 1 0 1
+1 1 0 1
+2 1 0 1
cfn=(50)
calls=1 255 
* 521 49 19 0 0 0 0 0 0 137 12
+2 1
-2 1 0 1
+2 1 0 1
cfn=(50)
calls=1 255 
* 522 49 19 0 0 0 0 0 0 138 10
+2 1 0 0 1 0 0 1
-2 1
+2 1 0 1
cfn=(50)
calls=1 255 
* 523 49 19 0 0 0 0 0 0 137 18
+2 4 1
-2 1 0 1
+2 1 0 1
cfn=(56) get_common_cache_info.constprop.0
calls=1 571 
* 223 25 21 14 0 0 14 0 0 40 13
+93 1 1
-6 3 3 0 1 0 0 1
+6 1
-6 2 1 1
+6 2
-6 2 1 1
+6 2 1
-1 2
fe=(16)
708 6 0 1 2 0 0 2
cfn=(38) get_common_indices.constprop.0
calls=1 398 
* 74 10 23 6 0 3 6 0 3 8 1
376 3
+1 2 0 0 0 0 0 0 0 0 1
+1 6 0 4
+5 2 0 0 1 0 0 1 0 0 1 1
713 1 0 1
cfn=(42)
calls=1 72 
* 222 39 42 21 1 2 21 1 2 27 13
+2 1 1
+2 1 1
1015 1 1
715 2 0 0 0 0 0 0 0 0 1 1
878 2 1 0 1 0 0 1 0 0 1
+7 2 1 0 0 0 0 0 0 0 1
+2 2 0 1
+4 2 0 0 0 0 0 0 0 0 1
+6 2 1 0 0 0 0 0 0 0 1 1
+2 1 0 0 1 0 0 1
706 2 0 1
-3 1
384 6 0 4 1 0 0 1
+5 2 0 0 0 0 0 0 0 0 1
+1 7 0 4 1 0 0 1
717 1 1 0 1 0 0 1
fi=(20)
987 1 1
-48 1 1
fe=(16)
717 1
fi=(20)
987 2 0 1
fe=(16)
717 6 1 1 1 1 0 1 1 0 1
+4 7 1 0 0 1 0 0 1 0 1 0 1 1
+78 1 0 1 1 0 0 1
-25 3 2 0 0 0 0 0 0 0 1 1
+92 2 0 0 0 0 0 0 0 0 1
+3 2 0 1
fi=(20)
+38 1 1
fe=(16)
-37 1 0 0 1 0 0 1
-89 2 0 1 1 0 0 1
+51 2 0 0 0 0 0 0 0 0 1 1

fn=(38)
398 3 0 2 1 0 0 1
+4 4 0 0 0 0 0 0 0 0 1
+3 3 0 1
+5 2
-5 1 0 1
+5 1
-5 1 0 1
+4 1 0 1
+1 1 0 1
+1 4 0 1 1 0 0 1
+1 4 0 1
+1 3 0 1
+1 2 1 0 0 0 0 0 0 0 1
+7 2 1 0 0 0 0 0 0 0 1
+2 5
+5 1 0 0 1 0 0 1
-5 1 0 1 0 0 1 0 0 1
+5 1
-5 1 0 1
+5 1
-5 2 0 2
+5 1
+7 1 1
-7 4 0 4 1 0 1 1 0 1
+7 1 0 0 0 0 0 0 0 0 1
+1 3
+6 1 1
-6 4 0 4 0 0 1 0 0 1
+6 1 0 0 0 0 0 0 0 0 1 1
fi=(17) ./elf/../sysdeps/unix/sysv/linux/x86/dl-minsigstacksize.h
24 2 1 0 2 0 0 2 0 0 1
+3 2 1 0 0 0 0 0 0 0 1
+1 2 1 0 0 0 0 0 0 0 1
+37 3
+7 1
+2 1 0 1
fe=(16)
457 3 3

fl=(14)
fn=(30)
36 1 0 0 1 0 0 1
fi=(258) ./elf/../sysdeps/unix/sysv/linux/brk_call.h
-12 2
fe=(14)
+13 1 0 1 0 0 1 0 0 1
+1 2 0 0 0 0 0 0 0 0 1
+6 1
+1 1 1

fl=(43)
fn=(130)
132 12 0 0 1 0 0 1
+1 60
+5 12
+1 12 0 0 0 0 0 0 0 0 12 7
+3 5
+1 5 0 0 0 0 0 0 0 0 5 2
+2 1 0 1 0 0 1 0 0 1
+1 1 0 1
+1 1 1 0 1
+97 4 0 4 1 0 3 1 0 3
+1 4 0 4
+12 4
+3 4
+1 4 0 0 0 0 0 0 0 0 4
+12 4 0 4 0 0 2 0 0 2
+1 4 0 4 0 0 2 0 0 2
+13 4
+1 4
+2 4 0 0 0 0 0 0 0 0 4 1
+3 3
+3 6
+3 3 0 3
+1 3 0 3
+1 3 0 3 0 0 1 0 0 1
+1 3 0 3 0 0 1 0 0 1
+1 3
+1 3
+1 3 0 0 0 0 0 0 0 0 3 2
-6 90 0 90 0 0 34 0 0 34
+1 90 0 90
+1 90 0 90 0 0 51 0 0 51
+1 90 0 90 0 0 5 0 0 5
+1 90
+1 90
+1 90 0 0 0 0 0 0 0 0 90 16
+3 4 0 4 0 0 1 0 0 1
+1 4 0 4
+1 4 0 4
+1 4 0 4
+5 4 4
+34 7 0 0 1 0 0 1
+2 7
+1 7 0 0 0 0 0 0 0 0 7 6
+39 7 0 7 1 0 2 1 0 2
+1 7 0 7 0 0 1 0 0 1
+2 7 7

fl=(78)
fn=(270)
772 11298 0 7532 1 0 3 1
+3 1883
-3 5649 0 3766 0 0 2
+3 1883
-3 7532 0 5649 1 0 9 1 0 1
fi=(79) ./elf/../sysdeps/generic/dl-new-hash.h
74 1883 1883 0 0 953 0 0 772
+3 3766 0 0 0 0 0 0 0 0 1883 2
-8 1883
+1 3766
+10 1883 1883 0 0 18 0 0 17
+1 3766 0 0 0 0 0 0 0 0 1883 3
-1 37978 37978 0 0 464 0 0 403
+1 75956 0 0 0 0 0 0 0 0 37978 935
+20 38922
-2 38922
+6 38922
-3 77844
+2 38922 0 0 1 0 0 1
-30 38922 38922 0 0 486 0 0 446
+3 77844 0 0 0 0 0 0 0 0 38922 965
fe=(78)
774 1883
+1 1883
+3 1883 0 1883 0 0 4
-4 1883 0 1883
+1 1883 0 1883
+7 7494 1864 0 0 0 0 0 0 0 3747 25
+5 1883 1883
-2 1883 1883
+2 1883 1883 0 0 6
-2 1883 0 0 1 0 0 1 0 0 1883
+6 26442 16 5649 0 0 0 0 0 0 1899 2
+1 26362 13181 13181 1 0 9 1 0 2
cfn=(274) do_lookup_x
calls=1883 347 
* 670565 225121 79805 86 4527 85 61 1162 41 94473 5636 252 77
* 5649 0 0 1 0 0 1 0 0 1883 4
+28 1883 1883
-23 5649 3766
+23 1883
-23 3766 0 0 0 0 0 0 0 0 1883 2
+24 11186 1863 0 0 0 0 0 0 0 3730 641
+7 1867 1867
-7 1867
+35 7468 1867 0 1 0 0 1 0 0 1867
+34 7468 1867
-20 5601 1867 0 0 14 0 0 1 0 1867 1
+3 3734 1867 0 0 0 0 0 0 0 1867
-57 1883 0 1883
+76 16947 13181 0 1 0 0 1
fi=(79)
87 939 0 0 1 0 0 1
+1 939
+1 1878
+1 939
fe=(78)
871 2 0 1 1 0 0 1
-72 96 16 0 1 0 0 1 0 0 32 2
+18 48 0 0 1 0 0 1
+11 64 0 0 1 0 0 1

fn=(276) check_match
70 28095 3746 11238 1 78 11 1 43 1
+3 11228 3746 0 1 236 0 1 180 0 1873 7
+13 1868
-13 1868
+13 1868
-13 1868
+13 5604 0 0 0 0 0 0 0 0 1868
+3 4072 168 84 0 0 1 0 0 0 1868 47
cfi=(32)
cfn=(94)
calls=84 +9 
* 4775 748 0 33 92 0 13 46 0 525 155 59 55
* 168 0 0 0 0 0 0 0 0 84 2
+4 1868 1868 0 1 11 0 1
+1 3736 0 0 0 0 0 0 0 0 1868 3
+2 3730 0 0 0 0 0 0 0 0 1865 3
+19 3730 3730 0 0 53 0 0 12
+1 14920 5595 0 1 26 0 1 0 0 1865 11
+2 2 1 0 0 0 0 0 0 0 1 1
+43 1866
+1 14984 13111
-18 6 0 0 0 0 0 0 0 0 3
+2 6 6 0 0 3 0 0 1
+1 3
-1 6
+1 9
-1 6 0 0 0 0 0 0 0 0 3 2
+4 2 0 0 0 0 0 0 0 0 1
+1 7 3 1 0 0 0 0 0 0 1
+2 3 1 1
-75 4
+39 5592 3728 1864 2 10 2 2 0 1
cfi=(32)
cfn=(94)
calls=1864 -19 
* 49071 13083 0 8 97 0 5 9 0 5821 148 21 17
* 3728 0 0 0 0 0 0 0 0 1864 13
-44 20 0 0 0 0 0 0 0 0 10
+5 10

fn=(274)
347 16947 0 13181 2 0 6 2 0 1
+1 1883 1883 0 0 4
-1 7532 3766 3766 0 0 6 0 0 1
+6 1883
-6 1883 0 1883
+65 1883
-58 1883 1883
+11 1883 1883
+50 1883 0 1883
-3 3766 0 1883
+3 3766
-50 1883
+50 7532 1883 1883 1 0 0 1
-19 18030 6010 0 0 24 0 0 0 0 6010
+8 6010 6010 0 0 31 0 0 2
-4 6010 0 6010
+1 6010 0 6010
+3 24040 12020 0 0 34 0 0 0 0 6010 6
+1 12020 12020 0 1 12 0 1
+3 6010 6010
-3 6010
+4 12020 0 0 0 0 0 0 0 0 6010
+4 12020 12020
-2 6010 6010 0 0 865 0 0 136
+5 24040 12020
+3 42070 6010 0 0 0 0 0 0 0 6010 1938
+99 12435 0 0 0 0 0 0 0 0 4145 16
358 12024 12024 0 1 24 0 1 1
+3 12024 0 0 0 0 0 0 0 0 6012
+4 12040 8 0 0 0 0 0 0 0 6020 341
+21 12020 6010 0 1 20 0 1 0 0 6010 19
+4 12020 6010 0 0 2 0 0 0 0 6010 20
+71 14928 11196 0 1 0 0 1
fi=(4)
139 3732 1866
+1 5598
fe=(78)
476 3732 0 0 1 0 0 1 0 0 1866
fi=(4)
139 2 1
+1 3
fe=(78)
476 2 0 0 0 0 0 0 0 0 1
fi=(80) ./elf/../sysdeps/generic/dl-protected.h
29 7468 0 0 0 0 0 0 0 0 3734
fe=(78)
483 9876 1867 0 0 0 0 0 0 0 3071 375
+16 3570 1785 1785
+1 1785 0 1785
+22 1785
-21 1785
+21 12577 12495
-21 82
+21 574 574
-99 5733 1911 0 1 0 0 1
-1 3822 3822 0 0 1111 0 0 185
+2 3822 0 0 0 0 0 0 0 0 1911 7
+2 1904 1904
+6 7616 1904 3808 1 0 0 1
-6 1904
+6 13328 0 9520 0 0 4
+7 8676 0 0 0 0 0 0 0 0 2892 35
-10 23790 4758 0 1 1660 0 1 471 0 4758 2117
+2 1873
+1 5619 1873
-1 1873 1873
+1 3746 3746 1873 0 0 3 0 0 1
-1 1873
+1 1873 0 1873
+1 1873
-1 1873 0 1873
+1 1873
-1 13111 5619 5619 1 0 8 1 0 1
cfn=(276)
calls=1873 70 
* 164723 49534 13188 47 606 14 24 291 2 19520 392 80 72
+4 5619 0 0 0 0 0 0 0 0 1873 13
+3 14 7
+31 305 267 0 2 0 0 2 0 0 38 4
+2 2 0 0 0 0 0 0 0 0 1 1
+50 16
-1 16
+1 112 112 0 1 0 0 1
222 82 82
+2 82
-2 246 82 164
+2 82
-2 82 0 82
+2 82
-2 82 0 82 1 0 0 1
+2 246 0 82
+2 82
-2 246 82 164 0 2 0 0 0 0 0 0 82 1
cfi=(24)
cfn=(86)
calls=82 42 
* 246 82
+2 82 82 0 0 2 0 0 1
+2 82 82
-1 82 82
+1 246 82 0 0 0 0 0 0 0 82 1
+2 162 0 0 1 0 0 1
+1 81
-1 567 0 324
+1 81
-1 162
+1 162
-1 162 0 81
+1 162 0 0 1 0 0 1
-1 1640 127
+24 352 0 0 0 0 0 0 0 0 176 84
+3 95
+1 285 0 0 0 0 0 0 0 0 95 44
-23 176 176 0 1 66 0 1 25
-1 352 176 0 0 0 0 0 0 0 176 22
487 3672 1224 0 1 2 0 1 0 0 1224 4
+4 1 0 1 1 0 0 1
fi=(28)
44 4 1 2 0 0 0 0 0 0 0 0 1 1
cfi=(27)
cfn=(74)
calls=1 +36 
* 41 8 7 0 1 0 0 0 0 4 1 1
* 1
fe=(78)
302 2 0 0 1 0 0 1 0 0 1
-72 1
+70 2 2
+5 1 0 1
+2 1 1
-7 1
+6 1 0 1
+1 1 0 1
170 12 0 0 1 0 0 1
+1 9 0 0 1 0 0 1
311 6 2
-1 2 0 0 0 0 0 0 0 0 1 1
+1 486 162
-1 162 0 0 0 0 0 0 0 0 81 12
+19 246 164 82 1 0 0 1
+2 82 82
-2 328 0 82
+2 82 82 82 0 0 0 0 0 0 0 0 82 1
cfi=(24)
cfn=(86)
calls=82 42 
* 246 82
+2 164 164
+1 82 0 82
-1 82 0 82
+1 82
176 518 0 0 1 0 0 1
-2 84
+1 252 0 0 0 0 0 0 0 0 84 36
-3 332 166 0 1 1 0 1 1 0 166 55
+7 82 0 82
+1 82 0 82
+1 82 0 82 0 0 20 0 0 11
+1 82 0 82
318 328 82 0 0 0 0 0 0 0 82 12
-56 1377 648 0 2 0 0 2 0 0 81 14
+7 10 0 8 1 0 0 1
cfi=(52)
cfn=(524)
calls=2 87 
* 159 14 0 2 4 0 1 2 0 22 14
fi=(28)
44 2
fe=(78)
269 2
fi=(28)
44 4 2 2 0 0 0 0 0 0 0 0 2 1
cfi=(27)
cfn=(74)
calls=2 +36 
* 82 16 14 0 1 0 0 0 0 8 1 2
* 2 0 2
fe=(78)
272 4 0 0 0 0 0 0 0 0 2
171 4 2
279 2 2
171 4 0 2
279 296 4 2 1 0 0 1 0 0 94 3
+1 276 92 0 0 4 0 0 1 0 92 28
+1 140 70 0 1 0 0 1
170 70
281 140 140 0 0 5
170 70
281 70
170 70
+1 70
-1 70
+1 210 70
+1 440
+2 14
+1 42 0 0 0 0 0 0 0 0 14 5
-3 168 84 0 0 46 0 0 46 0 84 15
+7 70 0 70
+3 70 0 70 0 0 24 0 0 24
-2 70 0 70
+3 70
+76 322 0 0 1 0 0 1
-83 12 2 0 1 0 0 1
285 10 4 4 1 0 0 1
+2 2
-2 10 2 2 0 0 0 0 0 0 0 0 2 1
cfi=(27)
cfn=(138)
calls=2 97 
* 10 4 0 1 0 0 0 0 0 2
170 2
288 2 2
-2 2 0 2
+3 4 4
-1 2 0 2 1 0 0 1
+1 4 2 2
170 4 2
+1 2 2
-1 2
+1 8 2

fl=(53)
fn=(172)
28 72 0 36 1 0 0 1
+3 36
-3 72 0 36 0 0 1 0 0 1
+3 216 0 0 0 0 0 0 0 0 72
+8 252 0 0 0 0 0 0 0 0 36 4
+2 12 12
-2 90 0 30 1 0 0 1
+2 60 60

fl=(29)
fn=(82)
210 35 0 0 2 0 0 1
+1 35
+6 35
+1 35 0 0 0 0 0 0 0 0 35 9
+2 26 26 0 0 1
+1 26
+1 26 0 0 0 0 0 0 0 0 26 15
+2 13 13
+1 13 0 13 0 0 1 0 0 1
+1 13 0 13 0 0 2 0 0 2
+2 13 13
+80 9 0 0 1 0 0 1
+1 9 0 0 0 0 0 0 0 0 9 4
+2 2
+4 2 0 0 0 0 0 0 0 0 2
+1 2
+1 2 0 0 0 0 0 0 0 0 2 1
+1 2 2 0 0 2 0 0 2
+1 2 0 0 0 0 0 0 0 0 2 2
+4 2 0 2 0 0 1 0 0 1
+2 2 2
+39 7 7
+1 7 7
+1 7 0 7 0 0 5 0 0 5
+1 7 0 7 0 0 1 0 0 1
+1 7 7
+7 13 13
+1 13 13
+1 13 0 13 0 0 3 0 0 3
+1 13 0 13
+1 13 0 13 0 0 4 0 0 4
+1 13 0 13
+1 13 13
+11 13 0 0 1
+1 13 0 0 0 0 0 0 0 0 13
+2 13 13
+1 13 0 0 2 0 0 1
+1 13 0 0 0 0 0 0 0 0 13 10

fn=(126)
197 90
+1 90
+1 90
+1 90
+17 90
+1 90 0 0 0 0 0 0 0 0 90 36
+2 30 30 0 0 1
+1 30
+1 30 0 0 0 0 0 0 0 0 30 5
+2 27 27
+1 27 0 27 0 0 3 0 0 3
+1 27 0 27
+2 27 27
+80 60 0 0 1
+1 60 0 0 0 0 0 0 0 0 60 11
+2 23
+4 23 0 0 0 0 0 0 0 0 23
+1 23
+1 23 0 0 0 0 0 0 0 0 23 13
+8 23 23
+39 37 37 0 1 0 0 1
+1 37 37
+1 37 0 37 0 0 1 0 0 1
+1 37 0 37
+1 37 37
+7 3 3
+1 3 3
+1 3 0 3 0 0 1 0 0 1
+1 3 0 3 0 0 1 0 0 1
+1 3 0 3 0 0 1 0 0 1
+1 3 0 3
+1 3 3
+11 3
+1 3 0 0 0 0 0 0 0 0 3
+2 3 3
+1 3
+1 3 0 0 0 0 0 0 0 0 3 1

fl=(13)
fn=(26)
289 2 0 1 1 0 0 1
+1 2
-1 2 0 0 1 0 0 1
+1 2 0 1
cfi=(11)
cfn=(28)
calls=1 +97 
* 24 4 1 2 1 0 2 1 0 3 2
+2 3 1
-1 1 0 1
+2 2 2

fn=(234) dfs_traversal.part.0
135 108 0 60 2 0 0 1
+10 12 12 0 0 3
-2 12 0 12
+2 24 0 0 0 0 0 0 0 0 12 3
+2 36 9 0 0 5 0 0 0 0 9
-7 62 31 0 0 0 0 0 0 0 31 4
+7 116 29 0 0 1 0 0 0 0 29 16
+9 24 0 0 2 0 0 1 0 0 12 5
+15 36 12 12
+1 12 0 12
+1 78 72 2 1 0 0 1
cfn=(235) dfs_traversal.part.0'2
calls=2 -38 
* 85 27 16 0 1 0 0 0 0 15 4
-26 10 4 0 0 0 0 0 0 0 2 2
+9 18 6 0 1 0 0 0 0 0 6 5

fn=(235)
135 18 0 10
+10 2 2
-2 2 0 2
+2 4 0 0 0 0 0 0 0 0 2
+2 8 2 0 0 1 0 0 0 0 2
-7 8 4 0 0 0 0 0 0 0 4
+7 16 4 0 0 0 0 0 0 0 4 2
+9 4 0 0 0 0 0 0 0 0 2 2
+15 6 2 2
+1 2 0 2
+1 12 12
-17 3 1 0 0 0 0 0 0 0 1

fn=(232)
298 24 0 12 1
+8 2 2 0 2 2 0 1
-8 2 0 2
+8 4 0 0 0 0 0 0 0 0 2 2
+4 16 14 0 4 0 0 2
-99 2 0 0 2 0 0 1
-28 2
-2 2 0 2
+1 4 2
+29 2
-28 8 0 0 0 0 0 0 0 0 2
+1 2 2 0 2 0 0 1
-1 2
+1 2 0 2
-1 4 0 0 0 0 0 0 0 0 2 2
+1 12 12
-1 12
+1 12 0 12
-1 24 0 0 0 0 0 0 0 0 12 10
+28 30 0 2 2 0 0 1 0 0 4 2
+8 6
-3 2
+2 2 0 2
+1 4
-3 2 0 2
+5 44 0 0 2 0 0 1 0 0 12
+2 14 14
-83 64 14 12 0 0 0 0 0 0 14 2
cfn=(234)
calls=12 -5 
* 633 202 114 6 10 0 3 0 0 116 39
+86 40 12 0 0 0 0 0 0 0 14 12
+18 8 2 0 2 0 0 1 0 0 2 2
+32 8 2 0 2 0 0 1 0 0 4 2
+7 2 2 0 2 0 0 1
+27 2
-47 6 0 2 2 0 0 1
cfi=(29)
cfn=(82)
calls=2 -53 
* 38 10 8 3 0 0 0 0 0 8 5
* 2

fl=(20)
fn=(52) intel_check_word.constprop.0
123 48 0 0 1 0 0 1 0 0 24
-4 72 0 24
+10 24 0 0 1 0 0 1
-10 96 0 48
+10 48
-10 24 0 24
+10 24
-10 24
+10 24
+2 48 0 0 0 0 0 0 0 0 24
+71 48 24
fi=(21) ./elf/../bits/stdlib-bsearch.h
32 24
fe=(20)
202 120 24 0 1 0 0 1
-71 96 0 0 0 0 0 0 0 0 48 2
+2 60
+2 120 0 0 0 0 0 0 0 0 60
+8 120 0 0 1 0 0 1 0 0 60 2
+51 96 0 0 0 0 0 0 0 0 48 6
+22 48
fi=(21)
28 48
-1 96
+2 216 0 0 0 0 0 0 0 0 108 14
+2 168
+1 84
fe=(20)
+78 168 84 0 1 2 0 1 2 0 84
+3 324 0 0 0 0 0 0 0 0 324 41
fi=(21)
-78 264
-6 528 0 0 0 0 0 0 0 0 264 24
+2 480
+1 240
fe=(20)
+78 480 240 0 0 4 0 0 4 0 240 5
+15 12
246 144 120
fi=(21)
37 120 0 0 1 0 0 1
fe=(20)
155 36
+3 36 0 0 0 0 0 0 0 0 12
-6 12
+3 39 0 0 1 0 0 1 0 0 12 5
+9 18 0 0 0 0 0 0 0 0 9
+23 21
-32 63
+3 63 0 0 0 0 0 0 0 0 21 1
+4 58
+2 116 0 0 0 0 0 0 0 0 29 2
+3 84 0 0 0 0 0 0 0 0 22 13
+1 48 0 0 0 0 0 0 0 0 24 9
+1 48 0 0 0 0 0 0 0 0 24 8
+1 30 0 0 0 0 0 0 0 0 15 9
+2 11 0 0 1 0 0 1
+2 22 0 0 0 0 0 0 0 0 11 4
+6 14 0 0 1 0 0 1 0 0 7 3
+3 8 0 0 0 0 0 0 0 0 4
+1 12
-20 15 0 0 1 0 0 1 0 0 6 2
+12 4
+2 4
+1 4
-2 4
-1 4
+2 8
-2 4 0 0 1 0 0 1
+3 4
-2 12
+2 12
+11 2
-9 12

fn=(56)
571 11 0 6 1 0 0 1
+17 1 1
+1 1 1 0 1 0 0 1
+9 1 1
-12 1 1
+2 1 0 1
+2 1 1
+8 1 0 1
-11 1 1
+3 1 0 1
+11 2 0 0 0 0 0 0 0 0 1
-5 3 0 1
+17 1
+5 3 1 0 1 0 0 1 0 0 1
+4 2 0 0 0 0 0 0 0 0 1 1
770 5 1 0 0 0 0 0 0 0 2
+1 5 0 1
+4 2 1 0 1 0 0 1 0 0 1 1
+8 1 1
-1 1 0 1
+1 1 0 1
+1 1 0 1
+1 7 7
627 5 1 0 1 0 0 1 0 0 1 1
+3 6 0 3 0 0 0 0 0 0 1 1
-32 5 2 1 1 0 0 1
+75 4 0 0 0 0 0 0 0 0 2
+8 5
+2 2 0 0 0 0 0 0 0 0 1
-2 1
+6 3 0 0 1 0 0 1
+3 1
+1 5 1 0 0 0 0 0 0 0 2
-4 4 0 0 0 0 0 0 0 0 1
+21 2 0 0 0 0 0 0 0 0 1 1
-21 4
+2 1
+2 4 0 0 0 0 0 0 0 0 2
-4 1
+6 4 0 0 1 0 0 1 0 0 2 1
+3 2 0 0 0 0 0 0 0 0 1
+5 1
+2 2 0 0 1 0 0 1
+1 1
+1 1
-2 2
+1 1
-19 4 0 0 0 0 0 0 0 0 2 1
+46 2 0 0 0 0 0 0 0 0 1
+1 1
+1 2 0 0 0 0 0 0 0 0 1
+1 1
+25 3
630 3 0 2 1 0 0 1
+10 6 0 0 0 0 0 0 0 0 3 2
+14 2 0 0 0 0 0 0 0 0 1
+4 1
+3 1
+1 1
-4 2
+3 3 0 1
+6 4 0 0 0 0 0 0 0 0 2 1
-37 12
+7 6 0 0 0 0 0 0 0 0 3
-7 3 0 0 1 0 0 1
+7 2 0 0 0 0 0 0 0 0 1
+3 20 0 0 0 0 0 0 0 0 4 3
+5 2 0 0 1 0 0 1 0 0 1
+4 1
+1 1
-1 2
+1 1
+61 2 0 0 1 0 0 1 0 0 1
+7 1
+2 2
-16 1
+22 1
-6 2
+1 1
+5 1
-30 5 4 0 1 0 0 1

fn=(50)
255 24 12 0 1 0 0 1 0 0 12
-5 12 0 12
+17 12
-17 96 0 60
+11 12 0 12
+1 12 0 12
+5 36 0 12
+4 24 0 0 0 0 0 0 0 0 12 10
+34 96 84
-29 12 0 0 1 0 0 1
+3 24
-3 12
+3 36 0 12
cfn=(52)
calls=12 123 
* 4092 408 48 6 6 0 6 6 0 1236 92
+2 24 0 0 0 0 0 0 0 0 12
+3 60 0 12 1 0 0 1
cfn=(52)
calls=12 123 
* 1272 84 48 5 0 0 5 0 0 244 58
+2 24 0 0 0 0 0 0 0 0 12 12

fl=(169)
fn=(552)
27 1 0 0 1 0 0 1
+2 2 0 0 0 0 0 0 0 0 1
-2 1 0 1
+6 3
-6 3 0 1
+6 1
-6 2 0 1
+6 1 0 1
cfi=(168)
cfn=(548)
calls=1 +41 
* 225 50 14 0 10 0 0 5 0 24 4 2 2
+4 2 0 0 0 0 0 0 0 0 1
+2 3 2 0 1 0 0 1 0 0 1
+2 1 1
-1 1
-1 1 1
+2 2 2
-1 1 0 0 0 0 0 0 0 0 0 0 1 1
cob=(2)
cfi=(170) ./elf/./elf/libc_early_init.c
cfn=(554) __libc_early_init
calls=1 -7 
* 353 75 38 15 23 5 15 7 4 30 12 8 1

fl=(177)
fn=(586) call_init.part.0
26 84 0 42 4 0 1 2
+17 7 7
+3 7 7 0 0 1
-3 14 0 7
+3 14 7 0 0 6 0 0 0 0 7 1
+5 12 6 0 0 0 0 0 0 0 6
+8 18 6 0 1 4 0 1 0 0 6 2
+1 24 8 4 0 4 0 0 0 0 0 0 4 4
cob=(4)
cfi=(175)
cfn=(630) 0x00000000048fd000
calls=1 -60 
* 7 2 0 1 1 0 1 0 0 1
cob=(4)
cfi=(175)
cfn=(618) 0x0000000004ae2000
calls=1 -60 
* 7 2 0 1 1 0 1 0 0 1 1
cob=(4)
cfi=(175)
cfn=(608) 0x0000000004d2e000
calls=1 -60 
* 7 2 0 1 1 0 1 0 0 1 1
cob=(4)
cfi=(175)
cfn=(588) 0x000000000483d000
calls=1 -60 
* 7 2 0 1 0 0 1 0 0 1
+3 6 6 0 0 5
+1 12 0 0 0 0 0 0 0 0 6 1
+6 10 10 0 0 4
+2 10 10
-2 5
+3 48 0 0 1 0 0 1 0 0 5
+1 72 18 18 0 3 0 0 0 0 0 0 18 18
cob=(7)
cfi=(185)
cfn=(1302) 0x00000000000b7a10
calls=1 -74 
* 83 17 18 0 0 0 0 0 0 10 0 1
cob=(7)
cfi=(185)
cfn=(1296) 0x00000000000b79b0
calls=1 -74 
* 255 53 58 2 0 2 2 0 2 30 0 3
cob=(7)
cfi=(185)
cfn=(1270) 0x00000000000b78f0
calls=1 -74 
* 50 25 12 3 5 0 3 1 0 12 1
cob=(7)
cfi=(185)
cfn=(1244) 0x00000000000b7830
calls=1 -74 
* 50 25 12 3 10 0 3 1 0 12
cob=(7)
cfi=(185)
cfn=(1226) 0x00000000000b77b0
calls=1 -74 
* 34 17 8 2 5 0 2 1 0 8
cob=(7)
cfi=(185)
cfn=(1208) 0x00000000000b7730
calls=1 -74 
* 34 17 8 2 5 0 2 1 0 8 1
cob=(7)
cfi=(185)
cfn=(1204) 0x00000000000b76e0
calls=1 -74 
* 173 36 39 1 0 1 1 0 1 20 3 2
cob=(7)
cfi=(185)
cfn=(1202) 0x00000000000b76c0
calls=1 -74 
* 83 17 18 1 0 0 1 0 0 10 2 1
cob=(7)
cfi=(185)
cfn=(1200) 0x00000000000b76a0
calls=1 -74 
* 83 17 18 0 0 1 0 0 1 10 2 1
cob=(7)
cfi=(185)
cfn=(1198) 0x00000000000b7530
calls=1 -74 
* 48 11 28 6 4 6 6 4 6
cob=(7)
cfi=(185)
cfn=(1172) 0x00000000000b7400
calls=1 -74 
* 78 7 36 4 1 4 3 0 0 26 17
cob=(7)
cfi=(185)
cfn=(1116) 0x00000000000b71e0
calls=1 -74 
* 4635 1068 642 96 136 48 85 54 45 831 132 33 10
cob=(7)
cfi=(185)
cfn=(1106) 0x00000000000b71c0
calls=1 -74 
* 758 254 132 4 6 0 3 0 0 98 6 3 2
cob=(7)
cfi=(185)
cfn=(1104) 0x00000000000b71b0
calls=1 -74 
* 3 1 1 0 0 1
cob=(7)
cfi=(185)
cfn=(1090) 0x00000000000b7120
calls=1 -74 
* 948 293 177 5 10 2 4 2 1 117 11 6 4
cob=(7)
cfi=(185)
cfn=(1084) 0x00000000000b7ae0
calls=1 -74 
* 12 1 0 3 0 0 3 0 0 1 1
cob=(6)
cfi=(184)
cfn=(624) 0x0000000000005b10
calls=1 -74 
* 12 1 0 3 0 0 3 0 0 1 1
cob=(2)
cfi=(182) ./libio/./libio/vtables.c
cfn=(606) check_stdfiles_vtables
calls=1 545 
* 12 7 0 2 4 0 2 0 0 3 2
* 20 5 5 0 3 0 0 0 0 0 0 5 5
cob=(7)
cfi=(185)
cfn=(634) 0x00000000000b74f0
calls=1 -74 
* 85192 25529 12133 430 585 166 420 120 125 13227 695 1012 164
cob=(6)
cfi=(184)
cfn=(622) __cpu_indicator_init
calls=1 -74 
* 364 17 45 40 2 0 40 1 0 105 30
cob=(3)
cfi=(183)
cfn=(612) 0x00000000000104e0
calls=1 -74 
* 12 1 0 3 0 0 3 0 0 1 1
cob=(2)
cfi=(179) ./csu/./csu/init-first.c
cfn=(598) _init_first
calls=1 -28 
* 72 19 11 7 5 3 7 2 1 7 2 1 1
cob=(5)
cfi=(178)
cfn=(592) 0x0000000000001110
calls=1 -74 
* 12 1 0 3 0 0 3 0 0 1 1
-1 69 0 0 1 0 0 0 0 0 23 12
+3 56 49 0 0 1
-29 2 0 0 1 0 0 1 0 0 1 1

fn=(584)
81 13 0 6 1 0 0 1
+1 1 1 0 0 1
+1 1 1
+3 3 1 0 0 0 0 0 0 0 1 1
+8 2 0 0 1 0 0 1 0 0 1 1
+25 1 1
+1 8 0 0 0 0 0 0 0 0 2
+1 14 14 0 1 3
-92 14 7 0 0 0 0 0 0 0 7
+6 21 7 0 1 0 0 1 0 0 7 7
+2 32 0 0 0 0 0 0 0 0 7 1
+83 12 0 6
cfn=(586)
calls=6 -94 
* 93444 27558 13463 624 807 234 597 187 182 14588 926 1088 206
* 12 0 0 1 0 0 0 0 0 6 4
+7 8 7 0 0 1
-98 2 1 0 1 0 0 1 0 0 1 1
+60 2 0 1
-54 3 1 0 0 0 0 0 0 0 1 1
+2 7 0 2 1 0 1 1 0 0 1
cfn=(586)
calls=1 -11 
* 77 23 9 8 5 1 8 0 0 8 1 2 2
* 2 1

fl=(76)
fn=(260)
361 8 0 4 1 0 0 1
-76 1 1
-10 2 0 0 0 0 0 0 0 0 1
+2 2 1
-1 1 0 1
+6 1 1
+3 1 0 1
+8 1 0 0 1 0 0 1
-11 1
+1 1
-1 1
+1 1
-1 1 0 1
+1 1 0 1
+10 4 1 0 0 0 0 0 0 0 2
+3 1 0 1
+4 2 0 0 0 0 0 0 0 0 1
+2 2
-1 1 0 1
+2 2 0 0 1 0 0 1 0 0 1
+2 2
-1 2 0 1
+4 1 0 1
+2 1 0 1
+3 2 0 0 0 0 0 0 0 0 1
145 2 1 0 0 1 0 0 0 0 1
+12 2 1 0 0 0 0 0 0 0 1 1
+16 1 0 0 1 0 0 1
+6 1 0 1
363 6 5

fn=(580)
331 1 0 0 1 0 0 1
+3 2 0 0 0 0 0 0 0 0 1
+16 1 1

fl=(64)
fn=(202)
143 4 0 1 1 0 0 1
+1 2
-1 1
+1 1
-1 2 0 2
+1 1
-1 1 0 1
+1 1
-1 4 0 3 0 0 1 0 0 1
+1 3 0 0 1 0 0 1
-1 1 0 1
+1 7 0 0 0 0 0 0 0 0 2 2
-8 1 1 0 1 0 0 1
+8 2
-8 1
-6 1
-2 1 0 1 0 0 1 0 0 1
+16 1
-8 1
-7 1 0 1
+1 1 0 1
+6 1 0 1
+24 4 0 0 1 0 0 1 0 0 1
-28 3 0 1
-2 1
+31 1 1
-33 2 0 1
+2 2
+30 2
-30 1
-1 4 0 1 1 0 0 1
+7 4 1 1
+24 3 0 0 0 0 0 0 0 0 1
+28 3 1 1
-6 1 1
+46 1
fi=(72) ./elf/../include/scratch_buffer.h
77 1
fe=(64)
+87 1 0 1 1 0 0 1
fi=(72)
-87 1 0 1 0 0 1 0 0 1
+1 1 0 1
fe=(64)
184 1 0 1
+44 4 0 4
-31 1 1 0 1 0 0 1
-4 1 0 1
+4 8 6 0 0 2 0 0 0 0 1 1
-4 6 0 6
+4 12 0 0 0 0 0 0 0 0 6 5
+11 18 9 0 0 2 0 0 1 0 9 3
-18 2
+18 4 2 0 0 0 0 0 0 0 2 1
417 14 0 0 1 0 0 1 0 0 7 2
+2 5
+3 5
-3 15 0 10
+3 5
-3 5 0 5
fi=(28)
56 5 5 5 0 0 0 0 0 0 0 0 5 2
cfi=(27)
cfn=(78)
calls=5 -20 
* 150 35 35 0 0 0 0 0 0 15
fe=(64)
423 15 10 0 1 0 0 1
fi=(28)
56 5
fe=(64)
423 5 0 0 0 0 0 0 0 0 5
+6 5 0 5 0 0 1 0 0 1
+1 25 0 10
cfi=(29)
cfn=(82)
calls=5 210 
* 63 17 12 0 0 1 0 0 1 12 2
+1 25 0 5
cfi=(29)
cfn=(82)
calls=5 210 
* 63 17 12 0 0 2 0 0 2 12 6
+3 5 0 5
+1 10 5 5
+4 21 7 0 1 0 0 1 0 0 7 6
188 12 6
442 18 6 0 0 0 0 0 0 0 6 5
-1 7 7
+1 14 0 0 0 0 0 0 0 0 7 6
183 6 4
+27 20 15 0 1 0 0 1 0 0 5 3
+7 5 5
+4 5 5
-6 5 0 5 1 0 0 1
+1 5 0 5 0 0 1 0 0 1
+1 5 0 5
+1 10 5 5
+3 15 5 0 0 0 0 0 0 0 5
-2 5 0 5
-29 25 0 15 1 0 0 1
+32 298 0 0 0 0 0 0 0 0 149 11
+6 48 24 12
cfi=(30)
cfn=(204)
calls=12 +10 
* 660 132 84 2 6 2 2 6 2 40 8
* 36 0 0 0 0 0 0 0 0 12 11
+4 24 0 0 1 0 0 1
-2 12 0 12
+2 24 0 12
cfi=(50)
cfn=(160)
calls=12 -28 
* 29231 6166 3311 104 185 197 103 182 197 4934 737 66 15
+1 24 12 0 0 0 0 0 0 0 12
+9 12 12
+2 24 12 0 1 0 0 1 0 0 12 5
+5 25 0 5 0 0 0 0 0 0 5 5
+6 5 5
+2 5 0 5
-8 10 0 0 1 0 0 1
+3 5 0 5
+1 5 0 5
+1 5 0 5
+1 5 0 5
+4 5 5
-3 5 0 5
+3 15 0 5
+4 36 12 0 0 0 0 0 0 0 12 3
+1 27 0 9 0 0 1 0 0 1
-43 611 159 0 0 7 0 0 0 0 149 19
+7 24 0 0 1 0 0 1
+38 411 0 0 1 0 0 1 0 0 137 7
fi=(72)
85 3 1 0 1 0 0 1 0 0 1 1
fe=(64)
448 5 1 0 1 0 0 1 0 0 2
+1 1 0 1
+3 4 1 1 0 0 0 0 0 0 1 1
+11 5 1 2 1 0 0 1
fi=(28)
56 1 1 1 0 0 0 0 0 0 0 0 1 1
cfi=(27)
cfn=(78)
calls=1 -20 
* 30 7 7 0 0 0 0 0 0 3
fe=(64)
465 3 2
fi=(28)
56 1
fe=(64)
465 1 0 0 0 0 0 0 0 0 1
+5 2 1 0 1 0 0 1
+1 1 0 1
-1 3 1 1
+4 3 0 0 0 0 0 0 0 0 1
-2 2
+13 6 0 6
+5 6 0 6
-16 18 6 0 0 0 0 0 0 0 6 1
+11 6
-7 6 6
+7 6
-2 12 0 0 0 0 0 0 0 0 6 6
-5 1 1 0 1 0 0 1
+7 1
-2 2 0 0 0 0 0 0 0 0 1
+2 1
-11 1
+11 1 0 1 0 0 1 0 0 1
+5 1 0 1
-16 3 1 0 0 0 0 0 0 0 1 1
+21 3 1 0 0 0 0 0 0 0 1 1
+37 2 0 0 1 0 0 1 0 0 1
+15 2 0 0 1 0 0 1
-14 2 0 0 0 0 0 0 0 0 1 1
+20 1 1 0 1 0 0 1
-1 4 0 1
+1 4 1 1
-1 5 1 1 1 0 0 1
cfi=(13)
cfn=(232)
calls=1 298 
* 489 134 86 14 1 0 14 0 0 85 35
+5 1 0 1
+2 1 1
+1 1 0 1
+1 2 1
-2 1 0 1
+2 1 0 0 0 0 0 0 0 0 1 1
+7 3 1 0 1 0 0 1 0 0 1 1
+3 2 0 0 0 0 0 0 0 0 1
+3 8 7 0 0 1
198 46 20 0 1 0 0 1 0 0 20 2
+3 5
fi=(72)
-70 20 0 10 1 0 0 1
cfi=(71)
cfn=(228)
calls=5 30 
* 125 30 20 2 0 0 2 0 0 10 4
fe=(64)
+70 15 5 0 0 0 0 0 0 0 5
+4 10 5
547 4 0 3
cfi=(29)
cfn=(82)
calls=1 210 
* 19 5 4 0 0 1 0 0 1 4 2
* 3 2
-53 2 0 0 1 0 0 1
144 2 0 1 1 0 1 1 0 1

fn=(206)
61 72 0 24
+7 12 12 0 1 0 0 1
-4 36 36
+1 12 12
-1 84 12 12 0 0 1 0 0 1
cfi=(30)
cfn=(166)
calls=12 1967 
* 28175 5878 2987 103 185 193 102 182 193 4886 731 54 14
* 12 0 12
+5 36 36

fl=(140)
fn=(436)
117 35 0 0 2 0 0 2 0 0 7 2
+5 7 7

fn=(574)
117 5 0 0 0 0 0 0 0 0 1
+5 1 1

ob=(7)
fl=(185)
fn=(676) std::locale::facet::_S_get_c_name()
0 21 7 0 1 0 0 1

fn=(736) std::codecvt<char, char, __mbstate_t>::codecvt(unsigned long)
0 14 1 6 1 1 1 1 0 1
cob=(4)
cfi=(175)
cfn=(684) 0x00000000049043c0
calls=1 0 
0 25 8 3 0 0 0 0 0 0 2 0 2 2
0 5 4 1 1 0 0 1

fn=(754) std::__cxx11::moneypunct<char, true>::_M_initialize_moneypunct(__locale_struct*, char const*)
0 115 38 31 5 0 0 5 0 0 13 8

fn=(930) std::messages<char>::messages(unsigned long)
0 14 1 6 2 0 1 2 0 1
cob=(4)
cfi=(175)
cfn=(684)
calls=1 0 
0 25 8 3 0 0 0 0 0 0 2 0 2
0 2 0 2
cob=(4)
cfi=(175)
cfn=(672) 0x00000000049023e0
calls=1 0 
0 5 2 0 0 0 0 0 0 0 0 0 1
0 5 4 1

fn=(1030) std::ios_base::ios_base()
0 480 8 192 3 0 30 3 0 25 64 25
cob=(4)
cfi=(175)
cfn=(650) 0x00000000049028d0
calls=8 0 
0 256 96 56 0 0 1 0 0 1 24 2 8

fn=(1226)
0 34 17 8 2 5 0 2 1 0 8

fn=(1270)
0 50 25 12 3 5 0 3 1 0 12 1

fn=(1570) 0x00000000001d0060
0 5 2 0 1 1 0 1 1 0 1

fn=(634)
0 8 0 3 2 0 0 2
cob=(4)
cfi=(175)
cfn=(636) 0x0000000004904040
calls=1 0 
0 84196 25206 11970 414 560 165 409 114 125 13089 681 1008 161
0 7 3 0 1
cob=(4)
cfi=(175)
cfn=(1076) 0x0000000004902620
calls=1 0 
0 981 320 160 13 25 1 9 6 0 138 14 4 3

fn=(1584) 0x00000000000e8920
0 2 1 0 1 0 0 1

fn=(1598) std::ios_base::Init::~Init()
0 14 4 3 2 3 0 2 0 0 2 1
cob=(4)
cfi=(175)
cfn=(1600) 0x00000000049038a0
calls=1 0 
0 2273 822 416 21 56 2 21 15 0 301 27 11 8
0 2 1 1 0 1
cob=(4)
cfi=(175)
cfn=(1600)
calls=1 0 
0 2739 969 463 13 56 1 9 17 0 366 32 23 11
0 2 1 1 0 1
cob=(4)
cfi=(175)
cfn=(1600)
calls=1 0 
0 138 55 24 0 2 0 0 0 0 17 4 5
0 2 1 1 0 1
cob=(4)
cfi=(175)
cfn=(1642) 0x0000000004904980
calls=1 0 
0 1938 614 282 10 22 0 10 7 0 265 10 9 5
0 2 1 1 1 1 0 1
cob=(4)
cfi=(175)
cfn=(1642)
calls=1 0 
0 401 156 67 0 5 0 0 0 0 50 8 16 6
0 2 1 1 0 1
cob=(4)
cfi=(175)
cfn=(1642)
calls=1 0 
0 138 55 24 0 2 0 0 0 0 17 3 5 1
0 2 2

fn=(760) std::__timepunct<char>::__timepunct(std::__timepunct_cache<char>*, unsigned long)
0 16 1 8 1 0 0 1
cob=(4)
cfi=(175)
cfn=(672)
calls=1 0 
0 5 2 0 0 0 0 0 0 0 0 0 1 1
0 4 0 2 1 0 0 1
cob=(4)
cfi=(175)
cfn=(762) 0x0000000004903ec0
calls=1 0 
0 1126 326 162 15 11 0 15 2 0 139 4 5 2
0 4 4

fn=(942) std::numpunct<wchar_t>::_M_initialize_numpunct(__locale_struct*)
0 353 75 75 5 0 0 5 0 0 64 19

fn=(1022) std::locale::locale(std::locale::_Impl*)
0 3 1 1 1 0 1 1

fn=(1072) std::basic_ios<wchar_t, std::char_traits<wchar_t> >::_M_cache_locale(std::locale const&)
0 36 4 16 1 0 0 1
cob=(4)
cfi=(175)
cfn=(726) 0x0000000004902800
calls=4 0 
0 32 12 0 0 0 0 0 0 0 4 1 4
0 28 16 8
cob=(4)
cfi=(175)
cfn=(726)
calls=4 0 
0 32 12 0 0 0 0 0 0 0 4 1 4
0 28 16 8 1 0 0 1
cob=(4)
cfi=(175)
cfn=(726)
calls=4 0 
0 32 12 0 0 0 0 0 0 0 4 1 4
0 36 28 4

fn=(1106)
0 4 0 2 1 0 0 1
cob=(4)
cfi=(175)
cfn=(1108) 0x0000000004902560
calls=1 0 
0 750 251 129 3 6 0 2 0 0 98 6 3 2
0 4 3 1

fn=(1112) std::future_category()
0 3 1 0 1 0 0 1

fn=(1204)
0 10 0 3 1 0 0 1
cob=(4)
cfi=(175)
cfn=(1076)
calls=1 0 
0 78 17 18 0 0 1 0 0 1 10 2 1
0 7 2
cob=(4)
cfi=(175)
cfn=(1076)
calls=1 0 
0 78 17 18 0 0 0 0 0 0 10 1 1

fn=(1208)
0 34 17 8 2 5 0 2 1 0 8 1

fn=(1296)
0 10 0 3 1 0 0 1
cob=(4)
cfi=(175)
cfn=(1076)
calls=1 0 
0 78 17 18 0 0 1 0 0 1 10 0 1
0 4 0 1
cob=(4)
cfi=(175)
cfn=(1076)
calls=1 0 
0 78 17 18 0 0 0 0 0 0 10 0 1
0 7 2 0 1 0 0 1
cob=(4)
cfi=(175)
cfn=(1076)
calls=1 0 
0 78 17 18 0 0 1 0 0 1 10 0 1

fn=(1360) operator delete(void*, unsigned long)
0 28 0 0 1 0 0 1
cob=(4)
cfi=(175)
cfn=(1362) 0x0000000004902430
calls=14 0 
0 2708 899 466 13 109 21 12 4 0 358 29 33 7

fn=(1366) operator delete(void*)
0 56
cob=(4)
cfi=(175)
cfn=(1368) 0x0000000004902c60
calls=28 0 
0 3955 1226 644 25 87 2 25 1 0 581 61 31 4

fn=(1652) std::basic_ostream<wchar_t, std::char_traits<wchar_t> >::sentry::sentry(std::basic_ostream<wchar_t, std::char_traits<wchar_t> >&)
0 48 10 16 1 1 0 1 0 0 4 3
cob=(4)
cfi=(175)
cfn=(1643) 0x0000000004904980'2
calls=1 0 
0 138 55 24 0 0 0 0 0 0 17 2 5
0 27 17 3 1 0 0 1 0 0 3

fn=(1653) std::basic_ostream<wchar_t, std::char_traits<wchar_t> >::sentry::sentry(std::basic_ostream<wchar_t, std::char_traits<wchar_t> >&)'2
0 22 8 6 0 0 0 0 0 0 2 1

fn=(1576) 0x00000000001b4e90
0 2 1

fn=(1596) 0x00000000000b8da0
0 4 0 1 1 0 0 1
cob=(4)
cfi=(175)
cfn=(1590) 0x0000000004903320
calls=1 0 
0 4 2 0 0 0 0 0 0 0 0 0 1 1

fn=(1628) std::uncaught_exception()
0 8 0 4 1 0 0 1
cob=(4)
cfi=(175)
cfn=(1630) 0x0000000004903e80
calls=2 0 
0 1659 585 271 10 38 1 6 13 0 225 11 9 7
0 10 6 0 0 1

fn=(1658) 0x00000000000b7a30
0 5 1 0 1 0 0 0 0 0 1 1

fn=(656) 0x00000000000e98b0
0 12 1 4 1 0 0 1 0 0 1 1
cob=(4)
cfi=(175)
cfn=(666) 0x0000000004902410
calls=1 0 
0 72511 21522 9773 326 446 108 323 92 95 11679 553 890 129
0 9 3 2
cob=(4)
cfi=(175)
cfn=(1018) 0x0000000004901780
calls=1 0 
0 744 254 130 2 7 1 2 2 0 98 3 3 2
0 176 87 0 2 1 0 2 1 0 44 3

fn=(700) 0x00000000000d0450
0 7 1 0 1 0 0 1 0 0 1 1
cob=(4)
cfi=(175)
cfn=(704) 0x0000000004902500
calls=1 0 
0 1809 589 276 11 22 3 11 7 0 252 19 6 4

fn=(742) std::__cxx11::numpunct<char>::_M_initialize_numpunct(__locale_struct*)
0 417 138 76 5 5 0 5 3 0 64 18

fn=(778) std::ctype<wchar_t>::ctype(unsigned long)
0 14 1 6 1 0 1 1 0 1
cob=(4)
cfi=(175)
cfn=(684)
calls=1 0 
0 25 8 3 0 0 0 0 0 0 2 0 2
0 7 3 2 1 0 0 1
cob=(4)
cfi=(175)
cfn=(780) 0x0000000004902a90
calls=1 0 
0 26129 7484 3855 46 88 20 43 24 20 3773 125 667 56

fn=(862) std::__timepunct<wchar_t>::_M_initialize_timepunct(__locale_struct*)
0 12 2 4 2 0 0 2 0 0 2 1
cob=(4)
cfi=(175)
cfn=(684)
calls=1 0 
0 25 8 3 0 0 0 0 0 0 2 0 2
0 117 24 25 11 2 0 11

fn=(876) std::numpunct<char>::_M_initialize_numpunct(__locale_struct*)
0 417 138 76 5 0 0 5 0 0 64 15

fn=(894) std::moneypunct<char, false>::_M_initialize_moneypunct(__locale_struct*, char const*)
0 114 38 31 4 0 1 4 0 0 13 7

fn=(972) std::moneypunct<wchar_t, true>::_M_initialize_moneypunct(__locale_struct*, char const*)
0 109 30 31 6 0 0 6 0 0 14 8

fn=(996) std::messages<wchar_t>::messages(unsigned long)
0 14 1 6 1 0 0 1
cob=(4)
cfi=(175)
cfn=(684)
calls=1 0 
0 25 8 3 0 0 0 0 0 0 2 0 2
0 2 0 2 1 0 0 1
cob=(4)
cfi=(175)
cfn=(672)
calls=1 0 
0 5 2 0 0 0 0 0 0 0 0 0 1
0 5 4 1

fn=(1048) std::locale::operator=(std::locale const&)
0 184 64 32 2 0 0 2 0 0 16 8

fn=(1060) std::basic_ios<char, std::char_traits<char> >::_M_cache_locale(std::locale const&)
0 36 4 16 1 0 0 1
cob=(4)
cfi=(175)
cfn=(726)
calls=4 0 
0 32 12 0 0 0 0 0 0 0 4 3 4
0 28 16 8 1 0 0 1
cob=(4)
cfi=(175)
cfn=(726)
calls=4 0 
0 32 12 0 0 0 0 0 0 0 4 2 4
0 28 16 8 1 1 0 1
cob=(4)
cfi=(175)
cfn=(726)
calls=4 0 
0 32 12 0 0 0 0 0 0 0 4 3 4
0 36 28 4

fn=(1066) std::basic_ios<wchar_t, std::char_traits<wchar_t> >::init(std::basic_streambuf<wchar_t, std::char_traits<wchar_t> >*)
0 32 0 16 1 0 0 1
cob=(4)
cfi=(175)
cfn=(1038) 0x0000000004904780
calls=4 0 
0 404 144 88 0 0 0 0 0 0 28 5 16
0 12 0 4
cob=(4)
cfi=(175)
cfn=(1068) 0x0000000004905270
calls=4 0 
0 1222 398 165 4 8 0 4 2 0 152 8 18 3
0 52 16 24 1 0 0 1

fn=(1090)
0 10 0 5 2 0 1 2
cob=(4)
cfi=(175)
cfn=(1092) 0x00000000049030c0
calls=1 0 
0 756 253 130 2 10 0 1 2 0 97 6 3 2
0 7 0 2
cob=(4)
cfi=(175)
cfn=(1076)
calls=1 0 
0 78 17 18 0 0 1 0 0 1 10 3 1 1
0 3 0 2 1 0 0 1
cob=(4)
cfi=(175)
cfn=(1092)
calls=1 0 
0 7 3 1 0 0 0 0 0 0 0 0 1 1
0 9 3 1
cob=(4)
cfi=(175)
cfn=(1076)
calls=1 0 
0 78 17 18 0 0 0 0 0 0 10 2 1

fn=(1582) 0x00000000000eca30
0 2 1 0 1 0 0 1

fn=(1610) std::ostream::sentry::sentry(std::ostream&)
0 48 10 16 2 1 0 2 0 0 4 3
cob=(4)
cfi=(175)
cfn=(1601) 0x00000000049038a0'2
calls=1 0 
0 138 55 24 0 0 0 0 0 0 17 5 5 1
0 27 17 3 1 0 0 1 0 0 3 1

fn=(1611) std::ostream::sentry::sentry(std::ostream&)'2
0 22 8 6 0 0 0 0 0 0 2

fn=(670) std::locale::_Impl::_Impl(unsigned long)
0 142 1 121 3 0 16 3 0 16 107 30
cob=(4)
cfi=(175)
cfn=(672)
calls=1 0 
0 822 263 129 2 11 3 2 2 0 109 6 3 2
0 7 1 2 0 1 0 0 1
cob=(4)
cfi=(175)
cfn=(678) 0x00000000049017a0
calls=1 0 
0 4576 1459 785 32 63 13 32 18 9 669 75 18 12
0 4 1 1 1 1 0 1
cob=(4)
cfi=(175)
cfn=(720) 0x00000000049030e0
calls=1 0 
0 2066 653 270 12 14 0 12 4 0 331 21 6 4
0 4 0 1
cob=(4)
cfi=(175)
cfn=(732) 0x00000000049029e0
calls=1 0 
0 833 274 139 4 8 1 4 1 1 108 5 5 4
0 4 1 1 0 1
cob=(4)
cfi=(175)
cfn=(720)
calls=1 0 
0 400 118 12 0 1 0 0 0 0 103 4 2 2
0 24 1 15 3 0 4 3 0 4
cob=(4)
cfi=(175)
cfn=(738) 0x0000000004904700
calls=1 0 
0 1426 435 205 7 15 0 7 5 0 208 24 3 2
0 4 1 1 0 1
cob=(4)
cfi=(175)
cfn=(720)
calls=1 0 
0 400 118 12 0 1 0 0 1 0 103 3 2
0 8 2 3 1 2 0 1
cob=(4)
cfi=(175)
cfn=(720)
calls=1 0 
0 400 118 12 0 1 0 0 1 0 103 3 2
0 8 2 3 1 2 0 1
cob=(4)
cfi=(175)
cfn=(720)
calls=1 0 
0 400 118 12 0 0 0 0 0 0 103 3 2
0 5 1 3 0 1
cob=(4)
cfi=(175)
cfn=(684)
calls=1 0 
0 25 8 3 0 0 0 0 0 0 2 0 2
0 5 1 2 1 1 0 1
cob=(4)
cfi=(175)
cfn=(720)
calls=1 0 
0 400 118 12 0 0 0 0 0 0 103 3 2
0 29 1 19 3 1 3 3 0 3
cob=(4)
cfi=(175)
cfn=(744) 0x0000000004902e30
calls=1 0 
0 1187 346 160 8 13 0 8 3 0 167 14 3 2
0 4 1 1 1 1 0 1
cob=(4)
cfi=(175)
cfn=(720)
calls=1 0 
0 400 118 12 0 0 0 0 0 0 103 3 2
0 29 1 19 3 1 2 3 0 2
cob=(4)
cfi=(175)
cfn=(750) 0x0000000004904530
calls=1 0 
0 1188 346 160 7 6 0 7 0 0 167 12 3 2
0 4 1 1
cob=(4)
cfi=(175)
cfn=(720)
calls=1 0 
0 400 118 12 0 0 0 0 0 0 103 1 2
0 8 2 3 1 2 0 1
cob=(4)
cfi=(175)
cfn=(720)
calls=1 0 
0 400 118 12 0 0 0 0 0 0 103 1 2
0 8 2 3 1 2 1 1 0 1
cob=(4)
cfi=(175)
cfn=(720)
calls=1 0 
0 400 118 12 0 0 0 0 0 0 103 1 2
0 35 0 28 4 0 7 4 0 7
cob=(4)
cfi=(175)
cfn=(756) 0x0000000004903a00
calls=1 0 
0 2039 611 301 19 20 0 19 3 0 260 9 9 5
0 4 1 1 0 1
cob=(4)
cfi=(175)
cfn=(720)
calls=1 0 
0 400 118 12 0 0 0 0 0 0 103 2 2 1
0 8 2 3 1 2 1 1 0 1
cob=(4)
cfi=(175)
cfn=(720)
calls=1 0 
0 400 118 12 0 0 0 0 0 0 103 1 2
0 8 2 3 0 1
cob=(4)
cfi=(175)
cfn=(720)
calls=1 0 
0 400 118 12 0 1 0 0 1 0 103 1 2
0 4 0 1 1 0 0 1
cob=(4)
cfi=(175)
cfn=(768) 0x0000000004901630
calls=1 0 
0 803 271 141 4 8 0 4 0 0 100 4 6 2
0 4 1 1
cob=(4)
cfi=(175)
cfn=(720)
calls=1 0 
0 400 118 12 0 0 0 0 0 0 103 2 2
0 4 0 1
cob=(4)
cfi=(175)
cfn=(774) 0x0000000004901b70
calls=1 0 
0 26868 7741 3995 50 96 21 47 26 21 3865 129 672 58
0 4 1 1 1 1 0 1
cob=(4)
cfi=(175)
cfn=(720)
calls=1 0 
0 400 118 12 0 1 0 0 1 0 103 2 2 1
0 4 0 1
cob=(4)
cfi=(175)
cfn=(828) 0x00000000049025a0
calls=1 0 
0 833 274 139 3 7 2 3 2 2 108 5 5 2
0 4 1 1
cob=(4)
cfi=(175)
cfn=(720)
calls=1 0 
0 400 118 12 0 0 0 0 0 0 103 1 2
0 23 1 15 3 1 3 3 0 3
cob=(4)
cfi=(175)
cfn=(834) 0x0000000004901c60
calls=1 0 
0 1338 369 204 7 10 3 7 3 3 202 20 3 2
0 4 1 1 0 1
cob=(4)
cfi=(175)
cfn=(720)
calls=1 0 
0 400 118 12 0 1 0 0 1 0 103 1 2
0 8 2 3 1 0 0 1
cob=(4)
cfi=(175)
cfn=(720)
calls=1 0 
0 400 118 12 0 1 0 0 1 0 103 1 2
0 8 2 3 1 1 0 1
cob=(4)
cfi=(175)
cfn=(720)
calls=1 0 
0 400 118 12 0 0 0 0 0 0 103 1 2
0 5 1 3
cob=(4)
cfi=(175)
cfn=(684)
calls=1 0 
0 25 8 3 0 0 0 0 0 0 2 0 2
0 18 4 5 2 2 1 2
cob=(4)
cfi=(175)
cfn=(720)
calls=1 0 
0 400 118 12 0 0 0 0 0 0 103 2 2
0 28 1 19 4 0 4 4 0 4
cob=(4)
cfi=(175)
cfn=(840) 0x0000000004903d70
calls=1 0 
0 1198 340 160 7 10 0 7 2 0 172 11 3 2
0 4 1 1 0 1
cob=(4)
cfi=(175)
cfn=(720)
calls=1 0 
0 400 118 12 0 0 0 0 0 0 103 1 2
0 27 1 19 3 1 2 3 0 2
cob=(4)
cfi=(175)
cfn=(846) 0x0000000004902060
calls=1 0 
0 1166 336 160 8 8 0 8 1 0 164 14 3 2
0 4 1 1 0 1
cob=(4)
cfi=(175)
cfn=(720)
calls=1 0 
0 400 118 12 0 0 0 0 0 0 103 1 2
0 8 2 3 1 2 0 1
cob=(4)
cfi=(175)
cfn=(720)
calls=1 0 
0 400 118 12 0 0 0 0 0 0 103 1 2
0 8 2 3 1 1 0 1
cob=(4)
cfi=(175)
cfn=(720)
calls=1 0 
0 400 118 12 0 0 0 0 0 0 103 1 2
0 35 0 28 4 0 6 4 0 6
cob=(4)
cfi=(175)
cfn=(852) 0x00000000049043b0
calls=1 0 
0 2068 614 300 18 19 1 18 3 1 268 9 9 4
0 4 1 1
cob=(4)
cfi=(175)
cfn=(720)
calls=1 0 
0 400 118 12 0 0 0 0 0 0 103 1 2
0 8 2 3 1 2 0 1
cob=(4)
cfi=(175)
cfn=(720)
calls=1 0 
0 400 118 12 0 0 0 0 0 0 103 1 2
0 8 2 3 1 1 0 1
cob=(4)
cfi=(175)
cfn=(720)
calls=1 0 
0 400 118 12 0 1 0 0 1 0 103 1 2
0 4 0 1
cob=(4)
cfi=(175)
cfn=(864) 0x0000000004901ca0
calls=1 0 
0 803 271 141 3 7 1 3 1 1 100 4 6 2
0 4 1 1
cob=(4)
cfi=(175)
cfn=(720)
calls=1 0 
0 400 118 12 0 0 0 0 0 0 103 1 2
0 8 2 3 1 1 0 1
cob=(4)
cfi=(175)
cfn=(720)
calls=1 0 
0 400 118 12 0 0 0 0 0 0 103 1 2
0 8 2 3 1 0 0 1
cob=(4)
cfi=(175)
cfn=(720)
calls=1 0 
0 400 118 12 0 0 0 0 0 0 103 1 2
0 8 2 3 1 0 0 1
cob=(4)
cfi=(175)
cfn=(720)
calls=1 0 
0 400 118 12 0 0 0 0 0 0 103 1 2
0 8 2 3
cob=(4)
cfi=(175)
cfn=(720)
calls=1 0 
0 400 118 12 0 0 0 0 0 0 103 1 2
0 9 3 4 1 0 1 1
cfn=(870) 0x00000000000ed260
calls=1 0 
0 9401 2884 1492 77 77 11 77 9 7 1276 106 56 16
0 3 2 1
cob=(4)
cfi=(175)
cfn=(726)
calls=1 0 
0 8 3 0 0 0 0 0 0 0 1 0 1
0 5 2 2 1 0 0 1
cob=(4)
cfi=(175)
cfn=(726)
calls=1 0 
0 8 3 0 0 0 0 0 0 0 1 0 1
0 4 2 2
cob=(4)
cfi=(175)
cfn=(726)
calls=1 0 
0 8 3 0 0 0 0 0 0 0 1 0 1
0 5 2 2 0 1
cob=(4)
cfi=(175)
cfn=(726)
calls=1 0 
0 8 3 0 0 0 0 0 0 0 1 0 1
0 5 2 2 1 0 0 1
cob=(4)
cfi=(175)
cfn=(726)
calls=1 0 
0 8 3 0 0 0 0 0 0 0 1 0 1
0 4 2 2
cob=(4)
cfi=(175)
cfn=(726)
calls=1 0 
0 8 3 0 0 0 0 0 0 0 1 0 1
0 5 2 2 1 0 0 1
cob=(4)
cfi=(175)
cfn=(726)
calls=1 0 
0 8 3 0 0 0 0 0 0 0 1 0 1
0 4 2 2
cob=(4)
cfi=(175)
cfn=(726)
calls=1 0 
0 8 3 0 0 0 0 0 0 0 1 0 1
0 13 9 1 1 1 0 1 0 0 1

fn=(844) std::__cxx11::moneypunct<wchar_t, false>::_M_initialize_moneypunct(__locale_struct*, char const*)
0 109 30 31 5 0 0 5 0 0 14 6

fn=(1054) std::locale::~locale()
0 96 40 16 2 0 0 2 0 0 8 4

fn=(1104)
0 3 1 1 0 0 1

fn=(1172)
0 78 7 36 4 1 4 3 0 0 26 17

fn=(1302)
0 5
cob=(4)
cfi=(175)
cfn=(1076)
calls=1 0 
0 78 17 18 0 0 0 0 0 0 10 0 1

fn=(1574) 0x00000000001b4ea0
0 2 1 0 1 0 0 1

fn=(1634) __cxa_get_globals
0 10 0 4 1 0 0 1
cob=(4)
cfi=(175)
cfn=(1636) 0x0000000004903140
calls=2 0 
0 944 335 138 8 28 1 4 10 0 134 6 5 4
0 6 4

fn=(1654) __gnu_cxx::stdio_sync_filebuf<wchar_t, std::char_traits<wchar_t> >::sync()
0 15 5 0 1 2 0 1
cob=(4)
cfi=(175)
cfn=(1614) 0x00000000049054b0
calls=5 0 
0 340 120 60 0 0 0 0 0 0 50 4 10

fn=(648) std::ios_base::Init::Init()
0 40 7 17 5 5 3 5 1 0 2 1
cob=(4)
cfi=(175)
cfn=(650)
calls=1 0 
0 73987 22033 10045 336 462 111 333 97 95 11869 568 896 133
0 16 3 11 3 1 2 2
cob=(4)
cfi=(175)
cfn=(650)
calls=1 0 
0 32 12 7 0 1 0 0 0 0 3 1 1 1
0 14 2 11 2 0 2 2
cob=(4)
cfi=(175)
cfn=(650)
calls=1 0 
0 32 12 7 0 0 0 0 0 0 3 1 1
0 7 1 4 0 1
cob=(4)
cfi=(175)
cfn=(1026) 0x0000000004902300
calls=1 0 
0 777 257 160 5 8 4 5 1 4 99 13 4 2
0 11 1 6 1 1 1 1 0 1
cob=(4)
cfi=(175)
cfn=(1032) 0x00000000049046e0
calls=1 0 
0 4342 1402 686 21 45 0 20 9 0 582 35 19 10
0 4 1 1 1 0 0 1
cob=(4)
cfi=(175)
cfn=(1026)
calls=1 0 
0 94 14 31 0 0 3 0 0 3 11 4 2 1
0 15 1 8 1 0 0 1
cob=(4)
cfi=(175)
cfn=(1032)
calls=1 0 
0 185 67 41 0 0 0 0 0 0 10 7 9 5
0 4 1 1 0 1
cob=(4)
cfi=(175)
cfn=(1026)
calls=1 0 
0 94 14 31 0 0 4 0 0 4 11 3 2
0 11 1 6 1 0 1 1 0 1
cob=(4)
cfi=(175)
cfn=(1032)
calls=1 0 
0 185 67 41 0 0 0 0 0 0 10 6 9
0 4 1 2 1 0 0 1
cob=(4)
cfi=(175)
cfn=(1026)
calls=1 0 
0 94 14 31 0 0 4 0 0 4 11 3 2
0 11 2 6 1 0 0 1
cob=(4)
cfi=(175)
cfn=(1032)
calls=1 0 
0 185 67 41 0 0 0 0 0 0 10 0 9
0 23 4 12 2 2 1 2
cob=(4)
cfi=(175)
cfn=(650)
calls=1 0 
0 32 12 7 0 0 0 0 0 0 3 1 1
0 16 3 11 2 0 3 2
cob=(4)
cfi=(175)
cfn=(650)
calls=1 0 
0 32 12 7 0 0 0 0 0 0 3 1 1
0 14 2 11 2 0 1 2
cob=(4)
cfi=(175)
cfn=(650)
calls=1 0 
0 32 12 7 0 0 0 0 0 0 3 1 1
0 7 1 4 1 0 0 1
cob=(4)
cfi=(175)
cfn=(1026)
calls=1 0 
0 94 14 31 0 0 4 0 0 4 11 6 2
0 11 1 7 1 0 1 1 0 1
cob=(4)
cfi=(175)
cfn=(1062) 0x0000000004903b50
calls=1 0 
0 2165 656 300 8 17 0 8 6 0 289 19 13 4
0 4 1 1
cob=(4)
cfi=(175)
cfn=(1026)
calls=1 0 
0 94 14 31 0 0 4 0 0 4 11 1 2
0 15 1 9 2 0 0 2
cob=(4)
cfi=(175)
cfn=(1062)
calls=1 0 
0 185 67 42 0 0 0 0 0 0 10 0 9 2
0 4 1 1
cob=(4)
cfi=(175)
cfn=(1026)
calls=1 0 
0 94 14 31 0 0 4 0 0 3 11 1 2
0 11 1 7 1 0 1 1 0 1
cob=(4)
cfi=(175)
cfn=(1062)
calls=1 0 
0 185 67 42 0 0 0 0 0 0 10 0 9
0 4 1 2 1 0 0 1
cob=(4)
cfi=(175)
cfn=(1026)
calls=1 0 
0 94 14 31 0 0 4 0 0 0 11 1 2
0 11 2 7 1 0 0 1
cob=(4)
cfi=(175)
cfn=(1062)
calls=1 0 
0 185 67 42 0 0 0 0 0 0 10 0 9
0 15 9 4 1 1 0 1 0 0 1

fn=(654) std::locale::locale()
0 220 0 132 1 0 1 1 0 1
cfn=(656)
calls=22 0 
0 73452 21867 9909 331 454 109 328 95 95 11822 560 893 131
0 264 154 22 2 1 1 2 0 0 22 11

fn=(708) std::locale::facet::_S_create_c_locale(__locale_struct*&, char const*, __locale_struct*)
0 8 0 3 1 0 0 1
cob=(4)
cfi=(175)
cfn=(710) 0x0000000004903490
calls=1 0 
0 818 294 143 8 14 1 8 5 0 113 10 3 2
0 6 3 1 0 0 0 0 0 0 1

fn=(838) std::__cxx11::numpunct<wchar_t>::_M_initialize_numpunct(__locale_struct*)
0 353 75 75 5 1 3 5 1 3 64 15

fn=(850) std::__cxx11::moneypunct<wchar_t, true>::_M_initialize_moneypunct(__locale_struct*, char const*)
0 109 30 31 6 0 0 6 0 0 14 10

fn=(870)
0 25 4 12 3 0 2 3 0 2
cob=(4)
cfi=(175)
cfn=(872) 0x0000000004902750
calls=1 0 
0 1354 424 205 7 9 1 7 1 0 194 19 3 2
0 8 4 3 0 0 0 0 0 0 1
cob=(4)
cfi=(175)
cfn=(726)
calls=1 0 
0 17 6 2 0 0 0 0 0 0 2 0 1
0 7 2 4 1 0 0 1
cob=(4)
cfi=(175)
cfn=(684)
calls=1 0 
0 25 8 3 0 0 0 0 0 0 2 0 2
0 7 3 3 1 0 0 1 0 0 1
cob=(4)
cfi=(175)
cfn=(726)
calls=1 0 
0 17 6 2 0 0 0 0 0 0 2 0 1
0 13 2 5 1 0 1 1 0 1
cob=(4)
cfi=(175)
cfn=(890) 0x0000000004901a50
calls=1 0 
0 1123 336 160 6 10 1 6 3 0 155 11 3 2
0 7 3 3 0 0 0 0 0 0 1
cob=(4)
cfi=(175)
cfn=(726)
calls=1 0 
0 17 6 2 0 0 0 0 0 0 2 0 1
0 13 3 5 1 1 0 1
cob=(4)
cfi=(175)
cfn=(902) 0x0000000004905050
calls=1 0 
0 1140 338 160 8 10 1 8 1 0 159 13 3 2
0 7 3 3 1 0 0 1 0 0 1
cob=(4)
cfi=(175)
cfn=(726)
calls=1 0 
0 17 6 2 0 0 0 0 0 0 2 0 1
0 12 5 5 1 0 0 1 0 0 1 1
cob=(4)
cfi=(175)
cfn=(726)
calls=1 0 
0 17 6 2 0 0 0 0 0 0 2 0 1
0 12 4 5 1 1 0 1 0 0 1
cob=(4)
cfi=(175)
cfn=(726)
calls=1 0 
0 17 6 2 0 0 0 0 0 0 2 0 1
0 12 4 5 1 0 0 1 0 0 1
cob=(4)
cfi=(175)
cfn=(726)
calls=1 0 
0 17 6 2 0 0 0 0 0 0 2 0 1
0 6 0 2 1 0 0 1
cob=(4)
cfi=(175)
cfn=(926) 0x0000000004905510
calls=1 0 
0 771 265 141 4 8 1 4 1 1 96 6 6 2
0 7 3 3 0 0 0 0 0 0 1 1
cob=(4)
cfi=(175)
cfn=(726)
calls=1 0 
0 17 6 2 0 0 0 0 0 0 2 0 1
0 16 5 7 2 0 1 2 0 1
cob=(4)
cfi=(175)
cfn=(938) 0x00000000049030a0
calls=1 0 
0 1298 362 204 7 6 0 7 0 0 196 23 3 2
0 7 3 3 0 1 0 0 0 0 1
cob=(4)
cfi=(175)
cfn=(726)
calls=1 0 
0 17 6 2 0 0 0 0 0 0 2 0 1
0 7 2 4 1 0 0 1
cob=(4)
cfi=(175)
cfn=(684)
calls=1 0 
0 25 8 3 0 0 0 0 0 0 2 0 2
0 7 3 3 1 1 0 1 0 0 1
cob=(4)
cfi=(175)
cfn=(726)
calls=1 0 
0 17 6 2 0 0 0 0 0 0 2 0 1
0 13 2 5 1 0 1 1 0 1
cob=(4)
cfi=(175)
cfn=(956) 0x00000000049036f0
calls=1 0 
0 1150 332 160 7 10 0 7 2 0 164 7 3 2
0 7 3 3 0 1 0 0 0 0 1
cob=(4)
cfi=(175)
cfn=(726)
calls=1 0 
0 17 6 2 0 0 0 0 0 0 2 0 1
0 13 3 5 1 1 0 1
cob=(4)
cfi=(175)
cfn=(968) 0x0000000004904280
calls=1 0 
0 1126 329 160 8 9 0 8 0 0 158 13 3 2
0 7 3 3 1 0 0 1 0 0 1
cob=(4)
cfi=(175)
cfn=(726)
calls=1 0 
0 17 6 2 0 0 0 0 0 0 2 0 1
0 12 5 5 1 2 0 1 0 0 1
cob=(4)
cfi=(175)
cfn=(726)
calls=1 0 
0 17 6 2 0 0 0 0 0 0 2 0 1
0 12 4 5 1 0 2 1 0 1 1
cob=(4)
cfi=(175)
cfn=(726)
calls=1 0 
0 17 6 2 0 0 0 0 0 0 2 0 1
0 12 4 5 1 0 0 1 0 0 1 1
cob=(4)
cfi=(175)
cfn=(726)
calls=1 0 
0 17 6 2 0 0 0 0 0 0 2 0 1
0 6 0 2 1 0 0 1
cob=(4)
cfi=(175)
cfn=(992) 0x0000000004903c70
calls=1 0 
0 771 265 141 4 7 0 4 1 0 96 5 6 2
0 6 3 2 0 0 0 0 0 0 1
cob=(4)
cfi=(175)
cfn=(726)
calls=1 0 
0 17 6 2 0 0 0 0 0 0 2 0 1
0 4 2 2 1 0 0 1
cob=(4)
cfi=(175)
cfn=(726)
calls=1 0 
0 8 3 0 0 0 0 0 0 0 1 1 1
0 4 2 2
cob=(4)
cfi=(175)
cfn=(726)
calls=1 0 
0 8 3 0 0 0 0 0 0 0 1 1 1
0 5 3 2
cob=(4)
cfi=(175)
cfn=(726)
calls=1 0 
0 8 3 0 0 0 0 0 0 0 1 1 1
0 5 3 2 1 0 0 1
cob=(4)
cfi=(175)
cfn=(726)
calls=1 0 
0 8 3 0 0 0 0 0 0 0 1 1 1
0 4 2 2
cob=(4)
cfi=(175)
cfn=(726)
calls=1 0 
0 8 3 0 0 0 0 0 0 0 1 1 1
0 5 3 2
cob=(4)
cfi=(175)
cfn=(726)
calls=1 0 
0 8 3 0 0 0 0 0 0 0 1 1 1
0 10 8 1 1 0 0 1

fn=(1084)
0 12 1 0 3 0 0 3 0 0 1 1

fn=(1116)
0 23 1 13 2 0 1 2
cob=(4)
cfi=(175)
cfn=(1118) 0x0000000004902cb0
calls=1 0 
0 1901 567 159 19 90 0 14 40 0 368 55 17 6
0 27 9 8 2 0 0 2 0 0 2
cob=(4)
cfi=(175)
cfn=(1136) 0x0000000004902210
calls=1 0 
0 2676 491 458 73 46 47 67 14 45 460 77 16 4
0 8 0 4 0 0 0 0 0 0 1

fn=(1336) operator new[](unsigned long)
0 28 0 0 1 0 0 1
cob=(4)
cfi=(175)
cfn=(1338) 0x0000000004901cc0
calls=14 0 
0 3822 901 474 4 53 37 3 2 14 572 65 30 4

fn=(1454) operator delete[](void*)
0 28 0 0 1 0 0 1
cob=(4)
cfi=(175)
cfn=(1362)
calls=14 0 
0 1970 586 307 14 21 1 14 0 0 299 40 28

fn=(1588) 0x00000000000b8d50
0 4 0 1 1 0 1 1
cob=(4)
cfi=(175)
cfn=(1590)
calls=1 0 
0 769 254 129 4 32 14 1 5 0 101 10 3 2

fn=(812) std::ctype<wchar_t>::_M_convert_to_wmask(unsigned short) const
0 88 1 0 1 0 0 1 0 0 45 11
cob=(4)
cfi=(175)
cfn=(814) 0x0000000004902580
calls=1 0 
0 505 97 25 0 0 0 0 0 0 77 2 19 3
0 24 1 0 2 0 0 2 0 0 12 3
cob=(4)
cfi=(175)
cfn=(814)
calls=1 0 
0 395 77 21 0 1 0 0 1 0 59 3 15 3
0 3 1
cob=(4)
cfi=(175)
cfn=(814)
calls=1 0 
0 560 107 27 0 0 0 0 0 0 86 3 21 3
0 9 1 0 1 0 0 1 0 0 3 1
cob=(4)
cfi=(175)
cfn=(814)
calls=1 0 
0 205 43 14 0 0 0 0 0 0 28 6 8 3
0 3 1
cob=(4)
cfi=(175)
cfn=(814)
calls=1 0 
0 150 33 12 1 1 0 1 1 0 19 4 6 3
0 3 1 0 1 0 0 1
cob=(4)
cfi=(175)
cfn=(814)
calls=1 0 
0 847 301 144 10 16 0 10 5 0 112 8 6 4
0 3 1
cob=(4)
cfi=(175)
cfn=(814)
calls=1 0 
0 260 53 16 0 0 0 0 0 0 37 3 10 3
0 7 3
cob=(4)
cfi=(175)
cfn=(814)
calls=1 0 
0 340 67 19 0 2 0 0 1 0 50 7 13 3
0 3 1 0 1 0 0 1
cob=(4)
cfi=(175)
cfn=(814)
calls=1 0 
0 195 39 14 0 0 0 0 0 0 26 8 8 3
0 3 1
cob=(4)
cfi=(175)
cfn=(814)
calls=1 0 
0 615 117 29 0 0 0 0 0 0 95 2 23 3

fn=(1096) std::error_category::error_category()
0 10 4 2 1 0 0 1

fn=(1198)
0 48 11 28 6 4 6 6 4 6

fn=(1562)
0 9 3 2 0 3 0 0 0 0 2
cob=(4)
cfi=(175)
cfn=(1568) 0x00000000049012b0
calls=1 0 
0 8841 3066 1483 61 185 18 54 45 0 1211 104 85 46
0 1 0 1
cfn=(1658)
calls=1 0 
0 5 1 0 1 0 0 0 0 0 1 1
0 3 2 1

fn=(1646) std::basic_ostream<wchar_t, std::char_traits<wchar_t> >::flush()
0 51 12 15 2 7 0 2 0 0 3
cob=(4)
cfi=(175)
cfn=(1648) 0x0000000004903340
calls=3 0 
0 1141 368 172 3 9 0 3 4 0 152 9 10 4
0 21 18 3 1 3 0 1 0 0 3 0 3 1
cfn=(1654)
calls=3 0 
0 213 75 36 1 2 0 1 0 0 30 3 6
0 52 30 1 1 0 0 1 0 0 9 3
cob=(4)
cfi=(175)
cfn=(1624) 0x0000000004902970
calls=1 0 
0 35 15 4 0 0 0 0 0 0 2 0 3 3
0 7 3 1 0 0 0 0 0 0 2 1 1 1
cfn=(1654)
calls=1 0 
0 71 25 12 0 0 0 0 0 0 10 1 2
0 2 0 0 0 0 0 0 0 0 1 1

fn=(1647) std::basic_ostream<wchar_t, std::char_traits<wchar_t> >::flush()'2
0 17 4 5 0 0 0 0 0 0 1
cob=(4)
cfi=(175)
cfn=(1649) 0x0000000004903340'2
calls=1 0 
0 24 9 6 0 0 0 0 0 0 2 1 1
0 7 6 1 0 0 0 0 0 0 1 0 1
cfn=(1654)
calls=1 0 
0 71 25 12 0 0 0 0 0 0 10 0 2
0 17 10 0 0 0 0 0 0 0 3 1

fn=(1580) 0x00000000000eca40
0 2 1 0 1 0 0 1

fn=(1612) __gnu_cxx::stdio_sync_filebuf<char, std::char_traits<char> >::sync()
0 15 5 0 1 2 0 1
cob=(4)
cfi=(175)
cfn=(1614)
calls=5 0 
0 1075 396 194 10 36 0 10 9 0 149 26 12 4

fn=(748) std::__cxx11::moneypunct<char, false>::_M_initialize_moneypunct(__locale_struct*, char const*)
0 114 38 31 6 2 0 6 1 0 13 10

fn=(1036) std::basic_ios<char, std::char_traits<char> >::init(std::basic_streambuf<char, std::char_traits<char> >*)
0 32 0 16 1 0 0 1
cob=(4)
cfi=(175)
cfn=(1038)
calls=4 0 
0 2541 885 475 12 26 0 12 5 0 311 27 22 9
0 12 0 4 1 0 0 1
cob=(4)
cfi=(175)
cfn=(1056) 0x0000000004904920
calls=4 0 
0 1222 398 165 5 10 0 5 3 0 152 13 18 3
0 52 16 20

fn=(1202)
0 5 0 0 1 0 0 1
cob=(4)
cfi=(175)
cfn=(1076)
calls=1 0 
0 78 17 18 0 0 0 0 0 0 10 2 1

fn=(1586) 0x00000000000e75a0
0 2 1 0 1 0 0 1

fn=(1604) std::ostream::flush()
0 51 12 15 1 7 0 1 0 0 3 1
cob=(4)
cfi=(175)
cfn=(1606) 0x0000000004905360
calls=3 0 
0 933 333 172 5 9 2 5 3 0 119 16 10 4
0 21 18 3 1 3 0 1 0 0 3 0 3 1
cfn=(1612)
calls=3 0 
0 948 351 170 11 38 0 11 9 0 129 19 8 3
0 52 30 1 1 0 0 1 0 0 9 1
cob=(4)
cfi=(175)
cfn=(1624)
calls=1 0 
0 2373 828 400 13 47 1 9 16 0 318 17 10 7
0 7 3 1 0 0 0 0 0 0 2 1 1 1
cfn=(1612)
calls=1 0 
0 71 25 12 0 0 0 0 0 0 10 2 2
0 2 0 0 0 0 0 0 0 0 1 1

fn=(1605) std::ostream::flush()'2
0 17 4 5 0 0 0 0 0 0 1
cob=(4)
cfi=(175)
cfn=(1607) 0x0000000004905360'2
calls=1 0 
0 24 9 6 0 0 0 0 0 0 2 0 1
0 7 6 1 0 0 0 0 0 0 1 0 1
cfn=(1612)
calls=1 0 
0 71 25 12 0 0 0 0 0 0 10 5 2 1
0 17 10 0 0 0 0 0 0 0 3

fn=(688) std::locale::facet::_S_get_c_locale()
0 112 0 42 1 0 0 1
cob=(4)
cfi=(175)
cfn=(690) 0x0000000004902790
calls=14 0 
0 3002 970 444 22 45 3 22 16 0 409 41 25 9
0 98 56 0 0 0 0 0 0 0 14

fn=(730) std::locale::id::_M_id() const
0 948 316 96 2 8 0 2 7 0 134 18

fn=(832) std::codecvt<wchar_t, char, __mbstate_t>::codecvt(unsigned long)
0 14 1 6 2 0 1 2 0 1
cob=(4)
cfi=(175)
cfn=(684)
calls=1 0 
0 25 8 3 0 0 0 0 0 0 2 0 2
0 5 4 1 0 0 1 0 0 1

fn=(1200)
0 5
cob=(4)
cfi=(175)
cfn=(1076)
calls=1 0 
0 78 17 18 0 0 1 0 0 1 10 2 1

fn=(1342) operator new(unsigned long)
0 308 0 84 2 0 3 2
cob=(4)
cfi=(175)
cfn=(1136)
calls=28 0 
0 4557 964 471 3 93 39 3 2 18 741 110 28 1
0 140 84 0 0 0 0 0 0 0 28

fn=(1578) 0x00000000001b4e80
0 2 1

fn=(1594) std::error_category::~error_category()
0 4 2

fn=(682) std::ctype<char>::ctype(unsigned short const*, bool, unsigned long)
0 18 1 7 2 1 1 2 0 1
cob=(4)
cfi=(175)
cfn=(684)
calls=1 0 
0 3746 1202 576 25 53 4 25 18 0 512 48 15 10
0 103 8 73 3 1 8 3 0 8 65 20

fn=(724) std::locale::_Impl::_M_install_facet(std::locale::id const*, std::locale::facet const*)
0 480 0 224 1 0 0 1 0 0 32
cob=(4)
cfi=(175)
cfn=(726)
calls=32 0 
0 1263 441 193 4 14 0 4 8 0 158 8 34 5
0 11712 3552 96 5 0 0 5 0 0 3200 53

fn=(766) std::__timepunct<char>::_M_initialize_timepunct(__locale_struct*)
0 13 2 5 2 0 0 2 0 0 2 1
cob=(4)
cfi=(175)
cfn=(684)
calls=1 0 
0 25 8 3 0 0 0 0 0 0 2 0 2
0 119 25 25 11 3 0 11

fn=(772) std::__cxx11::messages<char>::messages(unsigned long)
0 14 1 6 2 1 0 2
cob=(4)
cfi=(175)
cfn=(684)
calls=1 0 
0 25 8 3 0 0 0 0 0 0 2 0 2
0 2 0 2
cob=(4)
cfi=(175)
cfn=(672)
calls=1 0 
0 5 2 0 0 0 0 0 0 0 0 0 1
0 5 4 1

fn=(784) std::ctype<wchar_t>::_M_initialize_ctype()
0 11 1 6 1 0 0 1
cob=(4)
cfi=(175)
cfn=(786) 0x0000000004904000
calls=1 0 
0 800 291 138 5 18 0 5 6 0 108 8 3 2
0 770 0 256 1 0 2 1 0 2 128 2
cob=(4)
cfi=(175)
cfn=(792) 0x0000000004903040
calls=128 0 
0 4320 1447 781 7 18 0 4 4 0 504 12 131 4
0 262 0 2 1 0 0 1 0 0 128 2
cob=(4)
cfi=(175)
cfn=(798) 0x0000000004904b80
calls=1 0 
0 769 285 139 5 8 0 5 1 0 104 7 3 2
0 510 0 255
cob=(4)
cfi=(175)
cfn=(798)
calls=255 0 
0 11618 3959 1403 3 6 0 3 0 0 1660 7 383 2
0 1046 0 256 0 0 16 0 0 16 260 8

ob=(2)
fl=(239)
fn=(1514)
367 1 0 0 1 0 0 1
51 3 1
+1 2 0 0 0 0 0 0 0 0 1
367 3 0 1
57 2 0 0 0 0 0 0 0 0 1 1
+8 1 0 1
-3 1 0 1
-23 1 1
+1 4 1 0 1 0 0 1 0 0 2
+1 1 0 1
+29 1
+2 1
369 2 2
74 2 0 0 1 0 0 1 0 0 1 1
+6 4 1 0 0 0 0 0 0 0 1 1
+4 3 2 0 0 0 0 0 0 0 1 1
+3 2 0 1 1 0 0 1 0 0 1 1

fl=(171) ./ctype/./ctype/ctype-info.c
fn=(556) __ctype_init
29 1 0 0 1 0 0 1
+2 7 5 1 1 4 0 1
+2 4 2 1 0 1
+2 4 2 1
+1 1 1

fl=(103)
fn=(330)
65 1 0 0 1 0 0 1
-22 2 2
+1 1 1
-2 4 0 0 0 0 0 0 0 0 1 1
+2 2 0 0 1 0 0 1 0 0 1
+3 2 0 0 0 0 0 0 0 0 1
+4 3 0 0 0 0 0 0 0 0 1
+3 3 0 0 0 0 0 0 0 0 1
+11 1 1

fl=(89)
fn=(296)
29 2 0 0 1 0 0 1
fi=(90) ./string/../sysdeps/x86_64/multiarch/ifunc-memset.h
+25 10 4 0 0 2 0 0 0 0 2
+3 6 2 0 0 1 0 0 0 0 2
+7 4 0 0 1 0 0 1
+9 4 0 0 0 0 0 0 0 0 2
+2 4 0 0 0 0 0 0 0 0 2
+10 4 0 0 0 0 0 0 0 0 2
+8 4 0 0 0 0 0 0 0 0 2
+3 10 2
fe=(89)

fl=(104)
fn=(332)
29 1
fi=(105) ./debug/../sysdeps/x86_64/multiarch/ifunc-memset.h
+25 5 2 0 0 0 0 0 0 0 1
+3 3 1 0 0 0 0 0 0 0 1
+7 2 0 0 1 0 0 1
+9 2 0 0 0 0 0 0 0 0 1
+2 2 0 0 0 0 0 0 0 0 1
+10 2 0 0 0 0 0 0 0 0 1
+8 2 0 0 0 0 0 0 0 0 1
+3 5 1
fe=(104)

fl=(132)
fn=(410)
33 1 0 0 1 0 0 1
fi=(118) ./string/../sysdeps/x86_64/multiarch/ifunc-strcpy.h
+5 2 2
+1 1 1
-1 2 0 0 0 0 0 0 0 0 1
+1 2 0 0 0 0 0 0 0 0 1
+3 2 0 0 0 0 0 0 0 0 1
+4 3 0 0 0 0 0 0 0 0 1
+3 3 0 0 0 0 0 0 0 0 1 1
fe=(132)
-16 1 1

fl=(181) ./string/../sysdeps/x86_64/multiarch/strrchr-avx2.S
fn=(604) __strrchr_avx2
53 1 0 0 1 0 0 1
+1 1
+1 1
+2 1
+1 1 0 0 1 0 0 1
+4 1
+1 1
+1 1 0 0 0 0 0 0 0 0 1
+3 1 1 0 0 1 0 0 1
+2 1
+1 1
+1 1
+1 1 0 0 0 0 0 0 0 0 1
+3 1
+1 1
+2 1
+1 1
+1 1 0 0 0 0 0 0 0 0 1 1
+1 1
+1 1
+9 2 1

fl=(208) ./misc/./misc/sbrk.c
fn=(1156) sbrk
37 32 0 16 1 0 0 1
+3 4 4 0 0 1
+3 4 4 0 1 1 0 1
-3 4 4 0 0 1
+3 4 0 0 0 0 0 0 0 0 4 3
+35 7 5
-20 8 0 0 0 0 0 0 0 0 4 1
+4 8 0 0 0 0 0 0 0 0 4 2
+4 12 0 0 1 0 0 1 0 0 6 4
+8 3 0 3 0 0 1
cfi=(209) ./misc/../sysdeps/unix/sysv/linux/brk.c
cfn=(1158) brk
calls=3 -38 
* 27 6 3 0 0 0 0 0 0 3
* 6 0 0 0 0 0 0 0 0 3 1
+4 21 15
-19 2 0 1 1 0 0 1
cfi=(209)
cfn=(1158)
calls=1 -23 
* 9 2 1 1 0 0 1 0 0 1
* 2 0 0 0 0 0 0 0 0 1
+4 2 1

fl=(123)
fn=(378)
31 2 0 0 1 0 0 1
fi=(124) ./wcsmbs/../sysdeps/x86_64/multiarch/ifunc-wmemset.h
+5 10 4 0 0 0 0 0 0 0 2
+1 6 2 0 1 0 0 1 0 0 2 2
fe=(123)
-6 2 2

fl=(120)
fn=(370)
31 1 0 0 1 0 0 1
fi=(84) ./string/../sysdeps/x86_64/multiarch/ifunc-avx2.h
+9 3 2
-2 4 0 0 0 0 0 0 0 0 1
fe=(120)
-7 2 1
fi=(84)
+10 2 1 0 1 0 0 1 0 0 1
+1 3 1 0 0 0 0 0 0 0 1
+3 2 0 0 0 0 0 0 0 0 1
+4 3 0 0 0 0 0 0 0 0 1
+3 5
fe=(120)

fl=(201) ./stdlib/./stdlib/secure-getenv.c
fn=(1122) secure_getenv
28 1 0 0 1 0 0 1
+1 5 2 0 0 2 0 0 0 0 1
cfi=(202) ./stdlib/./stdlib/getenv.c
cfn=(1124) getenv
calls=1 -5 
* 975 262 18 12 66 0 11 36 0 245 42 12 2

fl=(203) ./string/../sysdeps/x86_64/multiarch/strcmp-avx2.S
fn=(1128) __strncmp_avx2
206 11 0 0 1 0 0 1
+24 11
+5 11 0 0 0 0 0 0 0 0 11
+14 11
+25 11
+1 11
+1 11
+2 11
+1 11 0 0 1 0 0 1 0 0 11 1
+4 10 10
+4 10 10 0 0 4 0 0 4
+2 10
+2 10
+3 10
+2 10
+1 10 0 0 0 0 0 0 0 0 10 4
+11 10
+10 10 10
+1 10 10
+3 10
+4 20 10
+5 10
+1 10
+1 10 0 0 0 0 0 0 0 0 10 4
957 1 0 0 1 0 0 1
+1 1
+1 1
+1 1
+2 1
+3 1
+1 1 0 0 0 0 0 0 0 0 1 1
+27 1 1 0 1 0 0 1
+1 1 1
+1 1
+1 1
+1 1
+1 1
+2 1 0 0 0 0 0 0 0 0 1 1
+47 1 1 0 1 0 0 1
+1 1 1
+3 1
+1 1
+1 1
+3 2 1
+7 1
+1 1
+1 1
+1 1 0 0 0 0 0 0 0 0 1 1
+10 1 0 0 1 0 0 1
+1 1 0 0 0 0 0 0 0 0 1
+3 1
+1 1
+1 1
+1 1
+6 1 0 0 1 0 0 1
+2 1
+3 1
+1 1 0 0 0 0 0 0 0 0 1 1

fl=(83)
fn=(284)
31 2 0 0 1 0 0 1
fi=(84)
+9 6 4 0 0 1
-2 8 0 0 0 0 0 0 0 0 2 2
fe=(83)
-7 4 2
fi=(84)
+10 4 2 0 1 0 0 1 0 0 2
+1 6 2 0 0 0 0 0 0 0 2
+3 4 0 0 0 0 0 0 0 0 2
+4 6 0 0 0 0 0 0 0 0 2
+3 10
fe=(83)

fl=(106)
fn=(336)
28 1
fi=(84)
+12 3 2
-2 4 0 0 0 0 0 0 0 0 1 1
fe=(106)
-10 2 1
fi=(84)
+13 2 1 0 1 0 0 1 0 0 1
+1 3 1 0 0 0 0 0 0 0 1
+3 2 0 0 0 0 0 0 0 0 1
+4 3 0 0 0 0 0 0 0 0 1
+3 5
fe=(106)

fl=(133)
fn=(414)
29 2 0 0 1 0 0 1
fi=(99) ./string/../sysdeps/x86_64/multiarch/ifunc-memmove.h
+28 6 4
-1 4 0 0 0 0 0 0 0 0 2
+4 6 2 0 0 0 0 0 0 0 2
+14 4 0 0 0 0 0 0 0 0 2
+3 4 0 0 0 0 0 0 0 0 2 1
+8 4 0 0 0 0 0 0 0 0 2 2
+8 4 0 0 1 0 0 1 0 0 2 2
+3 10 2 0 2 0 0 2
fe=(133)

fl=(176) ./nptl/../sysdeps/unix/sysv/linux/x86/elision-conf.c
fn=(566) __lll_elision_init
92 2 0 1 1 0 0 1
+4 1
-4 2 0 1
+4 2 0 0 1 0 0 1
-4 1
+4 1
-4 3 1 1
+4 1 0 1
cob=(4)
cfi=(175)
cfn=(564) 0x0000000004b34720
calls=1 -96 
* 26 5 1 0 2 0 0 1 0 3 2 1
+2 4 0 1
cob=(4)
cfi=(175)
cfn=(564)
calls=1 -98 
* 26 5 1 0 2 0 0 1 0 3 2 1
+2 4 0 1 1 0 0 1
cob=(4)
cfi=(175)
cfn=(564)
calls=1 0 
* 26 5 1 0 2 0 0 1 0 3 2 1
+2 4 0 1
cob=(4)
cfi=(175)
cfn=(564)
calls=1 0 
* 26 5 1 0 2 0 0 1 0 3 2 1
+2 4 0 1
cob=(4)
cfi=(175)
cfn=(564)
calls=1 0 
* 26 5 1 0 1 0 0 0 0 3 0 1
+3 3 1 0 0 1 0 0 1 0 1
+1 1 0 1 1 0 1 1 0 1
+1 6 5 0 0 0 0 0 0 0 1

fl=(192) ./locale/./locale/uselocale.c
fn=(790) uselocale
30 2 0 0 1 0 0 1
+1 6 4 0 1 1 0 1
+2 4 0 0 0 0 0 0 0 0 2 2
+3 4
+1 2 0 2
+28 6 4 2 0 1
+1 6 4 2
+2 6 4 2 1 1 0 1
+4 6
+1 2 2

fl=(199) ./string/../sysdeps/x86_64/multiarch/memcmp-avx2-movbe.S
fn=(826) __memcmp_avx2_movbe
73 49 0 0 1 0 0 1
+7 49
+1 49 0 0 0 0 0 0 0 0 49 11
+75 39 0 0 1 0 0 1
+10 39 39
+1 39 39
+1 39
+3 78 39
401 49 0 0 1 0 0 1
+1 49 0 0 0 0 0 0 0 0 49
+5 49
+1 49
+1 49
+1 49
+1 49 0 0 0 0 0 0 0 0 49
+3 49 49
+1 49 49
+1 49
+1 49
+3 49
+1 49 0 0 0 0 0 0 0 0 49 13
+1 10
+1 20 10

fl=(172) ./resource/../sysdeps/unix/sysv/linux/getrlimit64.c
fn=(558) getrlimit
38 2 0 0 1 0 0 1
+1 7 0 0 0 0 0 0 0 0 1
+1 1 1

fl=(238)
fn=(1512)
77 1 0 0 1 0 0 1
+3 3 1
+2 1
+2 2 0 0 0 0 0 0 0 0 1
-7 4 0 2
+11 2 0 0 0 0 0 0 0 0 1 1
+91 1 1 0 1 0 0 1
+3 1 0 1 1 0 0 1
+2 1 0 1
+3 1
-63 1
+66 3 3
-93 2 0 0 1 0 0 1 0 0 1 1
+11 4 1 0 0 0 0 0 0 0 1
+4 1 1 0 0 1
+3 2 1 0 0 0 0 0 0 0 1 1
-71 1 1 0 1 0 0 1
+1 7 2 0 1 0 0 1 0 0 3
+1 1 0 1
+84 3 1 0 0 0 0 0 0 0 1
+1 2 0 1

fl=(248) ./libio/./libio/genops.c
fn=(1716) _IO_flush_all
686 5 0 3 1 0 0 1
+5 1
-5 1 0 1
+5 1
-5 6 1 3 1 0 0 1
+5 4 0 3
cfi=(249) ./nptl/./nptl/libc-cleanup.c
cfn=(1718) __libc_cleanup_push_defer
calls=1 24 
* 13 4 3 2 1 0 2 0 0 1
+1 6 3 0 1 1 0 1 1 0 2
-5 1 0 0 1 0 0 1
fi=(246) ./libio/./libio/libioP.h
1025 2
fe=(248)
708 33 12 6 1 0 0 1 0 0 9 2
+1 3 0 3
-14 9 3 0 0 1 0 0 0 0 3 1
+2 3 0 3 1 0 0 1
+1 27 15 0 1 2 0 1 0 0 9 4
+2 21 9 0 1 2 0 1 1 0 6 2
+13 7 2 2 1 0 0 1 0 0 2
+1 2 0 1
cfi=(249)
cfn=(1720) __libc_cleanup_pop_restore
calls=1 54 
* 9 5 1 2 0 0 2 0 0 1 1
+4 12 9 0 0 0 0 0 0 0 1 1
-20 9 0 6 1 0 0 1
-6 2 1 1 1 0 0 1
-5 2
+8 1 1
-3 1 0 1
+3 2 0 0 0 0 0 0 0 0 1 1

fn=(1714) _IO_cleanup
842 6 0 4 1 0 0 1
-66 1
+66 6 1 3
+1 1 0 1
cfn=(1716)
calls=1 686 
* 183 65 37 15 7 0 15 2 0 35 12
-67 2 0 1
+67 1
-67 3 0 2 1 0 0 1
cfi=(249)
cfn=(1718)
calls=1 24 
* 13 4 3 0 0 0 0 0 0 1
+1 6 3 0 0 0 0 0 0 0 2 1
fi=(246)
1025 1 0 0 1 0 0 1
fe=(248)
785 1 1
-1 1 0 1
+1 4 2 0 0 0 0 0 0 0 1
-1 2 0 2
+1 25 12 0 1 0 0 1 0 0 8 2
+9 6 2 0 1 0 0 1 0 0 2 2
+20 2 0 2 1 0 0 1
+2 4 0 0 0 0 0 0 0 0 2 2
+1 3 0 3 1 0 0 1
-37 9 3 0 0 0 0 0 0 0 3 2
+41 7 2 2 1 0 0 1 0 0 2
+1 2 0 1
cfi=(249)
cfn=(1720)
calls=1 54 
* 9 5 1 0 0 0 0 0 0 1 1
+33 12 9 0 0 0 0 0 0 0 1
-78 2 2
+39 24 6 6 1 0 0 1 0 0 6
-2 1 0 1 1 0 0 1
+2 1
-31 6 0 6 1 0 0 1
+7 7 0 0 0 0 0 0 0 0 3 2
-15 1 0 1 1 0 0 1
+3 2 1 0 1 0 0 1
-3 1 0 1
+3 2 0 0 0 0 0 0 0 0 1 1

fl=(241) ./stdlib/./stdlib/cxa_finalize.c
fn=(1526) __cxa_finalize
30 10 0 5 1 0 0 1
+3 10
-3 40 0 25
+3 25 0 5 0 0 0 0 0 0 10
+3 20 5 0 1 0 0 1 0 0 5
+4 162 5 0 0 0 0 0 0 0 49 8
+1 132 66 0 1 5 0 1 0 0 66 13
+2 11 11
+2 11 11
+36 11
-5 11 0 11
-33 11 0 11
+35 33 22
+3 33 11 11 0 0 0 0 0 0 22
+1 33 0 11 0 0 0 0 0 0 0 0 11 11
cob=(7)
cfi=(185)
cfn=(1598)
calls=1 -82 
* 7653 2682 1284 47 151 3 43 39 0 1018 85 69 31
cob=(7)
cfi=(185)
cfn=(1596)
calls=1 -82 
* 8 2 1 1 0 0 1 0 0 0 0 1 1
cob=(7)
cfi=(185)
cfn=(1588)
calls=1 -82 
* 773 254 130 5 32 15 2 5 0 101 10 3 2
cob=(7)
cfi=(185)
cfn=(1586)
calls=1 -82 
* 2 1 0 1 0 0 1
cob=(7)
cfi=(185)
cfn=(1584)
calls=1 -82 
* 2 1 0 1 0 0 1
cob=(7)
cfi=(185)
cfn=(1582)
calls=1 -82 
* 2 1 0 1 0 0 1
cob=(7)
cfi=(185)
cfn=(1580)
calls=1 -82 
* 2 1 0 1 0 0 1
cob=(7)
cfi=(185)
cfn=(1578)
calls=1 -82 
* 2 1
cob=(7)
cfi=(185)
cfn=(1576)
calls=1 -82 
* 2 1
cob=(7)
cfi=(185)
cfn=(1574)
calls=1 -82 
* 2 1 0 1 0 0 1
cob=(7)
cfi=(185)
cfn=(1570)
calls=1 -82 
* 5 2 0 1 1 0 1 1 0 1
+1 44 0 11 0 0 0 0 0 0 11
+4 33 22 0 0 0 0 0 0 0 11
-47 34 0 0 0 0 0 0 0 0 11 4
-4 15 5 0 1 0 0 1 0 0 5 2
+57 20 5 0 1 1 0 1 0 0 5 1
+4 30 5 0 0 1 0 0 0 0 5 3
-4 15 5 0 1 0 0 1 0 0 5
+12 10 0 5
cfi=(242) ./posix/./posix/register-atfork.c
cfn=(1528) __unregister_atfork
calls=5 -23 
* 100 25 20 3 2 1 3 1 1 20 6
+1 20 5 5 0 0 0 0 0 0 10 2
+1 40 35

fl=(170)
fn=(554)
33 9 1 3 1 0 0 1
+2 1 0 1 1 0 0 1
cfi=(171)
cfn=(556)
calls=1 -6 
* 17 10 3 2 5 0 2
+3 1 1 0 0 1
fi=(173) ./elf/../sysdeps/nptl/pthread_early_init.h
-5 2
fe=(170)
+8 1 0 1 0 0 1 0 0 1
-3 1 0 1
+3 1 0 1 0 0 1
fi=(173)
-8 1 0 1
cfi=(172)
cfn=(558)
calls=1 +5 
* 10 1 0 1 0 0 1 0 0 1
* 3 0 0 0 0 0 0 0 0 1
+1 1 1
+4 5 0 0 1 0 0 1
+7 1 1
fi=(259) ./elf/../nptl/nptl-stack.h
+16 3 2 0 0 1
fi=(173)
-16 1 1
fi=(259)
+16 2
fi=(173)
-7 1 0 1 0 0 1 0 0 1
fi=(259)
+7 3
fi=(173)
-9 1
-6 1 0 0 1 0 0 1
+2 2
+4 4 0 1
+1 1 0 1 0 0 1 0 0 1
+3 1 0 1
cfi=(174) ./nptl/./nptl/pthread_mutex_conf.c
cfn=(562) __pthread_tunables_init
calls=1 -1 
* 104 21 9 4 6 0 4 2 0 10 4 3 1
fe=(170)
-9 3 2 0 0 0 0 0 0 0 1
+2 2 2
-2 1
cfi=(176)
cfn=(566)
calls=1 +45 
* 169 32 14 4 10 1 4 5 1 17 8 5

fl=(179)
fn=(598)
46 6 0 2 1 0 0 1
+5 2 1 0 0 0 0 0 0 0 1
+4 5 4 0 1 2 0 1 1 0 1
+8 1 1 0 0 1
-2 1 0 1 0 0 1
+10 1
-9 1 0 1
+1 1 0 1 0 0 1 0 0 1
+9 3 2
-1 1
cfi=(180) ./misc/./misc/init-misc.c
cfn=(600) __init_misc
calls=1 -41 
* 50 11 6 5 2 1 5 1 0 5 2 1 1

fl=(182)
fn=(606)
545 1 0 0 1 0 0 1
+1 4 2 0 0 2 0 0 0 0 1 1
+1 3 2 0 1 1 0 1 0 0 1 1
+1 3 2 0 0 1 0 0 0 0 1
+2 1 1

fl=(202)
fn=(1124)
24 9 0 6 2 0 0 2
+1 8 3 0 0 3 0 0 1 0 2
+3 1 0 1
cob=(4)
cfi=(175)
cfn=(820) 0x0000000004b34500
calls=1 -28 
* 16 3 0 1 2 0 0 1 0 2 0 1 1
+1 1 1 0 0 1
-1 1
+1 366 91 0 0 11 0 0 0 0 92 2
+2 182 91 0 1 44 0 1 30 0 91 24
+1 44 0 11
cob=(4)
cfi=(175)
cfn=(1126) 0x0000000004b34600
calls=11 -32 
* 316 66 0 8 5 0 8 4 0 47 13 11 1
* 22 0 0 0 0 0 0 0 0 11 3
+5 9 7

fl=(92)
fn=(304)
29 1 0 0 1 0 0 1
fi=(93) ./debug/../sysdeps/x86_64/multiarch/ifunc-memmove.h
+28 3 2 0 1 0 0 1
-1 2 0 0 0 0 0 0 0 0 1
+4 3 1 0 0 0 0 0 0 0 1
+14 2 0 0 0 0 0 0 0 0 1
+3 2 0 0 0 0 0 0 0 0 1
+8 2 0 0 0 0 0 0 0 0 1 1
+8 2 0 0 1 0 0 1 0 0 1 1
+3 5 1 0 2 0 0 2
fe=(92)

fl=(196) ./iconv/./iconv/gconv_simple.c
fn=(806) __gconv_btwoc_ascii
49 128 0 0 1 0 0 1
+2 512
+3 128 128

fl=(107)
fn=(340)
30 1 0 0 1 0 0 1
fi=(101) ./wcsmbs/../sysdeps/x86_64/multiarch/ifunc-avx2.h
+10 3 2
-2 4 0 0 0 0 0 0 0 0 1 1
fe=(107)
-8 2 1
fi=(101)
+11 2 1 0 1 0 0 1 0 0 1
+1 3 1 0 0 0 0 0 0 0 1
+3 2 0 0 0 0 0 0 0 0 1
+4 3 0 0 0 0 0 0 0 0 1
+3 5
fe=(107)

fl=(207) ./malloc/./malloc/morecore.c
fn=(1154) __glibc_morecore
25 4 0 0 1 0 0 1
+1 8 4 0 0 0 0 0 0 0 4
-1 8 0 4 1 0 0 1
+4 4 0 4
cfi=(208)
cfn=(1156)
calls=4 +8 
* 155 41 24 5 3 1 5 0 0 26 11
+1 8 0 0 0 0 0 0 0 0 4
+4 8 8

fl=(125)
fn=(382)
29 1 0 0 1 0 0 1
fi=(118)
+9 2 2
+1 1 1
-1 2 0 0 0 0 0 0 0 0 1
+1 2 0 0 1 0 0 1 0 0 1
+3 2 0 0 0 0 0 0 0 0 1
+4 3 0 0 0 0 0 0 0 0 1
+3 3 0 0 0 0 0 0 0 0 1 1
fe=(125)
-20 1 1

fl=(180)
fn=(600)
30 1 0 0 1 0 0 1
+1 2 0 0 0 0 0 0 0 0 1 1
-1 4 0 3
+1 4 1 0 0 0 0 0 0 0 1
+2 3 0 1 1 0 0 1
cob=(4)
cfi=(175)
cfn=(602) 0x0000000004b34660
calls=1 -33 
* 24 3 0 3 2 0 3 1 0 3 1 1 1
+4 5 1 1 0 0 1
+1 3 2 1
+2 4 4

fl=(209)
fn=(1158)
36 4 0 0 1 0 0 1
fi=(260) ./misc/../sysdeps/unix/sysv/linux/brk_call.h
-12 8
fe=(209)
+13 8 4 4
+1 8 0 0 0 0 0 0 0 0 4
+6 4
+1 4 4

fl=(213) ./csu/../sysdeps/nptl/libc_start_call_main.h
fn=(1324) (below main)
29 4 0 2 1 0 0 1
+15 1
-15 5 1 3
+15 1 0 1 1 0 0 1
cfi=(214) ./setjmp/../sysdeps/x86_64/bsd-_setjmp.S
cfn=(1326) _setjmp
calls=1 -16 
* 38 8 11 4 1 0 4 0 0 2 1
* 1
+2 2 0 0 0 0 0 0 0 0 1
+5 2 1 1 0 1
+1 2 1 1 0 1
+3 2 0 1
+3 6 5 1 1 0 0 1 0 0 0 0 1 1
cob=(8)
cfi=(217) /home/konrad/Documents/ast2ast/development/perf_subset.cpp
cfn=(1332) main
calls=1 -51 
* 1729769878 624470593 96555627 148 6930302 6782015 146 8 4153 384621741 5329 5180 17
+16 2 0 1
cfi=(235) ./stdlib/./stdlib/exit.c
cfn=(1504) exit
calls=1 +63 
* 11390 3757 1892 181 273 35 142 51 1 1720 251 103 64

fl=(244) ./libio/./libio/iofflush.c
fn=(1618) fflush
32 10 0 0 1 0 0 1
+1 20 0 0 0 0 0 0 0 0 10 3
-1 50 0 30
+7 20 10 0 0 2 0 0 1 0 10 8
+1 10 10 0 0 2
fi=(246)
1025 30 0 0 1 0 0 1
+1 20 0 0 0 0 0 0 0 0 10
fe=(244)
40 20 10 10 0 1 0 0 0 0 0 0 10 1
cfi=(245) ./libio/./libio/fileops.c
cfn=(1620) _IO_file_sync@@GLIBC_2.2.5
calls=10 793 
* 210 80 40 4 1 0 4 1 0 20 5
* 20
fi=(246)
979 20 10 0 0 0 0 0 0 0 10
+1 80 30 20 0 0 0 0 0 0 20
fe=(244)
44 50 40
-5 100 40 20 2 3 0 2 0 0 20 5

fl=(86)
fn=(290)
79 1 0 0 1 0 0 1
-31 2 2
+1 1 1
-2 4 0 0 1 0 0 1 0 0 1 1
+2 2 0 0 0 0 0 0 0 0 1
+3 2 0 0 0 0 0 0 0 0 1
+4 3 0 0 1 0 0 1 0 0 1
+3 3 0 0 0 0 0 0 0 0 1
+20 1 1

fl=(116)
fn=(360)
60 1 0 0 1 0 0 1
-17 2 2 0 1 0 0 1
-1 4 0 0 0 0 0 0 0 0 1 1
+2 3 1 0 0 0 0 0 0 0 1
+2 2 0 0 1 0 0 1 0 0 1
+4 3 0 0 0 0 0 0 0 0 1
+10 1 1

fl=(136)
fn=(422)
29 1 0 0 1 0 0 1
fi=(261) ./string/../sysdeps/x86_64/multiarch/ifunc-sse4_2.h
+7 5 2 0 1 0 0 1
fe=(136)
-7 1 1

fl=(198) ./string/../sysdeps/x86_64/multiarch/strlen-avx2.S
fn=(822) __strlen_avx2
52 69 0 0 1 0 0 1
+13 69
+1 69
+1 69
+3 69
+2 69
+1 69 0 0 0 0 0 0 0 0 69 3
+3 69 69 0 0 6 0 0 6
+1 69
+8 69
+1 69 0 0 0 0 0 0 0 0 69
+1 69
+5 138 69

fl=(204) ./malloc/./malloc/malloc.c
fn=(1492) _int_free_merge_chunk
4665 30 0 24 1 0 0 1
+1 6
-1 18 0 12 1 0 0 1
+5 36 6 0 0 1 0 0 0 0 6
+3 12 6 0 0 1 0 0 0 0 6 2
+5 18 6 0 0 3 0 0 0 0 6
+3 12
+1 12 0 0 1 0 0 1 0 0 6
+1 12 6 0 0 1 0 0 0 0 6
1992 18 6 0 0 0 0 0 0 0 6
4689 12 6 0 0 0 0 0 0 0 6 6
+2 3 3
+2 3
-1 3
+2 12 3 0 0 0 0 0 0 0 3 2
+2 6 0 3
cfn=(1496) unlink_chunk.isra.0
calls=3 1608 
* 72 30 9 3 0 0 3 0 0 15 2
+18 12 6 0 1 0 0 1 0 0 6
+6 12 6 0 0 0 0 0 0 0 6 1
+4 5 0 5
+9 5 5
-1 5
+1 15
+1 10 5 0 0 0 0 0 0 0 5
-1 1 1
-1 1
+1 3
+1 2 1 0 0 0 0 0 0 0 1
+2 6 0 6 1 0 0 1
+2 12 0 0 0 0 0 0 0 0 6 3
+5 6 0 6
+1 6 0 6
+2 18 0 6
+1 6 0 6
-45 6
-1 12
+1 36 36
-1 6
cfn=(1494) _int_free_maybe_consolidate
calls=6 +69 
* 216 84 42 4 2 0 4 0 0 30 9
+39 18 0 6 1 0 1 1
-19 1
+1 1
-1 1 0 1
cfn=(1496)
calls=1 1608 
* 24 10 3 0 0 0 0 0 0 5 1
+1 1
-47 18 6 0 1 0 0 1
-2 12 0 0 0 0 0 0 0 0 6 2

fn=(1494)
4770 66 6 42 1 1 0 1
+6 12 0 0 1 0 0 1 0 0 6 3
+22 66 54 0 0 0 0 0 0 0 6
-20 24 6 0 0 0 0 0 0 0 6
+3 18 0 0 1 0 0 1 0 0 6 3
+3 30 18 0 1 1 0 1 0 0 6 3

fn=(1160) alloc_perturb
1985 69 23 0 1 0 0 1 0 0 23
+2 23 23

fn=(1376) _int_free
4495 196 0 112 1 0 1 1
+4 84 28
+6 112 0 0 0 0 0 0 0 0 28
+1 56 0 0 1 0 0 1 0 0 28
+4 140 0 0 0 0 0 0 0 0 56
+8 112 56 0 0 0 0 0 0 0 28 2
-1 56
+1 56 28 0 0 1 0 0 0 0 28 6
+29 22 22 0 1 0 0 1
-20 22 22 0 0 5 0 0 1
-6 22
+6 44 22 0 0 1 0 0 0 0 22
+20 88 22 0 0 2 0 0 0 0 22 2
1792 6 6 0 0 1
4561 12 0 0 0 0 0 0 0 0 6 2
+97 132 110 0 1 0 0 1
-21 12 6 0 0 0 0 0 0 0 6
+3 12 6 0 0 1 0 0 0 0 6 2
+18 6
-12 6
+12 24 24
-12 6
cfn=(1492)
calls=6 +19 
* 762 232 135 14 8 1 14 0 0 125 28
3163 22 22 0 1 0 0 1
+4 22
-4 22 0 22
+2 88 22 22 1 6 0 1
+1 22 0 22
+1 22 0 22
4550 22

fn=(1140) malloc
3294 232 0 116 1 0 4 1
+7 58 29 0 0 7 0 0 1 0 29 2
1326 56 0 0 0 0 0 0 0 0 28
+19 138 0 0 1 0 0 1 0 0 29 6
3311 44
+2 116 58 0 0 12 0 0 0 0 29 1
+3 56 28 0 0 6 0 0 0 0 28 17
+10 44 22 0 1 6 0 1 0 0 22 8
+28 132 110
3248 4 2 1 1 0 0 1 0 0 1
cfn=(1150) tcache_init.part.0
calls=1 -6 
* 473 88 137 47 3 11 47 1 11 142 32
+68 2 1 0 1 0 0 1 0 0 1 1
+2 66 22 0 0 7 0 0 2 0 22 9
3178 14 7 0 0 3
+4 14 0 0 0 0 0 0 0 0 7
+4 7
+4 7
-4 21 7 7 0 2
+4 7 0 7
+1 7 0 7
3354 42 35
-26 88 0 22 1 0 3 1
cfn=(1152) _int_malloc
calls=22 3846 
* 3376 629 330 4 46 33 4 0 19 508 73
+1 110 22 0 1 0 0 1 0 0 44 1
fi=(205) ./malloc/./malloc/arena.c
153 44 0 0 0 0 0 0 0 0 22 4
264 1 0 1 1 0 0 1
cfn=(1144) ptmalloc_init.part.0
calls=1 -2 
* 1151 70 160 11 26 35 9 11 33 167 21 12 1
fe=(204)
1326 2 0 0 0 0 0 0 0 0 1 1

fn=(1152)
3846 253 23 161 1 3 6 1
1326 46 0 0 0 0 0 0 0 0 23
+19 136 0 0 1 0 0 1 0 0 23 2
3887 42 0 0 0 0 0 0 0 0 21
1794 21 21
3914 42 0 0 0 0 0 0 0 0 21 8
+65 18
-63 36
+3 9 9 0 1 3 0 1
+2 18 0 0 0 0 0 0 0 0 9 2
+56 24 0 0 2 0 0 2 0 0 12 3
+62 125 0 0 0 0 0 0 0 0 25 5
+1 21 7 0 0 1 0 0 0 0 7
+20 23 23 0 1 0 0 1
-1 23
-1 23
+1 46 0 23 0 0 2
+1 46 23 0 0 0 0 0 0 0 23 5
-2 44 22
+12 115 23 23 0 5 0 0 0 0 23 11
3887 4 0 0 0 0 0 0 0 0 2
+27 4 2 0 0 0 0 0 0 0 2 2
+66 16 0 0 1 0 0 1
+2 16 16 0 0 8
-2 16
+2 32 0 0 0 0 0 0 0 0 16 7
-68 6 0 0 1 0 0 1
1345 2
3919 4 2 0 0 1
+2 4 0 0 0 0 0 0 0 0 2
+9 33 0 0 1 0 0 1
4487 276 207 0 1 0 0 1 0 0 23
4257 69 0 0 2 0 0 2 0 0 23 7
+2 21
+3 7 7 0 0 4
-3 7
+3 14 0 0 0 0 0 0 0 0 7 1
+1 23
+71 69
-4 23
+1 23
+1 23
-1 23 0 0 1 0 0 1
+1 23
+1 46 23 0 0 5
+1 69
+5 92 0 0 0 0 0 0 0 0 23 2
+4 69 0 0 2 0 0 2 0 0 23 2
+3 64 16 0 0 0 0 0 0 0 16
-3 48 0 0 0 0 0 0 0 0 16
+3 64 16 0 0 0 0 0 0 0 16
-3 48 0 0 0 0 0 0 0 0 16 2
+3 60 15 0 0 0 0 0 0 0 15
-3 30 0 0 0 0 0 0 0 0 15 2
4443 23 23 0 1 0 0 1
+1 46 23 0 0 5
+2 46 23 0 0 6 0 0 0 0 23
+3 69 0 0 1 0 0 1 0 0 23 6
+17 12 3 3 0 0 0 0 0 0 3 2
4070 5 0 0 1 0 0 1
-91 30
2552 3 3 0 1 2 0 1
+12 3 3 0 0 1
-12 15 3 6 0 1
+12 3 0 0 0 0 0 0 0 0 3 3
4460 69 0 23 1 0 4 1
cfn=(1160)
calls=23 1985 
* 92 46 0 1 0 0 1 0 0 23
+1 23 0 0 1 0 0 1
-9 40
+2 40
-1 20 0 20
+1 20
-3 20
+3 20
+2 20
-2 80 0 20
+2 20 0 20 0 0 17 0 0 17
+3 40 0 0 1 0 0 1
2553 3 0 3 1 0 0 1
+36 9 3
+1 3
-1 3 0 3
+1 3 0 3
+9 24 6 0 0 0 0 0 0 0 10 3
+6 6 4 0 0 0 0 0 0 0 2
+3 9 0 0 1 0 0 1 0 0 3 3
2921 9 6 0 1 0 0 1 0 0 3
+1 3 0 3 1 0 0 1
+4 3 3
+4 15 6 0 0 0 0 0 0 0 3
+5 3
-2 3
+5 3
-3 6
-3 3
+2 3 0 3
+1 3
+1 3 0 0 1 0 0 1
-1 9 0 3
+1 3 0 3 0 0 3 0 0 3
4482 3
2669 9 3 3 1 0 0 1
+8 6 3 0 1 0 0 1 0 0 3
+1 9 3 3
+13 3 3
+2 3 3
-2 6 0 0 0 0 0 0 0 0 3
+8 15 3 3
+8 6 0 0 1 0 0 1 0 0 3 1
+48 4 2 0 2 0 0 2 0 0 2 1
+40 3 0 0 0 0 0 0 0 0 1 1
+19 2 1 0 1 0 0 1
+3 2
+1 6 1
+2 1 0 0 0 0 0 0 0 0 1
+1 5 0 4 1 0 0 1
cfi=(207)
cfn=(1154)
calls=1 25 
* 33 11 6 0 0 0 0 0 0 5 2
+12 4 3
-12 1
+12 1 0 0 0 0 0 0 0 0 1
2008 4 1 0 0 0 0 0 0 0 1
3882 1
2873 1
+3 1
-1 1 0 1
+1 4 0 1 1 0 1 1 0 1
+12 1 1
-11 1 0 1
+11 2 0 0 0 0 0 0 0 0 1 1
2783 1 0 0 1 0 0 1
-1 2
2017 2 2 0 1 0 0 1
2745 1 0 1
+1 1
+6 3 1
-6 1 0 1
+6 3 0 0 1 0 0 1 0 0 1 1
-6 2
+6 6 2
-6 2 0 2
+6 10 0 0 0 0 0 0 0 0 4
+1 12 2 2
-44 9 0 6 1 0 1 1
cfi=(207)
cfn=(1154)
calls=3 25 
* 162 42 26 7 3 1 7 0 0 29 9
+1 6 3
-1 3
+1 3 0 0 0 0 0 0 0 0 3
2008 3 3
2711 3
2008 9 0 0 0 0 0 0 0 0 3
2712 3
+3 6 0 0 0 0 0 0 0 0 3
+29 17 7 0 1 1 0 1 1 0 3 1

fn=(1150)
3242 4 0 2 1 0 0 1
+9 8 2 1 1 0 0 1 0 0 2
+1 3 0 1
cfn=(1152)
calls=1 3846 
* 359 81 50 44 3 2 44 1 2 57 22
+1 2 0 0 0 0 0 0 0 0 1
+8 4 1 1 0 0 0 0 0 0 2 1
+9 1 1 0 1 0 0 1
fi=(210) ./malloc/../string/bits/string_fortified.h
59 2
fe=(204)
3270 1 0 1
fi=(210)
59 86 0 81 0 0 9 0 0 9 80 9
fe=(204)
3274 3 3

fn=(1496)
1608 4 0 4 1 0 0 1
+2 12 4
-2 4
+2 8 4 0 1 0 0 1 0 0 4
+3 4 4
+1 8 4
+2 16 8 0 0 0 0 0 0 0 8
-3 4 4
+6 4 0 4
+1 4 0 4
+1 20 4 0 1 0 0 1 0 0 8 3
+24 8 8

fn=(1372) free
3359 28 0 0 1 0 0 1
+4 56 0 0 0 0 0 0 0 0 28 1
-4 84 0 56 1 0 0 1
+14 28
-14 84 0 56
+12 28 28 0 0 5
+4 28 28 0 0 11
-4 28 28 0 0 5
+4 56 0 0 0 0 0 0 0 0 28
+17 84 56 0 0 2 0 0 0 0 28
fi=(205)
153 84 0 0 0 0 0 0 0 0 28 5
fe=(204)
3398 84 0 28 1 0 0 1
cfn=(1376)
calls=28 4495 
* 2208 628 335 20 25 2 20 1 0 355 42
+3 28 0 28
+1 168 140

fl=(193) ./wcsmbs/./wcsmbs/wctob.c
fn=(796) wctob
30 1280 128 640 1 0 0 1
+9 384 0 0 0 0 0 0 0 0 128
+6 128
-1 256 0 0 0 0 0 0 0 0 128
+35 1152 896 0 1 0 0 1 0 0 128

fl=(127)
fn=(394)
29 1 0 0 1 0 0 1
fi=(84)
+11 3 2
-2 4 0 0 0 0 0 0 0 0 1 1
fe=(127)
-9 2 1
fi=(84)
+12 2 1 0 0 0 0 0 0 0 1
+1 3 1 0 1 0 0 1 0 0 1
+3 2 0 0 0 0 0 0 0 0 1
+4 3 0 0 0 0 0 0 0 0 1
+3 5
fe=(127)

fl=(94)
fn=(308)
29 1 0 0 1 0 0 1
fi=(93)
+28 3 2 0 1 0 0 1
-1 2 0 0 0 0 0 0 0 0 1
+4 3 1 0 0 0 0 0 0 0 1
+14 2 0 0 0 0 0 0 0 0 1
+3 2 0 0 0 0 0 0 0 0 1
+8 2 0 0 0 0 0 0 0 0 1 1
+8 2 0 0 1 0 0 1 0 0 1
+3 5 1 0 2 0 0 2
fe=(94)

fl=(195) ./elf/./elf/libc-dl-profstub.c
fn=(804) _dl_mcount_wrapper_check
36 128 0 0 1 0 0 1
+1 384 256 0 0 0 0 0 0 0 128 2
+1 128 128

fl=(245)
fn=(1620)
793 70 0 30 2 0 0 2
+5 40 20 0 0 1 0 0 1 0 10 3
+2 10 10
+1 20 10 0 1 0 0 1 0 0 10 2
+11 20 0 10 1 0 0 1
+4 50 40

fl=(100)
fn=(324)
31 2 0 0 1 0 0 1
fi=(101)
+9 6 4
-2 8 0 0 1 0 0 1 0 0 2 2
fi=(102) ./wcsmbs/../sysdeps/x86_64/multiarch/wcschr.c
-7 4 2
fi=(101)
+10 4 2 0 0 0 0 0 0 0 2
+1 6 2 0 0 0 0 0 0 0 2
+3 4 0 0 0 0 0 0 0 0 2
+4 6 0 0 0 0 0 0 0 0 2
+3 10 0 0 1 0 0 1
fe=(100)

fn=(390)
31 1 0 0 1 0 0 1
fi=(97) ./wcsmbs/../sysdeps/x86_64/multiarch/ifunc-wcs.h
+9 3 2
-1 4 0 0 0 0 0 0 0 0 1 1
+2 3 1 0 0 0 0 0 0 0 1
+3 2 0 0 0 0 0 0 0 0 1
+4 4
fe=(100)
-17 1 1

fl=(108)
fn=(344)
31 1 0 0 1 0 0 1
fi=(109) ./string/../sysdeps/x86_64/multiarch/ifunc-strncpy.h
+4 5 2 0 1 0 0 1 0 0 1
+1 3 1 0 0 0 0 0 0 0 1
+3 2 0 0 0 0 0 0 0 0 1
+4 3 0 0 0 0 0 0 0 0 1
+3 4
fe=(108)
-15 1 1

fl=(190) ./locale/./locale/newlocale.c
fn=(714) newlocale
43 15 1 8 2 0 0 2
+12 2 0 0 0 0 0 0 0 0 1 1
277 12 9 0 1 0 0 1 0 0 1
63 2 0 0 1 0 0 1 0 0 1
+3 1
-10 1 0 1
+10 2 0 0 0 0 0 0 0 0 1
+7 3 2 0 1 0 0 1 0 0 1
+2 1
-2 1 0 0 1 0 0 1 0 0 1 1

fl=(197) ./wctype/./wctype/wctype_l.c
fn=(818) wctype_l
26 80 0 50 1 0 0 1
+7 10
-7 30 0 10
+3 10 0 10 1 0 0 1
cob=(4)
cfi=(175)
cfn=(820)
calls=10 -29 
* 160 30 0 2 4 0 2 3 0 20 0 10 10
* 10
+3 30 20 10 0 1
+1 10
+7 48
+1 96 48 0 0 0 0 0 0 0 48
-8 48
+2 96 0 48
cob=(4)
cfi=(175)
cfn=(820)
calls=48 -35 
* 768 144 0 0 1 0 0 1 0 96 1 48
* 20 0 10
cob=(4)
cfi=(175)
cfn=(820)
calls=10 -35 
* 160 30 0 0 1 0 0 1 0 20 2 10
* 58
+2 312 0 49 1 0 0 1 0 0 58 10
cob=(4)
cfi=(175)
cfn=(824) 0x0000000004b34580
calls=49 -37 
* 1146 274 0 4 1 0 4 0 0 196 24 49 10
* 98 0 0 0 0 0 0 0 0 49 2
+8 20 20 0 0 1
+1 10 10 0 0 2
+1 80 70

fl=(220) ./string/../sysdeps/x86_64/multiarch/memset-vec-unaligned-erms.S
fn=(1350) __memset_avx2_unaligned_erms
158 16 0 0 1 0 0 1
+1 32
+5 16
+1 16 0 0 0 0 0 0 0 0 16 2
+1 16
+1 16
+1 16 0 0 0 0 0 0 0 0 16 9
+13 4 0 4
+1 4 0 4
+2 8 4
+53 16 16 0 1 6 0 1
+1 16 0 0 0 0 0 0 0 0 16 10
+6 8 0 8 0 0 4 0 0 4
+1 8 0 8 0 0 4 0 0 4
+12 8
+3 8
+1 8 0 0 0 0 0 0 0 0 8 4
+12 4 0 4 0 0 1 0 0 1
+1 4 0 4 0 0 3 0 0 3
+13 4
+1 4
+2 4 0 0 0 0 0 0 0 0 4
+3 4
+3 4
+3 4 0 4 1 0 0 1
+1 4 0 4 0 0 3 0 0 3
+1 4 0 4 0 0 1 0 0 1
+1 4 0 4 0 0 3 0 0 3
+1 4
+1 4
+1 4 0 0 0 0 0 0 0 0 4 4
-6 4 0 4 0 0 1 0 0 1
+1 4 0 4 0 0 3 0 0 3
+1 4 0 4 0 0 1 0 0 1
+1 4 0 4 0 0 3 0 0 3
+1 4
+1 4
+1 8 0 0 0 0 0 0 0 0 4
+3 4 0 4
+1 4 0 4
+1 4 0 4
+1 4 0 4 0 0 1 0 0 1
+3 8 4
+11 8 0 0 1 0 0 1
+1 8
+1 8
+1 352880 0 352872 0 0 5518 0 0 4107 352880 26
+1 8
+1 16 8 0 0 4

fl=(117)
fn=(362)
29 1 0 0 1 0 0 1
fi=(118)
+9 2 2
+1 1 1
-1 2 0 0 0 0 0 0 0 0 1
+1 2 0 0 1 0 0 1 0 0 1
+3 2 0 0 0 0 0 0 0 0 1
+4 3 0 0 0 0 0 0 0 0 1
+3 3 0 0 0 0 0 0 0 0 1 1
fe=(117)
-20 1 1

fl=(214)
fn=(1326)
28 1 0 0 1 0 0 1
+2 1
+2 1
cfi=(215) ./setjmp/../sysdeps/x86_64/setjmp.S
cfn=(1328) __sigsetjmp
calls=1 -1 
* 35 8 11 3 1 0 3 0 0 2 1

fl=(139)
fn=(432)
31 1 0 0 1 0 0 1
fi=(114) ./string/../sysdeps/x86_64/multiarch/ifunc-strcasecmp.h
+6 2 2
-1 4 0 0 0 0 0 0 0 0 1 1
fe=(139)
-5 2 1
fi=(114)
+7 3 1 0 1 0 0 1 0 0 1
+3 2 0 0 0 0 0 0 0 0 1
+4 3 0 0 0 0 0 0 0 0 1
+3 4 0 0 0 0 0 0 0 0 1
fe=(139)

fl=(235)
fn=(1504)
137 2 0 1 1 0 0 1
+1 3
-1 1
+1 1 0 1
cfn=(1506) __run_exit_handlers
calls=1 38 
* 11383 3757 1890 180 273 35 141 51 1 1720 251 103 64

fn=(1506)
38 12 0 8 1 0 0 1
+2 2 0 0 0 0 0 0 0 0 1 1
+3 5 0 1 1 0 1 1 0 0 1
+11 2 2 0 0 1
+2 2 0 0 0 0 0 0 0 0 1
+38 2
-30 39 13 0 0 1 0 0 0 0 13 1
+2 12
+1 12 12
-1 12 0 12 1 0 0 1
+3 106 12 0 0 1 0 0 0 0 35 4
+44 3 1 0 1 0 0 1 0 0 1 1
+13 1 0 0 1 0 0 1
-66 1 0 1 0 0 1
+66 3 1 1 0 0 0 0 0 0 2
+2 2 1 0 0 0 0 0 0 0 1 1
+3 2 0 1
cfi=(250) ./posix/../sysdeps/unix/sysv/linux/_exit.c
cfn=(1724) _Exit
calls=1 27 
* 6 1 0 1 1 0 1
-29 1 1 0 1 0 0 1
+1 1 1 0 0 1
-2 1 0 1
+3 1
+3 1
-3 2 1
+3 3 1 1 0 0 0 0 0 0 2
+1 3 0 1 0 0 0 0 0 0 0 0 1 1
cob=(1)
cfi=(237)
cfn=(1510)
calls=1 -82 
* 10763 3584 1778 139 261 33 100 49 1 1592 215 102 63
+1 4 0 1 1 0 0 1 0 0 1 1
+10 3 2 1 1 0 0 1
+1 2 0 0 0 0 0 0 0 0 1 1
-79 1 0 1 1 0 0 1
cfi=(236) ./stdlib/./stdlib/cxa_thread_atexit_impl.c
cfn=(1508) __call_tls_dtors
calls=1 148 
* 13 6 3 3 0 0 3 0 0 1 1
* 1
+88 1 0 1
cfi=(248)
cfn=(1714)
calls=1 842 
* 357 118 78 28 7 0 28 2 0 68 25
* 1

fl=(110)
fn=(348)
31 2 0 0 1 0 0 1
fi=(111) ./wcsmbs/../sysdeps/x86_64/multiarch/ifunc-evex.h
+7 6 4 0 1 0 0 1
-1 8 0 0 0 0 0 0 0 0 2 2
+2 6 2 0 0 0 0 0 0 0 2
+6 4
-3 4 0 0 0 0 0 0 0 0 2
+9 6 0 0 0 0 0 0 0 0 2
+3 8 0 0 1 0 0 1
fe=(110)
-23 2 2

fl=(95)
fn=(312)
29 1 0 0 1 0 0 1
fi=(84)
+11 3 2
-2 4 0 0 0 0 0 0 0 0 1 1
fe=(95)
-9 2 1
fi=(84)
+12 2 1 0 0 0 0 0 0 0 1 1
+1 3 1 0 1 0 0 1 0 0 1
+3 2 0 0 0 0 0 0 0 0 1
+4 3 0 0 0 0 0 0 0 0 1
+3 5
fe=(95)

fl=(188) ./nptl/./nptl/pthread_once.c
fn=(694) pthread_once@@GLIBC_2.34
136 14 0 0 1 0 0 1
+3 14 14 0 0 1 0 0 1
+1 28 0 0 0 0 0 0 0 0 14 1
+4 26 13
-1 1
cfn=(696) __pthread_once_slow
calls=1 -75 
* 1885 604 297 19 24 3 19 8 0 259 24 7 5

fn=(696)
68 11 1 5 1 0 0 1
+8 1 1
+4 2 0 0 0 0 0 0 0 0 1 1
+52 10 7 0 0 0 0 0 0 0 1
-44 2 1 0 1 1 0 1 1
+4 2 0 1 0 0 0 0 0 0 1
+9 2 0 0 0 0 0 0 0 0 1 1
+13 13 0 7 2 0 0 2
cfi=(189) ./nptl/./nptl/cleanup_compat.c
cfn=(698) _pthread_cleanup_push@@GLIBC_2.34
calls=1 -89 
* 7 2 4 1 1 0 1
+2 1 0 1 0 0 0 0 0 0 0 0 1 1
cob=(7)
cfi=(185)
cfn=(700)
calls=1 0 
* 1816 590 276 12 22 3 12 7 0 253 20 6 4
+2 3 0 1
cfi=(189)
cfn=(716) _pthread_cleanup_pop@@GLIBC_2.34
calls=1 -78 
* 6 2 1 1 0 0 1 0 0 1 1
fi=(191) ./nptl/../sysdeps/nptl/futex-internal.h
+91 3 0 0 1 0 0 1
fe=(188)
-85 1 0 1
fi=(191)
+85 5 0 0 0 0 0 0 0 0 1 1
fe=(188)

fl=(200) ./stdlib/./stdlib/cxa_atexit.c
fn=(1080) __cxa_atexit
67 84 0 60 1 0 0 1
-26 24 0 0 1 0 0 1 0 0 12
+2 96 0 12 0 0 1 0 0 0 12
+1 24 0 12
cfn=(1082) __new_exitfn
calls=12 +36 
* 440 96 73 4 3 0 4 1 0 59 15
+2 24 0 0 0 0 0 0 0 0 12
+8 12 0 12 0 0 6 0 0 6
-2 12
+3 12 0 12 1 0 0 1
+1 12 0 12
-4 24 12
+1 12 0 12
+4 48 12 12 0 0 0 0 0 0 24
+1 12
+11 72 72

fn=(1082)
80 12 0 0 1 0 0 1
+6 24 12 0 0 1 0 0 1 0 12
-6 48 0 36
+11 24 12 0 0 1
-10 12
+10 48 0 0 0 0 0 0 0 0 12 4
+2 24 12 0 0 1
+1 55 11 0 0 0 0 0 0 0 11 5
-1 24 0 0 1 0 0 1 0 0 12 5
-2 1 1
+10 1 0 1
-10 3 0 0 0 0 0 0 0 0 1 1
+13 22 0 0 0 0 0 0 0 0 11
+25 11
+1 22 0 11
-1 22
+7 11 0 11
+5 33 22
-4 11 0 11
+4 22 22
-5 1 0 1 1 0 0 1
+5 3 2
-4 1 0 1
+4 2 2
-18 1 0 1 1 0 0 1
-1 1
+12 1

fl=(128)
fn=(398)
29 1 0 0 1 0 0 1
fi=(109)
+6 5 2 0 0 0 0 0 0 0 1
+1 3 1 0 0 0 0 0 0 0 1 1
+3 2 0 0 0 0 0 0 0 0 1
+4 3 0 0 1 0 0 1 0 0 1 1
+3 4
fe=(128)
-17 1 1

fl=(236)
fn=(1508)
148 4 0 2 1 0 0 1
+1 1 1 0 1 0 0 1
-1 1 0 1
+1 3 1 0 0 0 0 0 0 0 1 1
+16 4 4 0 1 0 0 1

fl=(189)
fn=(698)
25 1 0 0 1 0 0 1
+3 1 0 1
+1 1 0 1
+1 2 1 1 0 1
+2 1 0 1
+1 1 1

fn=(716)
40 1 0 0 1 0 0 1
+3 2 1 1
+4 2 0 0 0 0 0 0 0 0 1 1
+2 1 1

fl=(115)
fn=(358)
29 1 0 0 1 0 0 1
fi=(261)
+7 5 2
fe=(115)
-7 1 1

fl=(134)
fn=(418)
29 1 0 0 1 0 0 1
fi=(135) ./string/../sysdeps/x86_64/multiarch/ifunc-evex.h
+9 3 2 0 1 0 0 1
-1 4 0 0 0 0 0 0 0 0 1 1
+2 3 1 0 0 0 0 0 0 0 1
+6 2
-3 2 0 0 0 0 0 0 0 0 1
+9 3 0 0 0 0 0 0 0 0 1
+3 4
fe=(134)
-25 1 1

fl=(205)
fn=(1144)
262 1 0 1 1 0 0 1
fi=(206) ./malloc/../sysdeps/unix/sysv/linux/not-cancel.h
97 3
fe=(205)
262 7 1 3
+5 1 0 1 1 0 0 1
fi=(206)
97 3
fi=(204)
3143 2 0 0 0 0 0 0 0 0 1 1
fe=(205)
292 2 1 0 1 1 0 1 0 0 1 1
+4 3 1 1 1 1 1 1
fi=(204)
1946 4
+3 1
-3 1
+3 2 0 1 0 0 1 0 0 1
-3 2 0 0 0 0 0 0 0 0 1 1
+3 126
-3 126
+3 252 0 126 0 0 32 0 0 31
-3 252 0 0 0 0 0 0 0 0 126 6
+11 1 0 1
fe=(205)
300 3 0 0 1 0 0 1
fi=(204)
1958 1 0 1 0 0 1 0 0 1
+2 1 0 1
fe=(205)
300 1 0 1
cob=(4)
cfi=(175)
cfn=(564)
calls=1 0 
* 25 5 1 2 3 0 0 1 0 3 1 1 1
+1 4 0 1
cob=(4)
cfi=(175)
cfn=(564)
calls=1 0 
* 26 5 1 0 1 0 0 0 0 3 2 1
+1 4 0 1 1 0 0 1
cob=(4)
cfi=(175)
cfn=(564)
calls=1 0 
* 25 5 1 0 2 0 0 1 0 3 1 1
+1 4 0 1
cob=(4)
cfi=(175)
cfn=(564)
calls=1 0 
* 25 5 1 0 2 0 0 1 0 3 2 1
+1 4 0 1
cob=(4)
cfi=(175)
cfn=(564)
calls=1 0 
* 26 5 1 0 2 0 0 1 0 3 2 1
+1 4 0 1
cob=(4)
cfi=(175)
cfn=(564)
calls=1 0 
* 25 5 1 0 2 0 0 1 0 3 1 1
+1 4 0 1 1 0 0 1
cob=(4)
cfi=(175)
cfn=(564)
calls=1 0 
* 25 5 1 0 2 0 0 1 0 3 1 1
+2 4 0 1
cob=(4)
cfi=(175)
cfn=(564)
calls=1 0 
* 25 5 1 0 1 0 0 0 0 3 1 1
+1 4 0 1
cob=(4)
cfi=(175)
cfn=(564)
calls=1 0 
* 25 5 1 0 2 0 0 1 0 3 1 1
+1 4 0 1 1 0 0 1
cob=(4)
cfi=(175)
cfn=(564)
calls=1 0 
* 25 5 1 0 2 0 0 1 0 3 0 1
+3 4 0 1
cob=(4)
cfi=(175)
cfn=(564)
calls=1 0 
* 25 5 1 0 2 0 0 1 0 3 0 1
+1 4 0 1
cob=(4)
cfi=(175)
cfn=(564)
calls=1 0 
* 25 5 1 0 2 0 0 1 0 3 0 1
+2 2 1 0 0 1 0 0 1 0 1
+10 8 6 0 1 0 0 1 0 0 1

fl=(212) ./csu/../csu/libc-start.c
fn=(1308) __libc_start_main@@GLIBC_2.34
242 13 0 7 1 0 0 1
+69 3 0 0 0 0 0 0 0 0 1
+1 3 0 1
cfi=(200)
cfn=(1080)
calls=1 67 
* 76 16 18 0 0 1 0 0 1 10 1
+25 6 2 1 1 0 0 1 0 0 1
+6 2 2
-3 2 0 0 0 0 0 0 0 0 1 1
+10 2 1 1
cob=(4)
cfi=(175)
cfn=(1320) 0x0000000004b347b0
calls=1 0 
* 7 3 0 2 2 0 2 0 0 1 0 1 1
+2 2 0 0 0 0 0 0 0 0 1
+8 4 1 1
cfi=(213)
cfn=(1324)
calls=1 29 
* 1729781334 624474366 96557541 336 6930578 6782050 295 59 4154 384623464 5581 5284 82
128 2 2 0 1 1 0 1
+6 3 1 0 0 1 0 0 0 0 1
+1 6 2 2 0 1 0 0 0 0 0 0 1 1
cob=(4)
cfi=(175)
cfn=(1310) 0x0000000000109000
calls=1 0 
* 7 2 0 1 0 0 1 0 0 1 1
* 1 1
+3 1 1 0 0 1
+1 2 0 0 1 0 0 1 0 0 1
+3 2 2 0 0 1
+1 2 2
-1 1
+2 7 0 1 0 0 0 0 0 0 1
+1 4 1 2 1 1 0 1 0 0 0 0 1 1
cob=(8)
cfi=(211)
cfn=(1314) 0x0000000000002540
calls=1 0 
* 12 1 0 2 0 0 2 0 0 1 1
-1 4 1 0 0 0 0 0 0 0 1

fl=(87)
fn=(292)
30 1 0 0 1 0 0 1
fi=(88) ./wcsmbs/../sysdeps/x86_64/multiarch/ifunc-wcslen.h
+11 2 2 0 1 0 0 1
-1 4 0 0 0 0 0 0 0 0 1 1
+2 3 1 0 0 0 0 0 0 0 1
+3 2 0 0 1 0 0 1 0 0 1
+4 3 0 0 0 0 0 0 0 0 1
+3 3 0 0 0 0 0 0 0 0 1
fe=(87)
-22 1 1

fl=(98)
fn=(320)
29 1 0 0 1 0 0 1
fi=(99)
+28 3 2
-1 2 0 0 0 0 0 0 0 0 1
+4 3 1 0 1 0 0 1 0 0 1
+14 2 0 0 0 0 0 0 0 0 1
+3 2 0 0 0 0 0 0 0 0 1
+8 2 0 0 0 0 0 0 0 0 1 1
+8 2 0 0 1 0 0 1 0 0 1 1
+3 5 1 0 1 0 0 1
fe=(98)

fl=(249)
fn=(1718)
24 2 0 0 1 0 0 1
+1 2 2
+2 4 2 2 1 0 0 1
+2 4 2 0 0 1
+3 4 0 0 0 0 0 0 0 0 2
+14 6 0 2
+2 2 0 2
+1 2 2

fn=(1720)
54 2 0 0 1 0 0 1
+1 2 2
+2 4 2 2
+2 2 2
+1 6 2 0 0 0 0 0 0 0 2 2
+11 2 2 0 1 0 0 1

fl=(126)
fn=(386)
31 1
fi=(114)
+6 2 2 0 1 0 0 1
-1 4 0 0 0 0 0 0 0 0 1 1
fe=(126)
-5 2 1
fi=(114)
+7 3 1 0 1 0 0 1 0 0 1
+3 2 0 0 0 0 0 0 0 0 1
+4 3 0 0 0 0 0 0 0 0 1
+3 4 0 0 0 0 0 0 0 0 1
fe=(126)

fl=(242)
fn=(1528)
82 10 0 5 1 0 0 1
+1 10
-1 20 0 5
+1 10 0 5 0 0 1 0 0 1 5 3
fi=(243) ./posix/../malloc/dynarray-skeleton.c
243 5 5 0 0 2 0 0 1
fe=(242)
71 10 0 0 1 0 0 1 0 0 5 3
+38 20 5 5 1 0 0 1 0 0 10
+1 15 15

fl=(96)
fn=(316)
31 1 0 0 1 0 0 1
fi=(97)
+9 3 2
-1 4 0 0 0 0 0 0 0 0 1 1
+2 3 1 0 0 0 0 0 0 0 1
+3 2 0 0 0 0 0 0 0 0 1
+4 4
fe=(96)
-17 1 1

fl=(138)
fn=(428)
33 1
fi=(99)
+24 3 2
-1 2 0 0 0 0 0 0 0 0 1
+4 3 1 0 1 0 0 1 0 0 1
+14 2 0 0 0 0 0 0 0 0 1
+3 2 0 0 0 0 0 0 0 0 1
+8 2 0 0 0 0 0 0 0 0 1 1
+8 2 0 0 1 0 0 1 0 0 1 1
+3 5 1 0 1 0 0 1
fe=(138)

fl=(194) ./wcsmbs/./wcsmbs/btowc.c
fn=(802) btowc
32 512 0 256 1 0 0 1
+5 256
-5 2048 256 1024
+5 1536 0 0 1 0 0 1 0 0 512 1
+5 512 0 0 0 0 0 0 0 0 256 3
+4 384 384 0 0 1
fi=(262) ./wcsmbs/./wcsmbsload.h
+23 128 128 0 0 1
+1 384 128 0 0 1 0 0 0 0 128
fe=(194)
-23 128 128 0 0 1
+1 128 128 0 0 1
-1 128 128 0 1 1 0 1
+1 128 0 0 0 0 0 0 0 0 128 2
+4 512 128 0 0 0 0 0 0 0 256
+3 256 0 128
cfi=(195)
cfn=(804)
calls=128 -19 
* 640 384 0 1 0 0 1 0 0 128 2
* 512 384 0 0 0 0 0 0 0 128 1
+39 128
-39 256
+39 512 512
-39 128 0 0 0 0 0 0 0 0 0 0 128 1
cfi=(196)
cfn=(806)
calls=128 -6 
* 768 128 0 1 0 0 1
+39 1152 896 0 1 0 0 1 0 0 128

fl=(113)
fn=(354)
31 1 0 0 1 0 0 1
fi=(114)
+6 2 2
-1 4 0 0 0 0 0 0 0 0 1 1
fe=(113)
-5 2 1
fi=(114)
+7 3 1 0 1 0 0 1 0 0 1
+3 2 0 0 0 0 0 0 0 0 1
+4 3 0 0 0 0 0 0 0 0 1
+3 4 0 0 1 0 0 1 0 0 1
fe=(113)

fl=(129)
fn=(402)
29 1
fi=(130) ./wcsmbs/../sysdeps/x86_64/multiarch/ifunc-memcmp.h
+5 5 2 0 1 0 0 1 0 0 1
+1 2 1 0 0 0 0 0 0 0 1
+1 2 0 0 0 0 0 0 0 0 1
+1 3 1 0 0 0 0 0 0 0 1
+3 2 0 0 0 0 0 0 0 0 1
+4 3 0 0 0 0 0 0 0 0 1
+3 4 0 0 1 0 0 1
fe=(129)
-18 2 1

fl=(137)
fn=(424)
31 1 0 0 1 0 0 1
fi=(97)
+9 3 2
-1 4 0 0 1 0 0 1 0 0 1 1
+2 3 1 0 0 0 0 0 0 0 1
+3 2 0 0 0 0 0 0 0 0 1
+4 4
fi=(263) ./wcsmbs/../sysdeps/x86_64/multiarch/wcpncpy.c
-17 1 1
fe=(137)

fl=(216) ./setjmp/./setjmp/sigjmp.c
fn=(1330) __sigjmp_save
28 6 0 2
+2 2 0 0 0 0 0 0 0 0 1
-1 1 0 1
+5 4 3

fl=(91)
fn=(300)
29 1 0 0 1 0 0 1
fi=(88)
+12 2 2
-1 4 0 0 0 0 0 0 0 0 1 1
+2 3 1 0 1 0 0 1 0 0 1
+3 2 0 0 0 0 0 0 0 0 1
+4 3 0 0 0 0 0 0 0 0 1
+3 3 0 0 1 0 0 1 0 0 1
fe=(91)
-23 1 1

fl=(215)
fn=(1328)
31 1 0 0 1 0 0 1
+2 1 0 1
+9 1
+1 2 1
+1 1 0 1
+4 1 0 1
+1 1 0 1
+1 1 0 1
+1 1 0 1
+1 1
+2 2 1 0 1 0 0 1
+2 1 0 1
+1 1 1
+1 1
+2 2 1
+2 1 0 1
+5 1 1 0 0 1
+1 1 0 0 0 0 0 0 0 0 1 1
+17 1 0 0 1 0 0 1
cfi=(216)
cfn=(1330)
calls=1 -57 
* 13 3 3 0 0 0 0 0 0 1

fl=(250)
fn=(1724)
27 2 1 0 1 1 0 1
+3 2

fl=(131)
fn=(406)
29 1
fi=(93)
+28 3 2
-1 2 0 0 0 0 0 0 0 0 1
+4 3 1 0 0 0 0 0 0 0 1
+14 2 0 0 0 0 0 0 0 0 1
+3 2 0 0 1 0 0 1 0 0 1
+8 2 0 0 0 0 0 0 0 0 1 1
+8 2 0 0 0 0 0 0 0 0 1
+3 5 1
fe=(131)

fl=(119)
fn=(366)
31 1 0 0 1 0 0 1
fi=(114)
+6 2 2 0 1 0 0 1
-1 4 0 0 0 0 0 0 0 0 1 1
fe=(119)
-5 2 1
fi=(114)
+7 3 1 0 1 0 0 1 0 0 1
+3 2 0 0 0 0 0 0 0 0 1
+4 3 0 0 0 0 0 0 0 0 1
+3 4 0 0 0 0 0 0 0 0 1
fe=(119)

fl=(112)
fn=(352)
67 1 0 0 1 0 0 1
-23 2 2 0 1 0 0 1
-1 4 0 0 0 0 0 0 0 0 1 1
+24 2 1
-22 3 1 0 1 0 0 1 0 0 1
+3 2 0 0 0 0 0 0 0 0 1
+4 3 0 0 0 0 0 0 0 0 1
+3 4 0 0 0 0 0 0 0 0 1

fl=(121)
fn=(374)
29 1 0 0 1 0 0 1
fi=(122) ./string/../sysdeps/x86_64/multiarch/ifunc-memcmp.h
+5 5 2 0 1 0 0 1 0 0 1
+1 2 1 0 0 0 0 0 0 0 1
+1 2 0 0 0 0 0 0 0 0 1
+1 3 1 0 0 0 0 0 0 0 1
+3 2 0 0 0 0 0 0 0 0 1
+4 3 0 0 0 0 0 0 0 0 1
+3 4 0 0 1 0 0 1
fe=(121)
-18 2 1

fl=(81)
fn=(280)
86 1 0 0 1 0 0 1
fi=(82) ./string/../sysdeps/x86/cacheinfo.h
-27 1 1 0 0 1
+3 3 1 0 1 1 0 1 0 0 1
+2 1
+1 1 0 1 0 0 1 0 0 1
-1 2 0 1
+7 3 1 0 0 0 0 0 0 0 1
+2 1
+1 1 0 1
-1 2 0 1 1 0 0 1
+5 2 1 1 0 0 1 0 0 1
+2 2 1 1
+1 2 1 1
+1 2 1 1
+2 2 1 0 1 1 0 1 0 0 1 1
+2 2 1
fe=(81)

fl=(225) ./string/../sysdeps/x86_64/multiarch/memmove-vec-unaligned-erms.S
fn=(1388) __memcpy_avx_unaligned_erms
255 5003 0 0 1 0 0 1
+1 5003
+6 5003
+1 5003 0 0 0 0 0 0 0 0 5003 4
+42 5003
+1 5003 0 0 0 0 0 0 0 0 5003 4
+36 5003 5003 0 1 5001 0 1
+1 5003 5003
+1 5003 0 5003 0 0 4999
+1 5003 0 5003
+2 5003 5003

fl=(174)
fn=(562)
55 2 0 1 1 0 0 1
+1 2 0 0 1 0 0 1
-1 2 0 1
+1 2
-1 4 1 1
+1 1 0 1
cob=(4)
cfi=(175)
cfn=(564)
calls=1 -56 
* 26 5 1 1 3 0 1 1 0 3 2 1 1
+2 4 0 1
cob=(4)
cfi=(175)
cfn=(564)
calls=1 -58 
* 25 5 1 0 2 0 0 1 0 3 0 1
+2 4 0 1 1 0 0 1
cob=(4)
cfi=(175)
cfn=(564)
calls=1 -60 
* 26 5 1 0 1 0 0 0 0 3 2 1

ob=(7)
fl=(185)
fn=(784)
0 40 0 16 1 0 0 1
cob=(4)
cfi=(175)
cfn=(808) 0x0000000004902f00
calls=8 0 
0 3316 894 369 19 29 0 19 11 0 478 57 76 31
0 72 0 16 0 0 1 0 0 1 8 2
cob=(4)
cfi=(175)
cfn=(808)
calls=4 0 
0 1745 329 81 0 0 0 0 0 0 283 12 67 12
0 23 5 4 0 0 1 0 0 1 4 2
cob=(4)
cfi=(175)
cfn=(786)
calls=1 0 
0 24 10 4 0 1 0 0 0 0 1 1 1 1
0 2 0 0 1 0 0 1

fn=(856) std::__timepunct<wchar_t>::__timepunct(std::__timepunct_cache<wchar_t>*, unsigned long)
0 16 1 8 1 1 1 1 0 1
cob=(4)
cfi=(175)
cfn=(672)
calls=1 0 
0 5 2 0 0 0 0 0 0 0 0 0 1
0 4 0 2 1 0 0 1
cob=(4)
cfi=(175)
cfn=(858) 0x0000000004903300
calls=1 0 
0 1147 328 161 15 11 0 15 3 0 145 4 5 2
0 4 4

fn=(868) std::__cxx11::messages<wchar_t>::messages(unsigned long)
0 14 1 6 1 1 1 1 0 1
cob=(4)
cfi=(175)
cfn=(684)
calls=1 0 
0 25 8 3 0 0 0 0 0 0 2 0 2
0 2 0 2
cob=(4)
cfi=(175)
cfn=(672)
calls=1 0 
0 5 2 0 0 0 0 0 0 0 0 0 1
0 5 4 1

fn=(906) std::moneypunct<char, true>::_M_initialize_moneypunct(__locale_struct*, char const*)
0 115 38 31 6 0 1 6 0 0 13 7

fn=(960) std::moneypunct<wchar_t, false>::_M_initialize_moneypunct(__locale_struct*, char const*)
0 109 30 31 5 0 0 5 0 0 14 2

fn=(1042) std::ios_base::_M_init()
0 120 16 56 2 1 0 2 1
cob=(4)
cfi=(175)
cfn=(650)
calls=8 0 
0 256 96 56 0 0 0 0 0 0 24 6 8
0 24 0 8
cob=(4)
cfi=(175)
cfn=(1044) 0x00000000049039c0
calls=8 0 
0 899 317 161 4 8 0 4 1 0 107 11 10 3
0 16 0 8 1 0 0 1
cob=(4)
cfi=(175)
cfn=(1050) 0x0000000004903ea0
calls=8 0 
0 823 294 145 3 9 0 3 1 0 104 11 10 3
0 64 48 0 0 0 0 0 0 0 8

fn=(1244)
0 44 22 10 3 9 0 3 1 0 11

ob=(2)
fl=(174)
fn=(562)
62 6 5 0 0 0 0 0 0 0 1

fl=(85)
fn=(288)
29 1 0 0 1 0 0 1
fi=(261)
+7 5 2 0 1 1 0 1
fe=(85)
-7 1 1

ob=(7)
fl=(185)
fn=(1244)
0 6 3 2 0 1 0 0 0 0 1

ob=(3)
fl=(153)
fn=(476)
27 1 0 0 1 0 0 1
fi=(142) ./math/../sysdeps/x86_64/fpu/multiarch/ifunc-fma.h
+2 4 2 0 0 0 0 0 0 0 1
+1 3 1 0 1 0 0 1
fe=(153)
-3 1 1

fl=(158)
fn=(496)
49 6 3 0 2 0 0 2 0 0 1 1

fl=(148)
fn=(460)
27 1 0 0 1 0 0 1
fi=(142)
+2 4 2 0 0 0 0 0 0 0 1
+1 3 1
fe=(148)
-3 1 1

fl=(147)
fn=(456)
27 1 0 0 1 0 0 1
fi=(142)
+2 4 2 0 0 0 0 0 0 0 1
+1 3 1
fe=(147)
-3 1 1

fl=(151)
fn=(472)
27 1 0 0 1 0 0 1
fi=(152) ./math/../sysdeps/x86_64/fpu/multiarch/ifunc-fma4.h
+4 4 2 0 1 0 0 1 0 0 1
+1 2 1 0 0 0 0 0 0 0 1 1
fe=(151)
-5 1 1

fl=(157)
fn=(492)
26 1 0 0 1 0 0 1
fi=(142)
+3 4 2 0 0 0 0 0 0 0 1
+1 3 1
fe=(157)
-4 1 1

fl=(150)
fn=(468)
30 1 0 0 1 0 0 1
fi=(142)
-1 4 2 0 0 0 0 0 0 0 1
+1 4 2
fe=(150)

fl=(161)
fn=(510)
26 1 0 0 1 0 0 1
fi=(144) ./math/../sysdeps/x86_64/fpu/multiarch/ifunc-avx-fma4.h
+6 5 2 0 0 0 0 0 0 0 1
+1 2 1 0 1 0 0 1 0 0 1 1
fe=(161)
-7 1 1

fl=(143)
fn=(444)
27 1 0 0 1 0 0 1
fi=(144)
+5 5 2 0 0 0 0 0 0 0 1
+1 2 1 0 0 0 0 0 0 0 1 1
fe=(143)
-6 1 1 0 1 0 0 1

fl=(156)
fn=(498)
27 1 0 0 1 0 0 1
fi=(152)
+4 4 2 0 0 0 0 0 0 0 1
+1 2 1 0 0 0 0 0 0 0 1 1
fe=(156)
-5 1 1

fn=(488)
35 1 0 0 1 0 0 1
fi=(152)
-4 4 2 0 0 0 0 0 0 0 1
+1 2 1 0 1 0 0 1 0 0 1 1
+3 1 1
fe=(156)

fl=(183)
fn=(1696)
0 9 3 2 2 2 0 0 0 0 2
cob=(4)
cfi=(175)
cfn=(1702) 0x0000000004d2e220
calls=1 0 
0 134 31 13 1 0 0 1 0 0 36 3 1 1
0 1 0 1
cfn=(1706) 0x0000000000010430
calls=1 0 
0 5 1 0 2 0 0 1 0 0 1 1
0 3 2 1

fn=(1706)
0 5 1 0 2 0 0 1 0 0 1 1

fn=(612)
0 12 1 0 3 0 0 3 0 0 1 1

fl=(146)
fn=(452)
34 1 0 0 1 0 0 1
fi=(144)
-2 5 2 0 1 0 0 1 0 0 1
+1 2 1 0 0 0 0 0 0 0 1 1
fe=(146)
+1 1 1

fn=(514)
27 1 0 0 1 0 0 1
fi=(144)
+5 5 2 0 0 0 0 0 0 0 1
+1 2 1 0 0 0 0 0 0 0 1 1
fe=(146)
-6 1 1

fl=(145)
fn=(448)
27 1 0 0 1 0 0 1
fi=(142)
+2 4 2 0 1 0 0 1 0 0 1
+1 3 1
fe=(145)
-3 1 1

fl=(159)
fn=(502)
26 1 0 0 1 0 0 1
fi=(142)
+3 4 2 0 0 0 0 0 0 0 1
+1 3 1 0 1 0 0 1
fe=(159)
-4 1 1

fl=(154)
fn=(480)
26 1 0 0 1 0 0 1
fi=(142)
+3 4 2 0 0 0 0 0 0 0 1
+1 3 1
fe=(154)
-4 1 1

fl=(141)
fn=(440)
26 1 0 0 1 0 0 1
fi=(142)
+3 4 2 0 0 0 0 0 0 0 1
+1 3 1
fe=(141)
-4 1 1

fl=(160)
fn=(506)
27 1 0 0 1 0 0 1
fi=(142)
+2 4 2 0 0 0 0 0 0 0 1
+1 3 1
fe=(160)
-3 1 1

fl=(162)
fn=(518)
26 1 0 0 1 0 0 1
fi=(152)
+5 4 2 0 1 0 0 1 0 0 1
+1 2 1 0 0 0 0 0 0 0 1 1
fe=(162)
-6 1 1

fl=(155)
fn=(484)
27 1 0 0 1 0 0 1
fi=(144)
+5 5 2 0 0 0 0 0 0 0 1
+1 2 1 0 0 0 0 0 0 0 1 1
fe=(155)
-6 1 1 0 1 0 0 1

fl=(149)
fn=(464)
26 1 0 0 1 0 0 1
fi=(142)
+3 4 2 0 1 0 0 1 0 0 1
+1 3 1
fe=(149)
-4 1 1

ob=(6)
fl=(184)
fn=(1666)
0 5 0 2 1
cfn=(1668) 0x00000000000048f0
calls=1 0 
0 16 6 4 2 1 0 2 0 0 3 2
0 2 0 1
cfn=(1668)
calls=1 0 
0 16 6 4 0 0 0 0 0 0 3 2
0 3 2 1

fn=(622)
0 364 17 45 40 2 0 40 1 0 105 30

fn=(1678)
0 9 3 2 1 2 0 0 0 0 2
cob=(4)
cfi=(175)
cfn=(1684) 0x0000000004ae23c0
calls=1 0 
0 134 31 13 1 1 0 1 0 0 36 3 1 1
0 1 0 1
cfn=(1688) 0x0000000000005a60
calls=1 0 
0 5 1 0 2 0 0 1 0 0 1 1
0 3 2 1 1

fn=(624)
0 12 1 0 3 0 0 3 0 0 1 1

fn=(1668)
0 32 12 8 2 1 0 2 0 0 6 4

fn=(1688)
0 5 1 0 2 0 0 1 0 0 1 1

ob=(8)
fl=(224) /usr/include/c++/13/bits/vector.tcc
fn=(1380) std::vector<unsigned long, std::allocator<unsigned long> >::operator=(std::vector<unsigned long, std::allocator<unsigned long> > const&) [clone .isra.0]
213 10008 0 0 0 0 0 0 0 0 5004 1
-3 35028 0 20016 0 0 5000
fi=(221) /usr/include/c++/13/bits/stl_vector.h
993 10008 10008 0 0 5000
+87 10008 10008
-87 10008
+87 5004
fe=(224)
236 10008 0 0 1 0 0 1 0 0 5004 5
fi=(221)
993 14997 4999
fe=(224)
248 9998 0 0 0 0 0 0 0 0 4999 1
fi=(219) /usr/include/c++/13/bits/stl_algobase.h
436 9998 0 0 0 0 0 0 0 0 4999
+1 14997 0 4999
cob=(4)
cfi=(175)
cfn=(1386) 0x0000000000109200
calls=4999 0 
* 64987 19996 9998 0 9998 4999 0 0 0 9998 0 4999
fe=(224)
262 14997 4999 4999
+3 29994 24995
fi=(222) /usr/include/c++/13/bits/new_allocator.h
134 15 0 0 1 0 0 1 0 0 5 2
+17 10 0 5 1 0 0 1
cob=(4)
cfi=(175)
cfn=(1354) 0x00000000001091b0
calls=5 0 
* 464 111 61 0 9 1 0 0 0 64 6 10
* 5
fi=(219)
436 10 0 0 0 0 0 0 0 0 5 2
+1 12 0 3
cob=(4)
cfi=(175)
cfn=(1386)
calls=3 0 
* 39 12 6 3 1 0 3 0 0 6 6 3 1
fe=(224)
244 5 5
fi=(221)
389 10 0 0 0 0 0 0 0 0 5 3
fe=(224)
244 2 1
fi=(222)
-72 1 0 1
cob=(4)
cfi=(175)
cfn=(1358) 0x00000000001091c0
calls=1 0 
* 95 28 14 0 6 0 0 0 0 12 0 3
fe=(224)
+74 5
-1 5 0 5
+1 5 0 5
+16 5 0 5 1 0 0 1
+3 30 25
fi=(219)
398 6 2 2 1 0 0 1
fe=(224)

fl=(228) /home/konrad/Documents/ast2ast/development/../inst/include/etr_bits/./Core/ArrayClass.hpp
fn=(1486) etr::Array<etr::Double, etr::Buffer<etr::Double, etr::LBufferTrait> >::~Array()
13 6 0 2 1 0 0 1
fi=(221)
370 2 2
+19 4 0 0 0 0 0 0 0 0 2
-19 4 2
fi=(222)
172 2 0 2
cob=(4)
cfi=(175)
cfn=(1358)
calls=2 0 
* 190 56 28 0 1 0 0 0 0 24 0 6
fi=(218) /home/konrad/Documents/ast2ast/development/../inst/include/etr_bits/./Core/Buffer.hpp
294 4 2 0 1 0 0 1 0 0 2 1
+1 4 1 1 0 0 0 0 0 0 1
cob=(4)
cfi=(175)
cfn=(1452) 0x00000000001091e0
calls=1 0 
* 190 55 30 11 9 0 11 0 0 30 10 3
+1 4 1 1 0 0 0 0 0 0 1
cob=(4)
cfi=(175)
cfn=(1452)
calls=1 0 
* 223 67 34 3 0 0 3 0 0 36 13 3
-2 4 2 0 0 0 0 0 0 0 2
+1 8 2 2 0 0 0 0 0 0 2
cob=(4)
cfi=(175)
cfn=(1452)
calls=2 0 
* 380 110 60 0 4 1 0 0 0 60 4 6
+1 6 2 0 0 0 0 0 0 0 2
fe=(228)
13 2 2
fi=(218)
296 2 0 0 1 0 0 1
cob=(4)
cfi=(175)
cfn=(1452)
calls=2 0 
* 473 144 71 0 0 0 0 0 0 77 11 6
fe=(228)

fn=(1406) etr::Array<etr::Integer, etr::Buffer<etr::Integer, etr::LBufferTrait> >::Array<etr::Integer, etr::Buffer<etr::Integer, etr::RBufferTrait> >(etr::Array<etr::Integer, etr::Buffer<etr::Integer, etr::RBufferTrait> >&&)
105 2 0 0 1 0 0 1
fi=(218)
253 2
fe=(228)
105 2 0 2
241 2
105 8 0 4
fi=(218)
253 8 0 8 1 0 3 1
fi=(223) /usr/include/c++/13/bits/move.h
-55 2 2
fi=(218)
+55 2 0 2
fi=(221)
100 4 0 4
fi=(223)
+98 2 2
fi=(218)
409 2 0 2
fi=(223)
199 2 0 2
-1 4 0 4
fe=(228)
-91 2
fi=(223)
+92 4 0 4
fe=(228)
-92 2 0 2
cfi=(224)
cfn=(1380)
calls=2 213 
* 208 56 38 1 0 0 1 0 0 26 11 4
+1 8 8 0 1 0 0 1

fn=(1410) etr::Array<etr::Double, etr::Buffer<etr::Double, etr::LBufferTrait> >::Array(etr::SI const&)
74 2 0 1
fi=(218)
288 1
fe=(228)
74 5 1 3 1 0 0 1
fi=(218)
288 3 0 3
fi=(227) /home/konrad/Documents/ast2ast/development/../inst/include/etr_bits/./Core/Types.hpp
99 4 0 0 0 0 0 0 0 0 1
fi=(218)
310 7 2 0 1 0 0 1 0 0 2
-1 2
+2 1
-2 1
+2 1
-2 1 0 1
+2 3 0 1 0 0 0 0 0 0 1
cob=(4)
cfi=(175)
cfn=(1334) 0x0000000000109140
calls=1 0 
* 206 40 21 0 1 1 0 0 1 30 3 3
+1 1 1
-1 1 0 1
+1 1 0 1
cob=(4)
cfi=(175)
cfn=(1334)
calls=1 0 
* 201 40 21 0 1 1 0 0 1 29 3 3
+59 2 2 0 1 0 0 1
-59 2 0 1
fi=(219)
930 3 0 0 0 0 0 0 0 0 1
+1 2 0 1
cob=(4)
cfi=(175)
cfn=(1348) 0x0000000000109180
calls=1 0 
* 76851 3 76832 0 1 1201 0 0 1201 76836 6 1
-1 2 0 0 0 0 0 0 0 0 1
+1 4 0 1
cob=(4)
cfi=(175)
cfn=(1348)
calls=1 0 
* 9623 3 9604 0 2 151 0 0 150 9608 5 1
fe=(228)
74 1 1 0 0 1
fi=(218)
288 1
+26 1 0 1 0 0 1
-26 3 0 3 1 0 1 1
fi=(227)
99 2 0 0 0 0 0 0 0 0 1
fi=(218)
310 7 2 0 0 1 0 0 0 0 2
-1 2 0 0 1 0 0 1
+2 1
-2 1
+2 1
-2 1 0 1
+2 3 0 1 0 0 0 0 0 0 1
cob=(4)
cfi=(175)
cfn=(1334)
calls=1 0 
* 355 81 43 0 20 6 0 0 1 58 8 3
* 1 0 1
+1 2 1 1
cob=(4)
cfi=(175)
cfn=(1334)
calls=1 0 
* 201 40 21 0 1 1 0 0 1 29 2 3
+59 2 2
-59 2 0 1
fi=(219)
930 3 0 0 1 0 0 1 0 0 1
+1 2 0 1
cob=(4)
cfi=(175)
cfn=(1348)
calls=1 0 
* 76851 3 76832 0 1 1200 0 0 1200 76836 2 1
-1 2 0 0 0 0 0 0 0 0 1
+1 4 0 1
cob=(4)
cfi=(175)
cfn=(1348)
calls=1 0 
* 9623 3 9604 0 2 151 0 0 150 9608 3 1
fi=(218)
314 1 0 1 0 0 1
fi=(221)
100 1
fi=(222)
+51 1
fi=(221)
-51 2 0 2
fi=(222)
+51 1 0 1
cob=(4)
cfi=(175)
cfn=(1354)
calls=1 0 
* 62 17 10 0 9 1 0 0 0 8 2 2
fi=(219)
931 1 1 0 0 1
fi=(221)
400 1 0 0 1 0 0 1
-2 1 0 1
+2 1 0 1
fi=(219)
931 1 0 1
fi=(221)
1706 1 0 1
fe=(228)
74 6 5 0 0 1

fn=(1498) etr::Array<etr::Integer, etr::Buffer<etr::Integer, etr::LBufferTrait> >::~Array()
13 6 0 2
fi=(221)
370 2 2 0 0 1
+19 4 0 0 0 0 0 0 0 0 2
-19 4 2
fi=(222)
172 2 0 2
cob=(4)
cfi=(175)
cfn=(1358)
calls=2 0 
* 190 56 28 0 3 0 0 0 0 24 1 6
fi=(218)
294 8 4 0 1 1 0 1 0 0 4 2
+1 8 2 2 0 2 0 0 0 0 2
cob=(4)
cfi=(175)
cfn=(1452)
calls=2 0 
* 190 56 28 0 3 0 0 0 0 24 1 6
+1 6 2 0 0 0 0 0 0 0 2
fe=(228)
13 2 2
fi=(218)
296 2
cob=(4)
cfi=(175)
cfn=(1452)
calls=2 0 
* 190 56 28 0 3 0 0 0 0 24 0 6
fe=(228)

fn=(1476) etr::Array<etr::Double, etr::SubsetView<etr::Buffer<etr::Double, etr::LBufferTrait>, 2ul, etr::SubsetViewTrait> >::~Array()
559 3 0 1 1 0 0 1
fi=(221)
370 1 1
+19 2 0 0 0 0 0 0 0 0 1
-19 2 1
fi=(222)
172 1 0 1
cob=(4)
cfi=(175)
cfn=(1358)
calls=1 0 
* 95 28 14 0 10 1 0 0 0 12 1 3
fi=(218)
294 2 1 0 0 0 0 0 0 0 1 1
fi=(232) /usr/include/c++/13/variant
513 1 1 0 1 0 0 1
-20 2 0 0 0 0 0 0 0 0 1
1813 2 0 0 0 0 0 0 0 0 1
fi=(230) /usr/include/c++/13/optional
317 2 1 0 0 0 0 0 0 0 1
fe=(228)
559 2 2

fl=(217)
fn=(1332)
7 2 0 1 1 0 0 1
fi=(218)
311 1
fe=(217)
7 6 0 5 1 0 0 1
fi=(218)
309 1 1 0 0 1 0 0 1
fe=(217)
7 3 1 1
fi=(218)
309 1 0 1
+2 1 0 1
cob=(4)
cfi=(175)
cfn=(1334)
calls=1 0 
* 1014 326 179 6 12 14 5 0 1 141 24 5 4
+1 1
-1 2 0 1 1 0 0 1
+1 1 0 1
cob=(4)
cfi=(175)
cfn=(1334)
calls=1 0 
* 201 40 21 0 0 1 0 0 1 29 6 3 1
fi=(219)
931 3
fi=(218)
312 2 0 1
fi=(219)
931 1 0 1
cob=(4)
cfi=(175)
cfn=(1348)
calls=1 0 
* 80019 3 80000 4 2 1250 4 0 1250 80004 9 1 1
* 4 0 1
cob=(4)
cfi=(175)
cfn=(1348)
calls=1 0 
* 10019 3 10000 0 2 157 0 0 156 10004 7 1
fi=(221)
100 1
fi=(222)
+51 1
fi=(218)
314 1 0 1 1 0 1 1
fi=(221)
100 4 0 4 0 0 2
fi=(222)
+51 1 0 1
cob=(4)
cfi=(175)
cfn=(1354)
calls=1 0 
* 210 43 21 2 15 4 2 0 0 32 12 2 1
fi=(219)
437 1 1 0 0 1
fi=(218)
-50 2
fi=(222)
151 1
fi=(218)
387 1 0 0 1 0 0 1
fi=(219)
+50 1 0 1
fi=(218)
-50 1 0 1
cob=(4)
cfi=(175)
cfn=(1348)
calls=1 0 
* 80019 3 80000 0 1 1251 0 0 0 80004 5 1
+1 4 0 1
cob=(4)
cfi=(175)
cfn=(1348)
calls=1 0 
* 10019 3 10000 0 2 157 0 0 0 10004 5 1
fi=(222)
151 2 0 1
cob=(4)
cfi=(175)
cfn=(1354)
calls=1 0 
* 210 43 21 0 15 5 0 0 1 32 11 2
fi=(219)
437 1 1
fi=(222)
172 2
fi=(221)
400 1
-2 1 0 1 0 0 1
fi=(228)
107 1 0 0 1 0 0 1
fi=(219)
437 1 0 1
fi=(221)
-37 1 0 1
605 1 0 1
fi=(222)
172 1 0 1
cob=(4)
cfi=(175)
cfn=(1358)
calls=1 0 
* 1529 549 284 15 78 20 14 4 0 202 23 8 6
fi=(223)
+26 1 0 1 0 0 1
fi=(218)
+55 1
fi=(228)
107 1
fi=(223)
+91 1 1 0 0 1
fi=(228)
-91 1
fi=(218)
253 1 0 1 1 0 1 1
fi=(228)
107 1
fi=(223)
+91 1 0 1
fi=(221)
-98 1 0 1
fi=(223)
+99 1 0 1
fi=(218)
409 1 0 1
253 2 0 2
fi=(221)
100 1 0 1
fi=(223)
+99 1 0 1 1 0 1 1
-1 1 0 1
+1 1 0 1
fi=(228)
-92 1 0 1
cfi=(224)
cfn=(1380)
calls=1 213 
* 121 31 21 7 0 0 7 0 0 15 7 3 1
fi=(221)
738 5 0 2 0 0 1
cfn=(1390) std::_Vector_base<unsigned long, std::allocator<unsigned long> >::~_Vector_base()
calls=1 367 
* 103 30 14 2 0 0 2 0 0 13 2 3 2
fi=(218)
455 2 0 1
cfn=(1392) etr::SoABuffer<etr::Double, etr::RBufferTrait>::~SoABuffer()
calls=1 293 
* 4 2 0 1 0 0 1 0 0 1
238 2 1 0 1 0 0 1 0 0 1 1
fe=(217)
16 7 1 2 0 1 1
fi=(231) /home/konrad/Documents/ast2ast/development/../inst/include/etr_bits/./Core/Scalars.hpp
1663 2 0 2
fe=(217)
16 2 0 2 1 0 1 1
cfi=(226) /home/konrad/Documents/ast2ast/development/../inst/include/etr_bits/Allocation.hpp
cfn=(1394) auto etr::colon<etr::Integer, etr::Integer>(etr::Integer const&, etr::Integer const&)
calls=1 166 
* 1836 202 344 10 29 19 10 3 10 326 31 15
* 6 1 2
cfi=(228)
cfn=(1406)
calls=1 +89 
* 133 34 36 4 0 2 4 0 0 13 6 2
fi=(221)
738 3 0 1
cfn=(1390)
calls=1 367 
* 103 30 14 0 0 0 0 0 0 13 0 3
fi=(218)
495 2 0 1
cfn=(1408) etr::SoABuffer<etr::Integer, etr::RBufferTrait>::~SoABuffer()
calls=1 293 
* 4 2 0 1 0 0 1 0 0 1
fe=(217)
17 5 0 2 1 0 0 1
fi=(231)
1663 2 0 2
fe=(217)
17 1 0 1
cfi=(226)
cfn=(1394)
calls=1 166 
* 1836 202 344 0 0 9 0 0 9 326 25 15
* 4 1 1
cfi=(228)
cfn=(1406)
calls=1 +88 
* 133 34 36 0 0 1 0 0 0 13 5 2
fi=(221)
738 2 0 1
cfn=(1390)
calls=1 367 
* 103 30 14 0 0 0 0 0 0 13 0 3
fi=(218)
495 2 0 1 1 0 0 1
cfn=(1408)
calls=1 293 
* 4 2 0 0 0 0 0 0 0 1
fe=(217)
18 2
fi=(227)
300 1 0 1
fe=(217)
18 1 0 1
cfi=(228)
cfn=(1410)
calls=1 +56 
* 174082 248 173021 7 42 2716 7 0 2705 173054 34 18
+2 9 0 3 1 0 0 1
cfi=(229) /home/konrad/Documents/ast2ast/development/../inst/include/etr_bits/Subsetting/PreservingSubsetting.hpp
cfn=(1418) auto etr::subset<etr::Array<etr::Double, etr::Buffer<etr::Double, etr::LBufferTrait> >, etr::Array<etr::Integer, etr::Buffer<etr::Integer, etr::LBufferTrait> >, etr::Array<etr::Integer, etr::Buffer<etr::Integer, etr::LBufferTrait> > >(etr::Array<etr::Double, etr::Buffer<etr::Double, etr::LBufferTrait> >&, etr::Array<etr::Integer, etr::Buffer<etr::Integer, etr::LBufferTrait> > const&, etr::Array<etr::Integer, etr::Buffer<etr::Integer, etr::LBufferTrait> > const&)
calls=1 532 
* 10588 2993 818 39 44 37 39 0 20 2136 44 42 1
* 5 0 1
fi=(227)
163 1 1
fi=(234) /usr/include/c++/13/bits/shared_ptr_base.h
1463 1
fi=(230)
120 1 0 1 0 0 1
fi=(264) /usr/include/c++/13/bits/stl_construct.h
-1 1 0 1
fi=(227)
+44 1 0 1 1 0 0 1
-6 1 1
fi=(264)
-38 1 0 1 0 0 1
fi=(227)
+38 1 0 1
fi=(232)
513 1 1
fi=(230)
280 1 0 1
120 1 0 1 0 0 1
fi=(227)
+21 1 0 1
fi=(234)
1463 3 0 3 1 0 0 1
fi=(232)
1855 2 0 0 0 0 0 0 0 0 1
fi=(227)
163 4999 4999
fi=(234)
1463 4999
fi=(230)
120 4999 0 4999
fi=(264)
-1 4999 0 4999
fi=(227)
+44 4999 0 4999
-6 4999 4999
fi=(264)
-38 4999 0 4999
fi=(227)
+38 4999 0 4999
fi=(232)
513 4999 4999
fi=(230)
280 4999 0 4999
120 4999 0 4999
fi=(227)
+21 4999 0 4999
fi=(234)
1463 14997 0 14997
fi=(232)
1855 9998 0 0 0 0 0 0 0 0 4999
-42 10000 0 0 0 0 0 0 0 0 5000
fi=(229)
19 10000 10000
fi=(218)
342 10000 5000 0 0 0 0 0 0 0 5000
+4 10000 5000 0 1 0 0 1 0 0 5000
+5 5000 0 5000
fi=(223)
198 10000 10000 0 0 1
fi=(228)
47 15000 0 0 0 0 0 0 0 0 5000
fi=(227)
214 10000 10000 0 1 0 0 1
fi=(218)
385 5000 5000
fi=(232)
1627 5000 5000
fi=(227)
274 5000 5000
fi=(232)
1210 15000 0 0 0 0 0 0 0 0 5000
fi=(233) /usr/include/c++/13/array
208 10000
fi=(229)
28 20000 15000
-2 10000 5000
+2 10000 5000 0 1 0 0 1
fi=(227)
+71 10000 5000 0 0 1 0 0 0 0 5000
fi=(233)
208 96030000
fi=(229)
28 192060000 144045000
-2 96030000 48015000
+2 96030000 48015000
fi=(227)
+71 192070000 96035000 0 0 0 0 0 0 0 96035000
fi=(218)
379 144060000 144060000 0 0 6130000
+1 48020000 48020000
fi=(231)
1839 192080000 96040000 0 0 770000 0 0 0 0 96040000 3
fi=(227)
99 192080000 0 0 1 0 0 1 0 0 96040000 2
fi=(218)
387 48020000 0 48020000 0 0 6005000
+1 48020000 0 48020000 0 0 754983
fi=(228)
47 144060000 0 0 0 0 0 0 0 0 48020000 5000
fi=(232)
1210 96030000 0 0 0 0 0 0 0 0 48015000 2
fi=(231)
1840 144060000 0 0 1 0 0 1
fi=(227)
214 5000 5000 0 0 5000
fi=(223)
-17 5000 5000 0 1 5000 0 1
+2 5000 5000
-1 5000
fi=(228)
-14 5000
fi=(223)
+14 10000 5000 5000 0 5000
-1 5000 5000
+1 5000 0 5000
+1 5000 0 5000
fi=(218)
409 5000 0 5000 1 0 0 1
fi=(223)
197 5000 0 5000
+1 5000 0 5000
+1 5000 0 5000
fi=(228)
-15 5000 0 5000 0 0 5000
cfi=(224)
cfn=(1380)
calls=5000 +29 
* 250169 75045 40028 0 15014 10000 0 0 0 30021 5 5005
fi=(234)
1070 15000 5000 0 0 0 0 0 0 0 5000 3
fi=(230)
317 10000 5000 0 1 0 0 1 0 0 5000
fi=(234)
1070 30000 10000 0 2 0 0 2 0 0 10000 6
fi=(230)
317 10000 5000 0 1 0 0 1 0 0 5000
fe=(217)
21 10000 0 0 0 0 0 0 0 0 5000 4
fi=(227)
+78 4 2 0 0 0 0 0 0 0 2
fe=(217)
-74 1 1 0 1 0 0 1
+1 1 1
-1 6 1 0 0 1
+1 1 0 1
cfi=(228)
cfn=(1476)
calls=1 559 
* 115 35 16 2 10 1 2 0 0 17 2 3
* 2 1 1 0 1
cfi=(228)
cfn=(1486)
calls=1 -13 
* 978 291 150 17 12 0 17 0 0 156 34 15
* 2 1 1
cfi=(228)
cfn=(1498)
calls=1 -13 
* 307 91 45 1 8 0 1 0 0 41 3 9
* 2 1 1
cfi=(228)
cfn=(1498)
calls=1 -13 
* 307 91 45 0 5 0 0 0 0 41 1 9
* 2 1 1 1 0 0 1
cfi=(228)
cfn=(1486)
calls=1 -13 
* 530 157 81 0 2 1 0 0 0 83 5 9
* 12 9 0 0 1 0 0 0 0 1
fi=(218)
238 1 1 0 1 0 0 1
387 1 1
fe=(217)
15 1
fi=(218)
388 1 1
fe=(217)
15 50002 0 10000 0 0 1251 0 0 0 10001 1
fi=(218)
388 10000 0 10000 0 0 123
fe=(217)
15 10000 0 0 1 0 0 1
fi=(218)
238 20000 10000 0 0 0 0 0 0 0 10000 1
fe=(217)

fl=(221)
fn=(1390)
367 3 0 0 1 0 0 1
+3 3 3
+19 6 0 0 0 0 0 0 0 0 3
-19 3 3
fi=(222)
172 3 0 0 1 0 0 1
fe=(221)
370 3
fi=(222)
172 3
cob=(4)
cfi=(175)
cfn=(1358)
calls=3 0 
* 285 84 42 0 0 0 0 0 0 36 2 9 2
fe=(221)

fl=(218)
fn=(1392)
293 1 0 0 1 0 0 1
+1 3 2 0 0 0 0 0 0 0 1

fn=(1408)
293 2 0 0 1 0 0 1
+1 6 4 0 0 0 0 0 0 0 2

fl=(211)
fn=(1314)
0 12 1 0 2 0 0 2 0 0 1 1

fn=(1306)
0 12 2 3 2 1 0 2 0 0 0 0 1 1
cob=(2)
cfi=(212)
cfn=(1308)
calls=1 242 
0 1729781508 624474407 96557575 346 6930586 6782051 305 59 4155 384623485 5585 5287 85

fn=(1534) 0x0000000000002490
0 5 1 0 0 0 0 0 0 0 1 1

fn=(1518)
0 9 3 2 1 2 0 1 0 0 2 1
cob=(4)
cfi=(175)
cfn=(1524) 0x0000000000109130
calls=1 0 
0 134 31 13 9 7 1 9 1 1 36 13 1 1
0 1 0 1
cfn=(1534)
calls=1 0 
0 5 1 0 0 0 0 0 0 0 1 1
0 3 2 1

fl=(229)
fn=(1420) std::variant<etr::out_L, etr::StridedResult<2> > etr::create_indices<etr::Array<etr::Double, etr::Buffer<etr::Double, etr::LBufferTrait> >, etr::Array<etr::Integer, etr::Buffer<etr::Integer, etr::LBufferTrait> >, etr::Array<etr::Integer, etr::Buffer<etr::Integer, etr::LBufferTrait> > >(etr::Array<etr::Double, etr::Buffer<etr::Double, etr::LBufferTrait> > const&, etr::Array<etr::Integer, etr::Buffer<etr::Integer, etr::LBufferTrait> > const&, etr::Array<etr::Integer, etr::Buffer<etr::Integer, etr::LBufferTrait> > const&)
424 2 0 1 1 0 0 1
fi=(221)
100 1
fe=(229)
424 6 0 5 1 0 1 1
fi=(265) /usr/include/c++/13/bits/stl_iterator.h
1077 2 2 0 0 1
fe=(229)
424 1 0 1 0 0 1
fi=(265)
1337 1
fe=(229)
424 3 1 1
fi=(221)
100 1 0 1 0 0 1
1909 1
100 1 0 1 1 0 1 1
1909 2 0 0 0 0 0 0 0 0 1
381 3 0 0 0 0 0 0 0 0 1
fi=(222)
151 3 0 1
cob=(4)
cfi=(175)
cfn=(1354)
calls=1 0 
* 210 43 21 0 7 5 0 0 1 32 1 2
fi=(221)
1693 1
-1 1 0 1
fi=(222)
151 1
fi=(221)
1693 1 0 1
fi=(219)
436 4 0 0 1 0 0 1 0 0 1
+1 15 0 4 1 0 0 1
cob=(4)
cfi=(175)
cfn=(1386)
calls=1 0 
* 13 4 2 0 1 0 0 0 0 2 2 1
fe=(229)
-7 1
fi=(221)
1694 1 0 1
fe=(229)
430 3 2 0 0 0 0 0 0 0 1
fi=(227)
-98 1
fe=(229)
434 2
fi=(227)
332 3 0 1 1 0 1 1
fe=(229)
-19 1 0 1
+1 1 0 1
434 5 0 5 1 0 1 1
+1 3 0 3 0 0 2
fi=(227)
331 2 0 2
+1 1 0 1
cfi=(229)
cfn=(1428) auto etr::fill_index_lists<2ul, etr::Array<etr::Integer, etr::Buffer<etr::Integer, etr::LBufferTrait> > const&, etr::Array<etr::Integer, etr::Buffer<etr::Integer, etr::LBufferTrait> > const&>(std::vector<unsigned long, std::allocator<unsigned long> > const&, std::array<etr::Buffer<etr::Integer, etr::LBufferTrait>, 2ul>&, std::array<std::variant<etr::Buffer<etr::Integer, etr::LBufferTrait> const*, etr::AxisStride>, 2ul>&, etr::Array<etr::Integer, etr::Buffer<etr::Integer, etr::LBufferTrait> > const&, etr::Array<etr::Integer, etr::Buffer<etr::Integer, etr::LBufferTrait> > const&)::{lambda(auto:1 const&)#1}::operator()<etr::Array<etr::Integer, etr::Buffer<etr::Integer, etr::LBufferTrait> > >(etr::Array<etr::Integer, etr::Buffer<etr::Integer, etr::LBufferTrait> > const&) const
calls=1 -16 
* 4547 1314 291 18 16 11 18 0 9 970 18 8
* 3 1 1
cfi=(229)
cfn=(1428)
calls=1 -16 
* 4547 1314 291 0 11 9 0 0 9 970 12 8
fi=(221)
100 1 0 0 1 0 0 1
fi=(222)
+51 1
fi=(221)
-51 1 0 1
fi=(222)
+51 1 0 1
cob=(4)
cfi=(175)
cfn=(1354)
calls=1 0 
* 210 43 21 0 0 1 0 0 1 32 1 2
fi=(219)
931 1
fi=(221)
400 1
-2 1 0 1
fi=(222)
151 1
fi=(219)
931 1 0 1
fi=(232)
1625 1 1
fi=(221)
400 1 0 1
1706 1 0 1 1 0 0 1
fi=(232)
1196 2 0 0 0 0 0 0 0 0 1
fe=(229)
448 1 1
fi=(232)
1625 1 1
fe=(229)
448 1 0 1
fi=(232)
1196 2 0 0 0 0 0 0 0 0 1
fe=(229)
448 1 1
260 1 1
469 2 0 0 1 0 0 1
-2 1 0 1
-5 1
+7 1
-21 1 0 1
260 1 1
465 1 1
+2 1 0 1
-5 1 0 1
+3 1
+1 1 1
-4 1 0 1 1 0 0 1
+3 1
+1 1 0 1
-1 5 1
+1 3 1 1
+3 1
-3 1 0 1 1 0 0 1
+3 1 0 1
cfi=(224)
cfn=(1380)
calls=1 213 
* 266 57 32 0 0 0 0 0 0 39 3 3
-56 1 1
fi=(232)
+74 1 0 1
fi=(222)
172 2
fe=(229)
413 2 2
fi=(221)
106 1 1
fe=(229)
413 1 0 1
fi=(221)
107 1 1 0 1 0 0 1
fe=(229)
413 2 0 2
fi=(221)
107 1 0 1
-1 1 0 1
fi=(222)
+66 1 0 1
cob=(4)
cfi=(175)
cfn=(1358)
calls=1 0 
* 95 28 14 0 5 0 0 0 0 12 2 3
fi=(233)
-78 2
fi=(218)
294 2 1 0 0 0 0 0 0 0 1
fi=(233)
94 1
fi=(218)
294 2 1 0 0 0 0 0 0 0 1
+1 8 2 2 0 0 0 0 0 0 2
cob=(4)
cfi=(175)
cfn=(1452)
calls=2 0 
* 190 56 28 1 1 0 1 0 0 24 1 6 1
+1 8 2 2 1 0 0 1 0 0 2 2
cob=(4)
cfi=(175)
cfn=(1452)
calls=2 0 
* 190 56 28 0 1 0 0 0 0 24 0 6
fi=(233)
94 4 0 0 0 0 0 0 0 0 2 1
fi=(221)
370 1 1
+19 2 0 0 0 0 0 0 0 0 1
-19 2 1
fi=(222)
172 1 0 1
cob=(4)
cfi=(175)
cfn=(1358)
calls=1 0 
* 95 28 14 0 0 0 0 0 0 12 0 3
fe=(229)
528 12 9 0 1 0 0 1 0 0 1

fn=(1436) void etr::assign_dim_entry<2ul>(std::array<std::variant<etr::Buffer<etr::Integer, etr::LBufferTrait> const*, etr::AxisStride>, 2ul>&, unsigned long&, etr::Buffer<etr::Integer, etr::LBufferTrait> const&)
61 18 0 8 2 0 0 2
fi=(218)
238 6 4 0 0 0 0 0 0 0 2
fe=(229)
38 4 0 0 0 0 0 0 0 0 2 2
fi=(218)
380 2 2 0 1 0 0 1
-1 4 2
fi=(227)
99 2 2
fi=(218)
379 2 2
fi=(227)
99 8 0 0 0 0 0 0 0 0 4
fi=(230)
214 2
fe=(229)
42 4 0 0 1 0 0 1 0 0 2
fi=(227)
+57 2 2
fi=(218)
379 2 2
fi=(227)
99 2 0 0 0 0 0 0 0 0 2
fe=(229)
-53 2
+2 2
-2 2
+2 580 0 0 0 0 0 0 0 0 194 3
fi=(231)
1662 576 192 0 1 0 0 1
fi=(218)
379 192 192
fi=(227)
97 192
fi=(231)
1252 192
fi=(227)
99 384 0 0 0 0 0 0 0 0 192
fe=(229)
-48 768 0 0 0 0 0 0 0 0 192 2
+13 8 2
fi=(233)
203 4
fe=(229)
64 2 0 2
fi=(232)
1499 4 2 0 0 0 0 0 0 0 2
224 2 0 2
570 2 0 2
224 2 0 2
fe=(229)
68 12 10
-14 8 0 0 2 0 0 2
fi=(227)
+45 4 0 0 0 0 0 0 0 0 2 2
fe=(229)

fn=(1418)
532 9 1 3 1 1 0 1
+6 2 0 1 1 0 0 1
cfn=(1420)
calls=1 424 
* 10546 2981 803 34 43 34 34 0 20 2133 43 42 1
fi=(232)
-25 1 1
1855 2 0 0 0 0 0 0 0 0 1
-42 2 0 0 0 0 0 0 0 0 1 1
fe=(229)
549 8 5 0 1 0 0 1 0 0 1
fi=(232)
224 2 2 0 1 0 0 1
fi=(218)
+29 1
fi=(230)
120 1 0 1 0 0 1
fi=(232)
224 1 1
fi=(221)
106 1 1
fi=(227)
257 1 0 1
fi=(232)
-33 1 0 1
fi=(221)
107 1 1
fi=(232)
636 1 0 1 0 0 1
fi=(218)
253 1 0 1 1 0 1 1
fi=(221)
107 1 0 1
fi=(232)
224 2 0 2
fi=(218)
+29 2 0 2
fi=(221)
106 1 0 1
fe=(229)
548 1

fn=(1428)
316 20 0 12 2 0 0 2
+3 2 2
fi=(221)
1148 2 2
fi=(218)
238 2 2 0 0 2
fi=(221)
1148 2 2
fe=(229)
319 4 4
fi=(218)
-81 4 2 0 0 1 0 0 0 0 2
fi=(227)
99 4 0 0 0 0 0 0 0 0 2
fe=(229)
325 4 0 0 0 0 0 0 0 0 2 1
+3 8 6 0 1 0 0 1
fi=(233)
203 2
fe=(229)
328 2 0 2
fi=(233)
203 4
fi=(218)
342 4 2 0 0 0 0 0 0 0 2 2
fe=(229)
-12 4 0 0 0 0 0 0 0 0 2
+1 2 0 0 1 0 0 1
fi=(218)
+54 2
fi=(219)
239 2
fi=(218)
385 4
fi=(227)
99 784 392 0 0 0 0 0 0 0 392 2
fi=(218)
379 196 196
fe=(229)
-48 392
fi=(218)
+48 196 196 0 0 14
+1 196 196
fe=(229)
-49 392 196 0 1 5 0 1
fi=(231)
1252 196
fi=(227)
99 1176 392 0 0 0 0 0 0 0 588
fi=(218)
387 392 196 196
+1 392 196 196
fe=(229)
-58 588 0 0 0 0 0 0 0 0 196 6
+5 6 4 0 1 0 0 1
-19 14 12
+19 2
cfn=(1436)
calls=2 61 
* 2996 414 16 7 0 0 7 0 0 594 9
fi=(218)
-26 2 0 2 1 0 0 1
+1 26 4 4 1 1 0 1 0 0 4
+1 2
-1 4 0 4
+1 8 0 2 0 0 0 0 0 0 2
cob=(4)
cfi=(175)
cfn=(1334)
calls=2 0 
* 422 86 42 0 3 4 0 0 2 64 2 6
+1 2 2
-1 2 0 2
+1 4 2 2
cob=(4)
cfi=(175)
cfn=(1334)
calls=2 0 
* 428 88 42 0 1 2 0 0 2 64 1 6
+59 4 4 0 1 0 0 1
-59 2 0 2
fi=(219)
930 2 2
fi=(218)
312 2
+59 2 2
fi=(219)
930 8 2 0 0 0 0 0 0 0 2 2
+1 12 0 10 1 0 0 1
cob=(4)
cfi=(175)
cfn=(1348)
calls=2 0 
* 90 6 32 0 0 12 0 0 12 14 3 2
* 8 8
-1 4 0 0 0 0 0 0 0 0 2
+1 12 0 6
cob=(4)
cfi=(175)
cfn=(1348)
calls=2 0 
* 42 6 8 0 0 2 0 0 2 8 2 2
* 4 4
fi=(218)
314 4 0 2 1 0 0 1
+1 2
fe=(229)

fl=(226)
fn=(1394)
166 18 0 12 0 0 1
-38 4 4
+38 6 2 2 1 1 0 1
-28 4 0 0 0 0 0 0 0 0 2
+1 2
fi=(218)
310 4 2 0 0 1 0 0 1
fe=(226)
139 6 0 2 0 0 1
fi=(218)
310 4 2
fe=(226)
139 4 0 2 1 0 0 1
fi=(218)
309 2 0 2
+1 6 0 0 0 0 0 0 0 0 2
+1 2
-1 2 0 2
+1 8 0 2 0 0 1 0 0 0 2
cob=(4)
cfi=(175)
cfn=(1334)
calls=2 0 
* 422 86 42 0 14 5 0 1 2 64 12 6
+1 2
-1 4 0 2 1 0 0 1
+1 2 0 2
cob=(4)
cfi=(175)
cfn=(1334)
calls=2 0 
* 428 88 42 0 2 2 0 1 2 64 4 6
fi=(219)
931 4
fi=(218)
312 4 0 2
+59 4 2
fi=(219)
931 2 0 2
cob=(4)
cfi=(175)
cfn=(1348)
calls=2 0 
* 90 6 32 1 1 12 1 0 12 14 5 2
* 8 2 2
cob=(4)
cfi=(175)
cfn=(1348)
calls=2 0 
* 42 6 8 0 0 2 0 0 2 8 3 2
fi=(221)
100 2
fi=(222)
+51 2 0 0 1 0 0 1
fi=(218)
314 2 0 2
fi=(221)
100 8 0 8 0 0 1
fi=(222)
+51 2 0 2
cob=(4)
cfi=(175)
cfn=(1354)
calls=2 0 
* 124 34 20 0 2 0 0 0 0 16 4 4
fi=(219)
398 2 2
fi=(222)
151 2
fi=(221)
1693 2
fi=(219)
397 2 2
fi=(221)
116 2 0 2
+1 2 0 2 1 0 0 1
fe=(226)
+26 2
fi=(219)
398 2 0 2
fi=(221)
115 4 0 2
fi=(227)
-16 388 0 0 0 0 0 0 0 0 194
fi=(218)
387 196 0 196
fe=(226)
146 392
fi=(218)
388 196 0 196
fe=(226)
147 196
-3 392 0 0 0 0 0 0 0 0 196 10
fi=(218)
268 2 2
-2 2 0 2 0 0 1
fi=(221)
100 2
fi=(222)
+51 2 0 0 1 0 0 1
fi=(218)
267 2 0 2
+1 2 0 2
+1 2 0 2
+1 2 0 2
fi=(221)
100 6 0 6 0 0 1
fi=(222)
+51 2 0 2
cob=(4)
cfi=(175)
cfn=(1354)
calls=2 0 
* 408 86 42 1 2 1 1 0 1 64 18 4
* 2
fi=(219)
398 2 2 0 1 0 0 1
fi=(221)
+2 2
-2 2 0 2
fi=(222)
172 2
fi=(221)
400 2 0 2
fi=(219)
-2 2 2
fi=(222)
172 2
fi=(219)
398 2 0 2
fi=(221)
605 2 0 2
fi=(222)
172 2 0 2
cob=(4)
cfi=(175)
cfn=(1358)
calls=2 0 
* 190 56 28 0 6 0 0 0 0 24 0 6
fe=(226)
-1 24 18 0 1 0 0 1 0 0 2

ob=(5)
fl=(178)
fn=(1554) 0x0000000000001060
0 5 1 0 2 0 0 1 0 0 1 1

fn=(592)
0 12 1 0 3 0 0 3 0 0 1 1

fn=(1544)
0 9 3 2 1 2 0 0 0 0 2
cob=(4)
cfi=(175)
cfn=(1550) 0x000000000483d030
calls=1 0 
0 134 31 13 1 0 0 0 0 0 36 11 1 1
0 1 0 1
cfn=(1554)
calls=1 0 
0 5 1 0 2 0 0 1 0 0 1 1
0 3 2 1 1

ob=(4)
fl=(175)
fn=(666)
0 2 1 0 1 1 0 1 0 0 0 0 1 1
cob=(7)
cfi=(185)
cfn=(670)
calls=1 0 
0 71802 21274 9644 324 439 107 321 91 94 11587 546 887 127
cob=(1)
cfi=(186)
cfn=(642)
calls=1 71 
0 702 245 127 0 6 1 0 1 1 92 7 1 1
0 5 2 2 1 0 0 1 0 0 0 0 1

fn=(672)
0 14 7 0 1 0 0 1 0 0 0 0 7 2
cob=(7)
cfi=(185)
cfn=(676)
calls=7 0 
0 21 7 0 1 0 0 1
cob=(1)
cfi=(186)
cfn=(642)
calls=1 71 
0 812 259 127 0 11 3 0 2 0 109 6 1 1
0 5 2 2 0 0 0 0 0 0 0 0 1

fn=(762)
0 2 1 0 1 1 0 1 0 0 0 0 1 1
cob=(7)
cfi=(185)
cfn=(766)
calls=1 0 
0 157 35 33 13 3 0 13 0 0 4 1 2
cob=(1)
cfi=(186)
cfn=(642)
calls=1 71 
0 962 288 127 0 7 0 0 2 0 135 3 1 1
0 5 2 2 1 0 0 1 0 0 0 0 1

fn=(846)
0 2 1 0 1 1 0 1 0 0 0 0 1 1
cob=(7)
cfi=(185)
cfn=(850)
calls=1 0 
0 109 30 31 6 0 0 6 0 0 14 10
cob=(1)
cfi=(186)
cfn=(642)
calls=1 71 
0 1050 303 127 0 7 0 0 1 0 150 4 1 1
0 5 2 2 1 0 0 1 0 0 0 0 1

fn=(852)
0 2 1 0 1 0 0 1 0 0 0 0 1 1
cob=(7)
cfi=(185)
cfn=(856)
calls=1 0 
0 1176 335 171 17 12 1 17 3 1 145 4 6 2
cob=(1)
cfi=(186)
cfn=(642)
calls=1 71 
0 885 276 127 0 7 0 0 0 0 123 5 1 1
0 5 2 2 0 0 0 0 0 0 0 0 1

fn=(1136)
0 58 29 0 1 7 0 1 0 0 0 0 29 2
cob=(2)
cfi=(204)
cfn=(1140)
calls=29 3294 
0 6312 1130 788 70 118 86 68 15 63 1080 176 12 1
cob=(1)
cfi=(186)
cfn=(642)
calls=1 71 
0 858 294 139 4 14 0 0 1 0 121 11 2 2
0 5 2 2 1 0 0 1 0 0 0 0 1

fn=(1590)
0 4 2 0 1 1 0 0 0 0 0 0 2 2
cob=(7)
cfi=(185)
cfn=(1594)
calls=2 0 
0 4 2
cob=(1)
cfi=(186)
cfn=(642)
calls=1 71 
0 760 250 127 2 30 14 0 5 0 101 10 1 1
0 5 2 2 1 1 0 1 0 0 0 0 1

fn=(636)
0 2 1 0 1 1 0 1 0 0 0 0 1 1
cob=(7)
cfi=(185)
cfn=(648)
calls=1 0 
0 83471 24956 11841 400 545 158 395 114 125 12994 673 1005 158
cob=(1)
cfi=(186)
cfn=(642)
calls=1 71 
0 718 247 127 12 13 7 12 0 0 95 8 1 1
0 5 2 2 1 1 0 1 0 0 0 0 1 1

fn=(1310)
0 7 2 0 1 0 0 1 0 0 1 1

fn=(798)
0 512 256 0 1 1 0 1 0 0 0 0 256 2
cob=(2)
cfi=(194)
cfn=(802)
calls=256 32 
0 11136 3712 1408 6 6 0 6 0 0 1664 9 128 1
cob=(1)
cfi=(186)
cfn=(642)
calls=1 71 
0 734 274 132 0 7 0 0 1 0 100 5 1 1
0 5 2 2 1 0 0 1 0 0 0 0 1

fn=(808)
0 24 12 0 1 1 0 1 0 0 0 0 12 11
cob=(7)
cfi=(185)
cfn=(812)
calls=12 0 
0 4218 946 321 17 20 0 17 8 0 649 61 129 31
cob=(1)
cfi=(186)
cfn=(642)
calls=1 71 
0 814 263 127 0 8 0 0 3 0 112 8 1 1
0 5 2 2 1 0 0 1 0 0 0 0 1

fn=(814)
0 20 10 0 1 1 0 1 0 0 0 0 10 10
cob=(2)
cfi=(197)
cfn=(818)
calls=10 26 
0 3300 646 187 9 11 0 9 5 0 487 39 117 20
cob=(1)
cfi=(186)
cfn=(642)
calls=1 71 
0 747 276 132 0 8 0 0 3 0 102 7 1 1
0 5 2 2 1 0 0 1 0 0 0 0 1

fn=(890)
0 2 1 0 1 1 0 1 0 0 0 0 1 1
cob=(7)
cfi=(185)
cfn=(894)
calls=1 0 
0 114 38 31 4 0 1 4 0 0 13 7
cob=(1)
cfi=(186)
cfn=(642)
calls=1 71 
0 1002 295 127 0 9 0 0 3 0 142 4 1 1
0 5 2 2 1 0 0 1 0 0 0 0 1

fn=(1018)
0 2 1 0 0 1 0 0 0 0 0 0 1 1
cob=(7)
cfi=(185)
cfn=(1022)
calls=1 0 
0 3 1 1 1 0 1 1
cob=(1)
cfi=(186)
cfn=(642)
calls=1 71 
0 734 250 127 0 6 0 0 2 0 98 3 1 1
0 5 2 2 1 0 0 1 0 0 0 0 1

fn=(1032)
0 8 4 0 1 1 0 1 0 0 0 0 4 2
cob=(7)
cfi=(185)
cfn=(1036)
calls=4 0 
0 3859 1299 680 19 36 0 19 8 0 463 40 40 12
cob=(1)
cfi=(186)
cfn=(642)
calls=1 71 
0 1025 298 127 0 8 0 0 1 0 149 8 1 1
0 5 2 2 1 0 0 0 0 0 0 0 1

fn=(1044)
0 16 8 0 1 1 0 1 0 0 0 0 8 2
cob=(7)
cfi=(185)
cfn=(1048)
calls=8 0 
0 184 64 32 2 0 0 2 0 0 16 8
cob=(1)
cfi=(186)
cfn=(642)
calls=1 71 
0 694 243 127 0 7 0 0 1 0 91 3 1 1
0 5 2 2 1 0 0 1 0 0 0 0 1

fn=(1068)
0 8 4 0 1 1 0 1 0 0 0 0 4 2
cob=(7)
cfi=(185)
cfn=(1072)
calls=4 0 
0 224 100 36 2 0 0 2 0 0 12 3 12
cob=(1)
cfi=(186)
cfn=(642)
calls=1 71 
0 985 292 127 0 7 0 0 2 0 140 5 1 1
0 5 2 2 1 0 0 1 0 0 0 0 1

fn=(1108)
0 2 1 0 1 0 0 1 0 0 0 0 1 1
cob=(7)
cfi=(185)
cfn=(1112)
calls=1 0 
0 3 1 0 1 0 0 1
cob=(1)
cfi=(186)
cfn=(642)
calls=1 71 
0 740 247 127 0 6 0 0 0 0 98 6 1 1
0 5 2 2 1 0 0 0 0 0 0 0 1

fn=(1368)
0 56 28 0 1 5 0 1 0 0 0 0 28 2
cob=(2)
cfi=(204)
cfn=(1372)
calls=28 3359 
0 3076 908 503 23 48 2 23 1 0 467 48
cob=(1)
cfi=(186)
cfn=(642)
calls=1 71 
0 818 288 139 0 34 0 0 0 0 114 13 2 2
0 5 2 2 1 0 0 1 0 0 0 0 1

fn=(1614)
0 20 10 0 1 1 0 1 0 0 0 0 10 2
cob=(2)
cfi=(244)
cfn=(1618)
calls=10 32 
0 660 230 120 8 9 0 8 2 0 100 21 10 1
cob=(1)
cfi=(186)
cfn=(642)
calls=1 71 
0 730 274 132 0 26 0 0 7 0 99 9 1 1
0 5 2 2 1 0 0 1 0 0 0 0 1

fn=(684)
0 28 14 0 1 1 0 1 0 0 0 0 14 2
cob=(7)
cfi=(185)
cfn=(688)
calls=14 0 
0 3212 1026 486 23 45 3 23 16 0 423 41 25 9
cob=(1)
cfi=(186)
cfn=(642)
calls=1 71 
0 826 264 127 0 7 1 0 2 0 115 7 1 1
0 5 2 2 1 0 0 1 0 0 0 0 1

fn=(690)
0 28 14 0 1 1 0 1 0 0 0 0 14 2
cob=(2)
cfi=(188)
cfn=(694)
calls=14 136 
0 1968 631 297 20 25 3 20 9 0 273 25 7 5
cob=(1)
cfi=(186)
cfn=(642)
calls=1 71 
0 1001 323 145 0 19 0 0 7 0 136 16 3 2
0 5 2 2 1 0 0 1 0 0 0 0 1

fn=(710)
0 2 1 0 1 1 0 1 0 0 0 0 1 1
cob=(2)
cfi=(190)
cfn=(714)
calls=1 43 
0 40 12 9 6 0 0 6 0 0 6 2
cob=(1)
cfi=(186)
cfn=(642)
calls=1 71 
0 771 279 132 0 13 1 0 5 0 107 8 1 1
0 5 2 2 1 0 0 1 0 0 0 0 1

fn=(564)
0 40 20 0 2 2 0 1 0 0 0 0 20 2
cob=(1)
cfi=(11)
cfn=(28)
calls=20 387 
0 469 80 20 1 36 0 0 16 0 60 24

fn=(602)
0 2 1 0 1 1 0 1 0 0 0 0 1 1
cob=(2)
cfi=(181)
cfn=(604)
calls=1 53 
0 22 2 0 2 1 0 2 1 0 3 1

fn=(756)
0 2 1 0 1 1 0 1 0 0 0 0 1 1
cob=(7)
cfi=(185)
cfn=(760)
calls=1 0 
0 1155 333 172 17 11 0 17 2 0 139 4 6 3
cob=(1)
cfi=(186)
cfn=(642)
calls=1 71 
0 877 275 127 0 8 0 0 1 0 121 5 1 1
0 5 2 2 1 0 0 1 0 0 0 0 1

fn=(828)
0 2 1 0 0 0 0 0 0 0 0 0 1 1
cob=(7)
cfi=(185)
cfn=(832)
calls=1 0 
0 44 13 10 2 0 2 2 0 2 2 0 2
cob=(1)
cfi=(186)
cfn=(642)
calls=1 71 
0 782 258 127 0 7 0 0 2 0 106 5 1 1
0 5 2 2 1 0 0 1 0 0 0 0 1

fn=(1056)
0 8 4 0 1 1 0 1 0 0 0 0 4 2
cob=(7)
cfi=(185)
cfn=(1060)
calls=4 0 
0 224 100 36 3 1 0 3 0 0 12 8 12
cob=(1)
cfi=(186)
cfn=(642)
calls=1 71 
0 985 292 127 0 8 0 0 3 0 140 5 1 1
0 5 2 2 1 0 0 1 0 0 0 0 1

fn=(1076)
0 22 11 0 1 1 0 1 0 0 0 0 11 2
cob=(2)
cfi=(200)
cfn=(1080)
calls=11 67 
0 832 176 199 7 3 6 7 1 5 109 14
cob=(1)
cfi=(186)
cfn=(642)
calls=1 71 
0 902 301 139 4 21 0 0 5 0 129 12 2 2
0 5 2 2 1 0 0 1 0 0 0 0 1

fn=(1092)
0 4 2 0 0 0 0 0 0 0 0 0 2 2
cob=(7)
cfi=(185)
cfn=(1096)
calls=2 0 
0 10 4 2 1 0 0 1
cob=(1)
cfi=(186)
cfn=(642)
calls=1 71 
0 744 248 127 1 10 0 0 2 0 97 6 1 1
0 5 2 2 0 0 0 0 0 0 0 0 1

fn=(1320)
0 2 1 0 1 1 0 1 0 0 0 0 1 1
cob=(1)
cfi=(48)
cfn=(1322)
calls=1 118 
0 5 2 0 1 1 0 1 0 0 1

fn=(1348)
0 32 16 0 1 4 0 1 0 0 0 0 16 1
cob=(2)
cfi=(220)
cfn=(1350)
calls=16 158 
0 353256 32 352952 4 10 5546 4 0 4135 352948 55

fn=(1354)
0 28 14 0 0 5 0 0 0 0 0 0 14 1
cob=(7)
cfi=(185)
cfn=(1342)
calls=14 0 
0 1870 406 217 3 54 18 3 0 4 280 55 14

fn=(1358)
0 28 14 0 1 0 0 1 0 0 0 0 14 1
cob=(7)
cfi=(185)
cfn=(1360)
calls=14 0 
0 2736 899 466 14 109 21 13 4 0 358 29 33 7

fn=(1694)
0 4 1 0 1 0 0 1

fn=(608)
0 7 2 0 1 1 0 1 0 0 1 1

fn=(768)
0 2 1 0 1 1 0 1 0 0 0 0 1 1
cob=(7)
cfi=(185)
cfn=(772)
calls=1 0 
0 51 15 12 2 1 0 2 0 0 2 0 3
cob=(1)
cfi=(186)
cfn=(642)
calls=1 71 
0 745 253 127 0 6 0 0 0 0 98 4 1 1
0 5 2 2 1 0 0 1 0 0 0 0 1

fn=(786)
0 4 2 0 1 0 0 1 0 0 0 0 2 2
cob=(2)
cfi=(192)
cfn=(790)
calls=2 30 
0 44 18 8 3 3 0 3 0 0 2 2
cob=(1)
cfi=(186)
cfn=(642)
calls=1 71 
0 771 279 132 0 16 0 0 6 0 107 7 1 1
0 5 2 2 1 0 0 1 0 0 0 0 1

fn=(792)
0 256 128 0 1 1 0 1 0 0 0 0 128 2
cob=(2)
cfi=(193)
cfn=(796)
calls=128 30 
0 3200 1024 640 2 0 0 2 0 0 384
cob=(1)
cfi=(186)
cfn=(642)
calls=1 71 
0 859 293 139 3 17 0 0 4 0 120 12 2 2
0 5 2 2 1 0 0 1 0 0 0 0 1

fn=(864)
0 2 1 0 1 0 0 1 0 0 0 0 1 1
cob=(7)
cfi=(185)
cfn=(868)
calls=1 0 
0 51 15 12 1 1 1 1 0 1 2 0 3
cob=(1)
cfi=(186)
cfn=(642)
calls=1 71 
0 745 253 127 0 6 0 0 1 0 98 4 1 1
0 5 2 2 1 0 0 1 0 0 0 0 1

fn=(938)
0 2 1 0 1 1 0 1 0 0 0 0 1 1
cob=(7)
cfi=(185)
cfn=(942)
calls=1 0 
0 353 75 75 5 0 0 5 0 0 64 19
cob=(1)
cfi=(186)
cfn=(642)
calls=1 71 
0 938 284 127 0 5 0 0 0 0 132 4 1 1
0 5 2 2 1 0 0 1 0 0 0 0 1

fn=(1648)
0 6 3 0 1 0 0 1 0 0 0 0 3 3
cob=(7)
cfi=(185)
cfn=(1652)
calls=3 0 
0 213 82 43 2 1 0 2 0 0 24 5 5
cob=(1)
cfi=(186)
cfn=(642)
calls=1 71 
0 917 281 127 0 8 0 0 4 0 128 4 1 1
0 5 2 2 0 0 0 0 0 0 0 0 1

fn=(1649)
0 2 1 0 0 0 0 0 0 0 0 0 1
cob=(7)
cfi=(185)
cfn=(1653)
calls=1 0 
0 22 8 6 0 0 0 0 0 0 2 1

fn=(1624)
0 4 2 0 1 1 0 1 0 0 0 0 2 2
cob=(7)
cfi=(185)
cfn=(1628)
calls=2 0 
0 1677 591 275 11 39 1 7 13 0 225 11 9 7
cob=(1)
cfi=(186)
cfn=(642)
calls=1 71 
0 722 248 127 0 7 0 0 3 0 95 6 1 1
0 5 2 2 1 0 0 1 0 0 0 0 1

fn=(618)
0 7 2 0 1 1 0 1 0 0 1 1

fn=(720)
0 64 32 0 1 1 0 1 0 0 0 0 32 2
cob=(7)
cfi=(185)
cfn=(724)
calls=32 0 
0 13455 3993 513 10 14 0 10 8 0 3390 61 34 5
cob=(1)
cfi=(186)
cfn=(642)
calls=1 71 
0 942 284 127 0 7 0 0 3 0 134 8 1 1
0 5 2 2 1 0 0 1 0 0 0 0 1

fn=(732)
0 2 1 0 1 1 0 1 0 0 0 0 1 1
cob=(7)
cfi=(185)
cfn=(736)
calls=1 0 
0 44 13 10 2 1 1 2 0 1 2 0 2 2
cob=(1)
cfi=(186)
cfn=(642)
calls=1 71 
0 782 258 127 0 6 0 0 1 0 106 5 1 1
0 5 2 2 1 0 0 1 0 0 0 0 1

fn=(738)
0 2 1 0 1 1 0 1 0 0 0 0 1 1
cob=(7)
cfi=(185)
cfn=(742)
calls=1 0 
0 417 138 76 5 5 0 5 3 0 64 18
cob=(1)
cfi=(186)
cfn=(642)
calls=1 71 
0 1002 294 127 0 9 0 0 2 0 144 6 1 1
0 5 2 2 1 0 0 1 0 0 0 0 1

fn=(820)
0 138 69 0 2 2 0 1 0 0 0 0 69 11
cob=(2)
cfi=(198)
cfn=(822)
calls=69 52 
0 966 138 0 1 6 0 1 6 0 138 3

fn=(872)
0 2 1 0 1 0 0 1 0 0 0 0 1 1
cob=(7)
cfi=(185)
cfn=(876)
calls=1 0 
0 417 138 76 5 0 0 5 0 0 64 15
cob=(1)
cfi=(186)
cfn=(642)
calls=1 71 
0 930 283 127 0 9 1 0 1 0 130 4 1 1
0 5 2 2 1 0 0 1 0 0 0 0 1

fn=(926)
0 2 1 0 1 1 0 1 0 0 0 0 1 1
cob=(7)
cfi=(185)
cfn=(930)
calls=1 0 
0 51 15 12 2 0 1 2 0 1 2 0 3
cob=(1)
cfi=(186)
cfn=(642)
calls=1 71 
0 713 247 127 0 7 0 0 1 0 94 6 1 1
0 5 2 2 1 0 0 1 0 0 0 0 1

fn=(956)
0 2 1 0 1 1 0 1 0 0 0 0 1 1
cob=(7)
cfi=(185)
cfn=(960)
calls=1 0 
0 109 30 31 5 0 0 5 0 0 14 2
cob=(1)
cfi=(186)
cfn=(642)
calls=1 71 
0 1034 299 127 0 9 0 0 2 0 150 5 1 1
0 5 2 2 1 0 0 1 0 0 0 0 1

fn=(1118)
0 2 1 0 1 1 0 1 0 0 0 0 1 1
cob=(2)
cfi=(201)
cfn=(1122)
calls=1 28 
0 981 264 18 13 68 0 12 36 0 246 42 12 2
cob=(1)
cfi=(186)
cfn=(642)
calls=1 71 
0 913 300 139 4 21 0 0 4 0 122 13 3 3
0 5 2 2 1 0 0 1 0 0 0 0 1

fn=(1338)
0 28 14 0 1 4 0 1 0 0 0 0 14 2
cob=(7)
cfi=(185)
cfn=(1342)
calls=14 0 
0 3135 642 338 2 39 24 2 2 14 489 55 14 1
cob=(1)
cfi=(186)
cfn=(642)
calls=1 71 
0 654 243 134 0 10 13 0 0 0 83 10 1 1
0 5 2 2 1 0 0 0 0 0 0 0 1

fn=(1606)
0 6 3 0 1 1 0 1 0 0 0 0 3 2
cob=(7)
cfi=(185)
cfn=(1610)
calls=3 0 
0 213 82 43 3 1 0 3 0 0 24 9 5 1
cob=(1)
cfi=(186)
cfn=(642)
calls=1 71 
0 709 246 127 0 7 2 0 3 0 95 7 1 1
0 5 2 2 1 0 0 1 0 0 0 0 1

fn=(1607)
0 2 1 0 0 0 0 0 0 0 0 0 1
cob=(7)
cfi=(185)
cfn=(1611)
calls=1 0 
0 22 8 6 0 0 0 0 0 0 2

fn=(1702)
0 2 1 0 1 0 0 1 0 0 0 0 1 1
cob=(2)
cfi=(241)
cfn=(1526)
calls=1 30 
0 132 30 13 0 0 0 0 0 0 36 3

fn=(650)
0 44 22 0 1 2 0 1 0 0 0 0 22 2
cob=(7)
cfi=(185)
cfn=(654)
calls=22 0 
0 73936 22021 10063 334 455 111 331 95 96 11844 571 893 131
cob=(1)
cfi=(186)
cfn=(642)
calls=1 71 
0 674 240 127 0 6 1 0 2 0 88 10 1 1
0 5 2 2 1 0 0 1 0 0 0 0 1

fn=(744)
0 2 1 0 1 1 0 1 0 0 0 0 1 1
cob=(7)
cfi=(185)
cfn=(748)
calls=1 0 
0 114 38 31 6 2 0 6 1 0 13 10
cob=(1)
cfi=(186)
cfn=(642)
calls=1 71 
0 1066 305 127 0 10 0 0 2 0 154 4 1 1
0 5 2 2 1 0 0 1 0 0 0 0 1

fn=(780)
0 2 1 0 1 1 0 1 0 0 0 0 1 1
cob=(7)
cfi=(185)
cfn=(784)
calls=1 0 
0 25328 7221 3726 44 80 20 41 22 20 3666 120 664 54
cob=(1)
cfi=(186)
cfn=(642)
calls=1 71 
0 794 260 127 0 7 0 0 2 0 107 5 1 1
0 5 2 2 1 0 0 1 0 0 0 0 1

fn=(1026)
0 16 8 0 1 1 0 1 0 0 0 0 8 2
cob=(7)
cfi=(185)
cfn=(1030)
calls=8 0 
0 736 104 248 3 0 31 3 0 26 88 27 8
cob=(1)
cfi=(186)
cfn=(642)
calls=1 71 
0 678 241 127 0 7 0 0 1 0 88 5 1 1
0 5 2 2 1 0 0 1 0 0 0 0 1

fn=(1334)
0 28 14 0 1 2 0 1 0 0 0 0 14 1
cob=(7)
cfi=(185)
cfn=(1336)
calls=14 0 
0 3850 901 474 5 53 37 4 2 14 572 65 30 4

fn=(1362)
0 56 28 0 1 5 0 0 0 0 0 0 28 2
cob=(7)
cfi=(185)
cfn=(1366)
calls=28 0 
0 4011 1226 644 25 87 2 25 1 0 581 61 31 4
cob=(1)
cfi=(186)
cfn=(642)
calls=1 71 
0 606 229 127 0 37 20 0 3 0 76 8 1 1
0 5 2 2 1 1 0 1 0 0 0 0 1

fn=(1452)
0 28 14 0 0 0 0 0 0 0 0 0 14 1
cob=(7)
cfi=(185)
cfn=(1454)
calls=14 0 
0 1998 586 307 15 21 1 15 0 0 299 40 28

fn=(1550)
0 2 1 0 1 0 0 0 0 0 0 0 1 1
cob=(2)
cfi=(241)
cfn=(1526)
calls=1 30 
0 132 30 13 0 0 0 0 0 0 36 11

fn=(1630)
0 4 2 0 0 1 0 0 0 0 0 0 2 2
cob=(7)
cfi=(185)
cfn=(1634)
calls=2 0 
0 960 339 142 9 28 1 5 10 0 134 6 5 4
cob=(1)
cfi=(186)
cfn=(642)
calls=1 71 
0 690 242 127 0 9 0 0 3 0 91 5 1 1
0 5 2 2 1 0 0 1 0 0 0 0 1

fn=(1560)
0 4 1 0 1 0 0 1

fn=(678)
0 2 1 0 1 1 0 1 0 0 0 0 1 1
cob=(7)
cfi=(185)
cfn=(682)
calls=1 0 
0 3867 1211 656 30 55 13 30 18 9 577 68 15 10
cob=(1)
cfi=(186)
cfn=(642)
calls=1 71 
0 702 245 127 0 7 0 0 0 0 92 7 1 1
0 5 2 2 1 0 0 1 0 0 0 0 1

fn=(774)
0 2 1 0 1 1 0 1 0 0 0 0 1 1
cob=(7)
cfi=(185)
cfn=(778)
calls=1 0 
0 26175 7496 3866 48 88 21 45 24 21 3775 125 669 56
cob=(1)
cfi=(186)
cfn=(642)
calls=1 71 
0 686 242 127 0 7 0 0 2 0 90 4 1 1
0 5 2 2 1 0 0 1 0 0 0 0 1

fn=(834)
0 2 1 0 1 1 0 1 0 0 0 0 1 1
cob=(7)
cfi=(185)
cfn=(838)
calls=1 0 
0 353 75 75 5 1 3 5 1 3 64 15
cob=(1)
cfi=(186)
cfn=(642)
calls=1 71 
0 978 291 127 0 8 0 0 2 0 138 5 1 1
0 5 2 2 1 0 0 1 0 0 0 0 1

fn=(992)
0 2 1 0 1 1 0 1 0 0 0 0 1 1
cob=(7)
cfi=(185)
cfn=(996)
calls=1 0 
0 51 15 12 2 0 0 2 0 0 2 0 3
cob=(1)
cfi=(186)
cfn=(642)
calls=1 71 
0 713 247 127 0 6 0 0 1 0 94 5 1 1
0 5 2 2 1 0 0 1 0 0 0 0 1

fn=(1062)
0 8 4 0 1 1 0 1 0 0 0 0 4 2
cob=(7)
cfi=(185)
cfn=(1066)
calls=4 0 
0 1722 558 297 6 8 0 6 2 0 180 13 34 3
cob=(1)
cfi=(186)
cfn=(642)
calls=1 71 
0 985 293 127 0 8 0 0 4 0 139 6 1 1
0 5 2 2 1 0 0 1 0 0 0 0 1

fn=(1126)
0 22 11 0 1 1 0 1 0 0 0 0 11 1
cob=(2)
cfi=(203)
cfn=(1128)
calls=11 206 
0 294 55 0 7 4 0 7 4 0 47 13

fn=(1386)
0 10006 5003 0 1 4999 0 1 0 0 0 0 5003 1
cob=(2)
cfi=(225)
cfn=(1388)
calls=5003 255 
0 55033 15009 10006 2 5001 4999 2 0 0 10006 8

fn=(1664)
0 4 1 0 1 0 0 1

fn=(1636)
0 4 2 0 1 1 0 1 0 0 0 0 2 2
cob=(1)
cfi=(247)
cfn=(1640)
calls=2 29 
0 24 14 0 2 3 0 2 0 0 4
cob=(1)
cfi=(186)
cfn=(642)
calls=1 71 
0 911 317 136 4 24 1 0 10 0 130 6 2 2
0 5 2 2 1 0 0 1 0 0 0 0 1

fn=(858)
0 2 1 0 1 1 0 1 0 0 0 0 1 1
cob=(7)
cfi=(185)
cfn=(862)
calls=1 0 
0 154 34 32 13 2 0 13 0 0 4 1 2
cob=(1)
cfi=(186)
cfn=(642)
calls=1 71 
0 986 291 127 0 8 0 0 3 0 141 3 1 1
0 5 2 2 1 0 0 1 0 0 0 0 1

fn=(902)
0 2 1 0 1 1 0 1 0 0 0 0 1 1
cob=(7)
cfi=(185)
cfn=(906)
calls=1 0 
0 115 38 31 6 0 1 6 0 0 13 7
cob=(1)
cfi=(186)
cfn=(642)
calls=1 71 
0 1018 297 127 0 9 0 0 1 0 146 6 1 1
0 5 2 2 1 0 0 1 0 0 0 0 1

fn=(968)
0 2 1 0 1 1 0 1 0 0 0 0 1 1
cob=(7)
cfi=(185)
cfn=(972)
calls=1 0 
0 109 30 31 6 0 0 6 0 0 14 8
cob=(1)
cfi=(186)
cfn=(642)
calls=1 71 
0 1010 296 127 0 8 0 0 0 0 144 5 1 1
0 5 2 2 1 0 0 1 0 0 0 0 1

fn=(1524)
0 2 1 0 1 0 0 1 0 0 0 0 1 1
cob=(2)
cfi=(241)
cfn=(1526)
calls=1 30 
0 132 30 13 8 7 1 8 1 1 36 13

fn=(1642)
0 6 3 0 1 1 0 1 0 0 0 0 3 2
cob=(7)
cfi=(185)
cfn=(1646)
calls=3 0 
0 1593 546 244 8 21 0 8 4 0 212 18 25 9
cob=(1)
cfi=(186)
cfn=(642)
calls=1 71 
0 873 274 127 0 7 0 0 3 0 120 3 1 1
0 5 2 2 1 0 0 1 0 0 0 0 1

fn=(1643)
0 2 1 0 0 0 0 0 0 0 0 0 1
cob=(7)
cfi=(185)
cfn=(1647)
calls=1 0 
0 136 54 24 0 0 0 0 0 0 17 2 4

fn=(1684)
0 2 1 0 1 0 0 1 0 0 0 0 1 1
cob=(2)
cfi=(241)
cfn=(1526)
calls=1 30 
0 132 30 13 0 1 0 0 0 0 36 3

fn=(1712)
0 4 1 0 1 0 0 1

fn=(630)
0 7 2 0 1 1 0 1 0 0 1

fn=(1540)
0 4 1 0 1 0 0 1

fn=(1568)
0 2 1 0 1 0 0 1 0 0 0 0 1 1
cob=(2)
cfi=(241)
cfn=(1526)
calls=1 30 
0 8839 3065 1483 60 185 18 53 45 0 1211 104 84 45

fn=(588)
0 7 2 0 1 0 0 1 0 0 1

fn=(704)
0 2 1 0 1 1 0 1 0 0 0 0 1 1
cob=(7)
cfi=(185)
cfn=(708)
calls=1 0 
0 832 297 147 9 14 1 9 5 0 114 10 3 2
cob=(1)
cfi=(186)
cfn=(642)
calls=1 71 
0 970 289 127 0 7 2 0 2 0 138 9 1 1
0 5 2 2 1 0 0 1 0 0 0 0 1

fn=(726)
0 172 86 0 1 1 0 1 0 0 0 0 86 4
cob=(7)
cfi=(185)
cfn=(730)
calls=86 0 
0 948 316 96 2 8 0 2 7 0 134 18
cob=(1)
cfi=(186)
cfn=(642)
calls=1 71 
0 714 247 127 0 5 0 0 1 0 94 7 1 1
0 5 2 2 1 0 0 1 0 0 0 0 1

fn=(750)
0 2 1 0 1 1 0 1 0 0 0 0 1 1
cob=(7)
cfi=(185)
cfn=(754)
calls=1 0 
0 115 38 31 5 0 0 5 0 0 13 8
cob=(1)
cfi=(186)
cfn=(642)
calls=1 71 
0 1066 305 127 0 5 0 0 0 0 154 4 1 1
0 5 2 2 1 0 0 1 0 0 0 0 1

fn=(824)
0 98 49 0 1 1 0 1 0 0 0 0 49 10
cob=(2)
cfi=(199)
cfn=(826)
calls=49 73 
0 1048 225 0 3 0 0 3 0 0 196 24

fn=(840)
0 2 1 0 1 1 0 1 0 0 0 0 1 1
cob=(7)
cfi=(185)
cfn=(844)
calls=1 0 
0 109 30 31 5 0 0 5 0 0 14 6
cob=(1)
cfi=(186)
cfn=(642)
calls=1 71 
0 1082 307 127 0 9 0 0 2 0 158 5 1 1
0 5 2 2 1 0 0 1 0 0 0 0 1

fn=(1038)
0 16 8 0 1 1 0 1 0 0 0 0 8 2
cob=(7)
cfi=(185)
cfn=(1042)
calls=8 0 
0 2202 771 434 10 18 0 10 3 0 243 28 28 6
cob=(1)
cfi=(186)
cfn=(642)
calls=1 71 
0 722 248 127 0 7 0 0 2 0 96 4 1 1
0 5 2 2 1 0 0 1 0 0 0 0 1

fn=(1050)
0 16 8 0 1 0 0 1 0 0 0 0 8 2
cob=(7)
cfi=(185)
cfn=(1054)
calls=8 0 
0 96 40 16 2 0 0 2 0 0 8 4
cob=(1)
cfi=(186)
cfn=(642)
calls=1 71 
0 706 244 127 0 9 0 0 1 0 96 7 1 1
0 5 2 2 0 0 0 0 0 0 0 0 1

fn=(1600)
0 6 3 0 1 1 0 1 0 0 0 0 3 2
cob=(7)
cfi=(185)
cfn=(1604)
calls=3 0 
0 4458 1600 774 32 104 3 28 28 0 594 58 34 16
cob=(1)
cfi=(186)
cfn=(642)
calls=1 71 
0 681 241 127 0 9 0 0 4 0 90 5 1 1
0 5 2 2 1 0 0 1 0 0 0 0 1

fn=(1601)
0 2 1 0 0 0 0 0 0 0 0 0 1
cob=(7)
cfi=(185)
cfn=(1605)
calls=1 0 
0 136 54 24 0 0 0 0 0 0 17 5 4 1

totals: 1731683930 624973391 96731526 2063 6943393 6784655 1980 7224 5910 384932081 19627 10366 1129
